Workbook

Sheet MER 04 FEV
A2: ABENGOUROU - 04 FEV 2026
C3: 10 | D3: 3 | E3: 2 | F3: 2 | G3: 3 | H3: 3 | I3: 1 | J3: 1 | K3: 1 | L3: 1 | M3: =+H3 -> 3 | N3: 1 | O3: =+H3 -> 3 | R3: =+(2*M3)/12 -> 0.5 | S3: =+(1*I3)/6 -> 0.16666667 | T3: =+(2*I3)/20 -> 0.1 | U3: =+(2*H3)/10 -> 0.6 | V3: =+(3*I3)/20 -> 0.15
C5: OBJECTIFS JOURNALIERS | W5: REALISATIONS | BD5: Commentaires | BE5: Impressions des PDV et des clients
A6: N° | B6: Agent promoteur | C6: Nombre de visite / Type de PDV | H6: Nombre de référencement / Type de PDV | M6: Pose de matériel de visibilité | R6: Vente en cartons | W6: Nombre de visite / Type de PDV | AB6: Présence produits antérieure | AG6: Nombre de référencement / Type de PDV | AL6: Nouveau Référencement par SKU | AQ6: Vente en cartons | AV6: Pose de matériel de visibilité | BA6: Gratuits offerts en sachet
C7: Boutique | D7: Superette | E7: Kiosque | F7: Tablier | G7: Pushcart | H7: Boutique | I7: Superette | J7: Kiosque | K7: Tablier | L7: Pushcart | M7: Affiche Biblos Lait Prémium 16g & 360g | N7: Affiche Biblos Lait Excellence | O7: Affiche Biblos Flocons d' Avoine | P7: Hanger | Q7: Wobbler | R7: Biblos Lait Premium 16g | S7: Biblos Lait Premium 360g | T7: Biblos Lait Excellence 900g | U7: Biblos Flocon d'avoine 50g | V7: Biblos Flocon d'avoine 400g | W7: Boutique | X7: Superette | Y7: Kiosque | Z7: Tablier | AA7: Pushcart | AB7: Biblos Lait Premium 16g | AC7: Biblos Lait Premium 360g | AD7: Biblos Lait Excellence 900g | AE7: Biblos Flocon d'avoine 50g | AF7: Biblos Flocon d'avoine 400g | AG7: Boutique | AH7: Superette | AI7: Kiosque | AJ7: Tablier | AK7: Pushcart | AL7: Biblos Lait Premium 16g | AM7: Biblos Lait Premium 360g | AN7: Biblos Lait Excellence 900g | AO7: Biblos Flocon d'avoine 50g | AP7: Biblos Flocon d'avoine 400g | AQ7: Biblos Lait Premium 16g | AR7: Biblos Lait Premium 360g | AS7: Biblos Lait Excellence 900g | AT7: Biblos Flocon d'avoine 50g | AU7: Biblos Flocon d'avoine 400g | AV7: Affiche Biblos Lait Prémium 16g & 360g | AW7: Affiche Biblos Lait Excellence | AX7: Affiche Biblos Flocons d' Avoine | AY7: Hanger | AZ7: Wobbler | BA7: Biblos Lait Premium 16g | BB7: Biblos Lait Excellence 900g | BC7: Biblos Flocon d'avoine 50g
A8: 1 | B8: DIBI SIMEON | C8: =+C$3 -> 10 | D8: =+D$3 -> 3 | E8: =+E$3 -> 2 | F8: =+F$3 -> 2 | G8: =+G$3 -> 3 | H8: =+H$3 -> 3 | I8: =+I$3 -> 1 | J8: =+J$3 -> 1 | ... V8: =+V$3 -> 0.15 | W8: 21 | AB8: 2 | AE8: 1 | AG8: 4 | AQ8: 0.33 | AU8: 1.5 | AV8: 5 | AW8: 5 | AX8: 5 | BA8: 4 | BC8: 15
A9: 2 | B9: KRA EVAVARISTE | C9: =+C$3 -> 10 | D9: =+D$3 -> 3 | E9: =+E$3 -> 2 | F9: =+F$3 -> 2 | G9: =+G$3 -> 3 | H9: =+H$3 -> 3 | I9: =+I$3 -> 1 | J9: =+J$3 -> 1 | ... V9: =+V$3 -> 0.15 | W9: 22 | AE9: 1 | AF9: 1 | AG9: 4 | AQ9: 0.33 | AU9: 2 | AV9: 5 | AW9: 5 | AX9: 5 | BA9: 4 | BC9: 20
A10: 3 | B10: DIOMANDE ESTHER | C10: =+C$3 -> 10 | D10: =+D$3 -> 3 | E10: =+E$3 -> 2 | F10: =+F$3 -> 2 | G10: =+G$3 -> 3 | H10: =+H$3 -> 3 | I10: =+I$3 -> 1 | J10: =+J$3 -> 1 | ... V10: =+V$3 -> 0.15 | W10: 22 | AB10: 1 | AD10: 1 | AE10: 1 | AG10: 5 | AQ10: 0.5 | AU10: 2 | AV10: 5 | AW10: 5 | AX10: 5 | BA10: 6 | BC10: 20
A11: 4 | B11: BADA LANDRY | C11: =+C$3 -> 10 | D11: =+D$3 -> 3 | E11: =+E$3 -> 2 | F11: =+F$3 -> 2 | G11: =+G$3 -> 3 | H11: =+H$3 -> 3 | I11: =+I$3 -> 1 | J11: =+J$3 -> 1 | ... V11: =+V$3 -> 0.15 | W11: 25 | AF11: 1 | AG11: 2 | AQ11: 0.17 | AU11: 1 | AV11: 5 | AW11: 5 | AX11: 5 | BA11: 2 | BC11: 10
A12: 5 | B12: KOUAME JOSE | C12: =+C$3 -> 10 | D12: =+D$3 -> 3 | E12: =+E$3 -> 2 | F12: =+F$3 -> 2 | G12: =+G$3 -> 3 | H12: =+H$3 -> 3 | I12: =+I$3 -> 1 | J12: =+J$3 -> 1 | ... V12: =+V$3 -> 0.15 | W12: 23 | AB12: 1 | AE12: 1 | AF12: 1 | AG12: 4 | AQ12: 1 | AU12: 2 | AV12: 5 | AW12: 5 | AX12: 5 | BA12: 12 | BC12: 20
A13: 6 | B13: FANY BARAKISSA | C13: =+C$3 -> 10 | D13: =+D$3 -> 3 | E13: =+E$3 -> 2 | F13: =+F$3 -> 2 | G13: =+G$3 -> 3 | H13: =+H$3 -> 3 | I13: =+I$3 -> 1 | J13: =+J$3 -> 1 | ... V13: =+V$3 -> 0.15 | W13: 22 | AD13: 1 | AG13: 5 | AQ13: 0.42 | AU13: 2 | AV13: 5 | AW13: 5 | AX13: 5 | BA13: 5 | BC13: 20 | BD13: Lait 360g et 900g et 50g d'avoine indisponibles
A14: 7 | B14: KONAN IVETTE | C14: =+C$3 -> 10 | D14: =+D$3 -> 3 | E14: =+E$3 -> 2 | F14: =+F$3 -> 2 | G14: =+G$3 -> 3 | H14: =+H$3 -> 3 | I14: =+I$3 -> 1 | J14: =+J$3 -> 1 | ... V14: =+V$3 -> 0.15 | W14: 24 | AB14: 1 | AF14: 1 | AG14: 3 | AQ14: 0.5 | AU14: 1 | AV14: 5 | AW14: 5 | AX14: 5 | BA14: 6 | BC14: 10
A15: 8 | B15: KRA PACOME | C15: =+C$3 -> 10 | D15: =+D$3 -> 3 | E15: =+E$3 -> 2 | F15: =+F$3 -> 2 | G15: =+G$3 -> 3 | H15: =+H$3 -> 3 | I15: =+I$3 -> 1 | J15: =+J$3 -> 1 | ... V15: =+V$3 -> 0.15 | W15: 25 | AG15: 3 | AQ15: 0.5 | AU15: 2 | AV15: 5 | AW15: 5 | AX15: 5 | BA15: 6 | BC15: 20
A16: 9 | B16: KONATE MARIAM | C16: =+C$3 -> 10 | D16: =+D$3 -> 3 | E16: =+E$3 -> 2 | F16: =+F$3 -> 2 | G16: =+G$3 -> 3 | H16: =+H$3 -> 3 | I16: =+I$3 -> 1 | J16: =+J$3 -> 1 | ... V16: =+V$3 -> 0.15 | W16: 24 | AD16: 1 | AF16: 2 | AG16: 3 | AQ16: 1 | AU16: 1 | AV16: 5 | AW16: 5 | AX16: 5 | BA16: 12 | BC16: 10
A17: 10 | B17: KOUAKOU ROSE | C17: =+C$3 -> 10 | D17: =+D$3 -> 3 | E17: =+E$3 -> 2 | F17: =+F$3 -> 2 | G17: =+G$3 -> 3 | H17: =+H$3 -> 3 | I17: =+I$3 -> 1 | J17: =+J$3 -> 1 | ... V17: =+V$3 -> 0.15 | W17: 22 | AB17: 2 | AE17: 1 | AG17: 4 | AL17: 3 | AO17: 1 | AP17: 3 | AQ17: 0.42 | AU17: 2 | AV17: 5 | AW17: 5 | AX17: 5 | BA17: 5 | BC17: 20
A18: 11 | B18: OULAY WILFRIED | C18: =+C$3 -> 10 | D18: =+D$3 -> 3 | E18: =+E$3 -> 2 | F18: =+F$3 -> 2 | G18: =+G$3 -> 3 | H18: =+H$3 -> 3 | I18: =+I$3 -> 1 | J18: =+J$3 -> 1 | ... V18: =+V$3 -> 0.15 | W18: 25 | AD18: 1 | AG18: 3 | AL18: 2 | AN18: 1 | AP18: 1 | AQ18: 1 | AU18: 1 | AV18: 5 | AW18: 5 | AX18: 5 | BA18: 12 | BC18: 10
A19: 12 | B19: NGUESSAN INNOCENT | C19: =+C$3 -> 10 | D19: =+D$3 -> 3 | E19: =+E$3 -> 2 | F19: =+F$3 -> 2 | G19: =+G$3 -> 3 | H19: =+H$3 -> 3 | I19: =+I$3 -> 1 | J19: =+J$3 -> 1 | ... V19: =+V$3 -> 0.15 | W19: 24 | AB19: 1 | AE19: 1 | AF19: 1 | AG19: 2 | AL19: 2 | AO19: 1 | AP19: 2 | AQ19: 0.42 | AU19: 1 | AV19: 5 | AW19: 5 | AX19: 5 | BA19: 5 | BC19: 10
A20: 13 | B20: ARISTIDE KOUAME | C20: =+C$3 -> 10 | D20: =+D$3 -> 3 | E20: =+E$3 -> 2 | F20: =+F$3 -> 2 | G20: =+G$3 -> 3 | H20: =+H$3 -> 3 | I20: =+I$3 -> 1 | J20: =+J$3 -> 1 | ... V20: =+V$3 -> 0.15 | W20: 25 | AB20: 1 | AE20: 2 | AF20: 1 | AG20: 3 | AL20: 2 | AO20: 2 | AP20: 3 | AQ20: 0.5 | AU20: 2 | AV20: 5 | AW20: 5 | AX20: 5 | BA20: 6 | BC20: 10
A21: 14 | B21: ANGE STEPHANIE | C21: =+C$3 -> 10 | D21: =+D$3 -> 3 | E21: =+E$3 -> 2 | F21: =+F$3 -> 2 | G21: =+G$3 -> 3 | H21: =+H$3 -> 3 | I21: =+I$3 -> 1 | J21: =+J$3 -> 1 | ... V21: =+V$3 -> 0.15 | W21: 26 | AE21: 2 | AG21: 3 | AL21: 1 | AO21: 2 | AP21: 2 | AQ21: 0.25 | AU21: 2 | AV21: 5 | AW21: 5 | AX21: 5 | BA21: 3 | BC21: 20
A22: 15 | B22: KESSY GERMAIN | C22: =+C$3 -> 10 | D22: =+D$3 -> 3 | E22: =+E$3 -> 2 | F22: =+F$3 -> 2 | G22: =+G$3 -> 3 | H22: =+H$3 -> 3 | I22: =+I$3 -> 1 | J22: =+J$3 -> 1 | ... V22: =+V$3 -> 0.15 | W22: 20 | AE22: 1 | AF22: 1 | AG22: 3 | AL22: 1 | AO22: 1 | AP22: 3 | AQ22: 0.42 | AU22: 1 | AV22: 5 | AW22: 5 | AX22: 5 | BA22: 5 | BC22: 10
A23: 16 | B23: ADJO BAH | C23: =+C$3 -> 10 | D23: =+D$3 -> 3 | E23: =+E$3 -> 2 | F23: =+F$3 -> 2 | G23: =+G$3 -> 3 | H23: =+H$3 -> 3 | I23: =+I$3 -> 1 | J23: =+J$3 -> 1 | ... V23: =+V$3 -> 0.15 | W23: 23 | AB23: 1 | AE23: 2 | AG23: 3 | AL23: 2 | AO23: 2 | AP23: 2 | AQ23: 0.42 | AU23: 1 | AV23: 5 | AW23: 5 | AX23: 5 | BA23: 5 | BC23: 10
A24: 17 | B24: AMARA | C24: =+C$3 -> 10 | D24: =+D$3 -> 3 | E24: =+E$3 -> 2 | F24: =+F$3 -> 2 | G24: =+G$3 -> 3 | H24: =+H$3 -> 3 | I24: =+I$3 -> 1 | J24: =+J$3 -> 1 | ... V24: =+V$3 -> 0.15 | W24: 21 | AB24: 3 | AF24: 1 | AG24: 2 | AL24: 4 | AP24: 2 | AQ24: 0.42 | AU24: 1 | AV24: 5 | AW24: 5 | AX24: 5 | BA24: 5 | BC24: 10 | BD24: RUPTURE DE STOCK DES 360G, 900G ET 50G
A25: 18 | B25: AMAD ABOU | C25: =+C$3 -> 10 | D25: =+D$3 -> 3 | E25: =+E$3 -> 2 | F25: =+F$3 -> 2 | G25: =+G$3 -> 3 | H25: =+H$3 -> 3 | I25: =+I$3 -> 1 | J25: =+J$3 -> 1 | ... V25: =+V$3 -> 0.15 | W25: 20 | AB25: 1 | AD25: 1 | AF25: 1 | AG25: 2 | AL25: 2 | AN25: 1 | AP25: 2 | AQ25: 0.5 | AU25: 1 | AV25: 5 | AW25: 5 | AX25: 5 | BA25: 6 | BC25: 10
A26: 19 | C26: =+C$3 -> 10 | D26: =+D$3 -> 3 | E26: =+E$3 -> 2 | F26: =+F$3 -> 2 | G26: =+G$3 -> 3 | H26: =+H$3 -> 3 | I26: =+I$3 -> 1 | J26: =+J$3 -> 1 | ... V26: =+V$3 -> 0.15
A27: 20 | C27: =+C$3 -> 10 | D27: =+D$3 -> 3 | E27: =+E$3 -> 2 | F27: =+F$3 -> 2 | G27: =+G$3 -> 3 | H27: =+H$3 -> 3 | I27: =+I$3 -> 1 | J27: =+J$3 -> 1 | ... V27: =+V$3 -> 0.15
B28: TOTAL | C28: =SUM(C8:C27) -> 200 | D28: =SUM(D8:D27) -> 60 | E28: =SUM(E8:E27) -> 40 | F28: =SUM(F8:F27) -> 40 | G28: =SUM(G8:G27) -> 60 | H28: =SUM(H8:H27) -> 60 | I28: =SUM(I8:I27) -> 20 | J28: =SUM(J8:J27) -> 20 | ... BE28: =SUM(BE8:BE27) -> 0
AQ30: 9 ct 1 ch | AU30: 26.5
AQ33: =1/12 -> 0.083333333

Sheet JEU 05 FEV
A2: ABENGOUROU- 05 FEV 2026
C3: 10 | D3: 3 | E3: 2 | F3: 2 | G3: 3 | H3: 3 | I3: 1 | J3: 1 | K3: 1 | L3: 1 | M3: =+H3 -> 3 | N3: 1 | O3: =+H3 -> 3 | R3: =+(2*M3)/12 -> 0.5 | S3: =+(1*I3)/6 -> 0.16666667 | T3: =+(2*I3)/20 -> 0.1 | U3: =+(2*H3)/10 -> 0.6 | V3: =+(3*I3)/20 -> 0.15
C5: OBJECTIFS JOURNALIERS | W5: REALISATIONS | BD5: Commentaires | BE5: Impressions des PDV et des clients
A6: N° | B6: Agent promoteur | C6: Nombre de visite / Type de PDV | H6: Nombre de référencement / Type de PDV | M6: Pose de matériel de visibilité | R6: Vente en cartons | W6: Nombre de visite / Type de PDV | AB6: Présence produits antérieure | AG6: Nombre de référencement / Type de PDV | AL6: Nouveau Référencement par SKU | AQ6: Vente en cartons | AV6: Pose de matériel de visibilité | BA6: Gratuits offerts en sachet
C7: Boutique | D7: Superette | E7: Kiosque | F7: Tablier | G7: Pushcart | H7: Boutique | I7: Superette | J7: Kiosque | K7: Tablier | L7: Pushcart | M7: Affiche Biblos Lait Prémium 16g & 360g | N7: Affiche Biblos Lait Excellence | O7: Affiche Biblos Flocons d' Avoine | P7: Hanger | Q7: Wobbler | R7: Biblos Lait Premium 16g | S7: Biblos Lait Premium 360g | T7: Biblos Lait Excellence 900g | U7: Biblos Flocon d'avoine 50g | V7: Biblos Flocon d'avoine 400g | W7: Boutique | X7: Superette | Y7: Kiosque | Z7: Tablier | AA7: Pushcart | AB7: Biblos Lait Premium 16g | AC7: Biblos Lait Premium 360g | AD7: Biblos Lait Excellence 900g | AE7: Biblos Flocon d'avoine 50g | AF7: Biblos Flocon d'avoine 400g | AG7: Boutique | AH7: Superette | AI7: Kiosque | AJ7: Tablier | AK7: Pushcart | AL7: Biblos Lait Premium 16g | AM7: Biblos Lait Premium 360g | AN7: Biblos Lait Excellence 900g | AO7: Biblos Flocon d'avoine 50g | AP7: Biblos Flocon d'avoine 400g | AQ7: Biblos Lait Premium 16g | AR7: Biblos Lait Premium 360g | AS7: Biblos Lait Excellence 900g | AT7: Biblos Flocon d'avoine 50g | AU7: Biblos Flocon d'avoine 400g | AV7: Affiche Biblos Lait Prémium 16g & 360g | AW7: Affiche Biblos Lait Excellence | AX7: Affiche Biblos Flocons d' Avoine | AY7: Hanger | AZ7: Wobbler | BA7: Biblos Lait Premium 16g | BB7: Biblos Lait Excellence 900g | BC7: Biblos Flocon d'avoine 50g
A8: 1 | B8: DIBI SIMEON | C8: =+C$3 -> 10 | D8: =+D$3 -> 3 | E8: =+E$3 -> 2 | F8: =+F$3 -> 2 | G8: =+G$3 -> 3 | H8: =+H$3 -> 3 | I8: =+I$3 -> 1 | J8: =+J$3 -> 1 | ... V8: =+V$3 -> 0.15 | W8: 21 | AF8: 1 | AG8: 4 | AL8: 1 | AP8: 3 | AQ8: 0.5 | AU8: 1.5 | AV8: 5 | AW8: 5 | AX8: 5 | BA8: 6 | BC8: 15
A9: 2 | B9: KRA EVAVARISTE | C9: =+C$3 -> 10 | D9: =+D$3 -> 3 | E9: =+E$3 -> 2 | F9: =+F$3 -> 2 | G9: =+G$3 -> 3 | H9: =+H$3 -> 3 | I9: =+I$3 -> 1 | J9: =+J$3 -> 1 | ... V9: =+V$3 -> 0.15 | W9: 15 | AB9: 1 | AF9: 1 | AG9: 3 | AL9: 2 | AP9: 3 | AQ9: 0.5 | AU9: 2 | AV9: 5 | AW9: 5 | AX9: 5 | BA9: 6 | BC9: 20
A10: 3 | B10: DIOMANDE ESTHER | C10: =+C$3 -> 10 | D10: =+D$3 -> 3 | E10: =+E$3 -> 2 | F10: =+F$3 -> 2 | G10: =+G$3 -> 3 | H10: =+H$3 -> 3 | I10: =+I$3 -> 1 | J10: =+J$3 -> 1 | ... V10: =+V$3 -> 0.15 | W10: 10 | AE10: 2 | AG10: 3 | AL10: 1 | AO10: 2 | AP10: 2 | AQ10: 0.5 | AU10: 2 | AV10: 5 | AW10: 5 | AX10: 5 | BA10: 6 | BC10: 20
A11: 4 | B11: BADA LANDRY | C11: =+C$3 -> 10 | D11: =+D$3 -> 3 | E11: =+E$3 -> 2 | F11: =+F$3 -> 2 | G11: =+G$3 -> 3 | H11: =+H$3 -> 3 | I11: =+I$3 -> 1 | J11: =+J$3 -> 1 | ... V11: =+V$3 -> 0.15 | W11: 18 | AB11: 1 | AE11: 1 | AG11: 4 | AL11: 2 | AO11: 1 | AP11: 3 | AQ11: 0.5 | AU11: 2 | AV11: 5 | AW11: 5 | AX11: 5 | BA11: 6 | BC11: 20
A12: 5 | B12: KOUAME JOSE | C12: =+C$3 -> 10 | D12: =+D$3 -> 3 | E12: =+E$3 -> 2 | F12: =+F$3 -> 2 | G12: =+G$3 -> 3 | H12: =+H$3 -> 3 | I12: =+I$3 -> 1 | J12: =+J$3 -> 1 | ... V12: =+V$3 -> 0.15 | W12: 15 | AE12: 1 | AF12: 1 | AG12: 5 | AL12: 1 | AO12: 1 | AP12: 5 | AQ12: 0.5 | AU12: 2 | AV12: 5 | AW12: 5 | AX12: 5 | BA12: 6 | BC12: 20
A13: 6 | B13: FANY BARAKISSA | C13: =+C$3 -> 10 | D13: =+D$3 -> 3 | E13: =+E$3 -> 2 | F13: =+F$3 -> 2 | G13: =+G$3 -> 3 | H13: =+H$3 -> 3 | I13: =+I$3 -> 1 | J13: =+J$3 -> 1 | ... V13: =+V$3 -> 0.15 | W13: 16 | AB13: 2 | AC13: 2 | AF13: 1 | AG13: 3 | AL13: 1 | AP13: 2 | AQ13: 0.5 | AU13: 2 | AV13: 5 | AW13: 5 | AX13: 5 | BA13: 6 | BC13: 20
A14: 7 | B14: KONAN IVETTE | C14: =+C$3 -> 10 | D14: =+D$3 -> 3 | E14: =+E$3 -> 2 | F14: =+F$3 -> 2 | G14: =+G$3 -> 3 | H14: =+H$3 -> 3 | I14: =+I$3 -> 1 | J14: =+J$3 -> 1 | ... V14: =+V$3 -> 0.15 | W14: 20 | AB14: 1 | AE14: 1 | AF14: 2 | AG14: 4 | AL14: 2 | AO14: 1 | AP14: 4 | AQ14: 0.5 | AU14: 2 | AV14: 5 | AW14: 5 | AX14: 5 | BA14: 6 | BC14: 20
A15: 8 | B15: KRA PACOME | C15: =+C$3 -> 10 | D15: =+D$3 -> 3 | E15: =+E$3 -> 2 | F15: =+F$3 -> 2 | G15: =+G$3 -> 3 | H15: =+H$3 -> 3 | I15: =+I$3 -> 1 | J15: =+J$3 -> 1 | ... V15: =+V$3 -> 0.15 | W15: 20 | AB15: 1 | AF15: 1 | AG15: 4 | AL15: 1 | AP15: 3 | AQ15: 0.5 | AU15: 2 | AV15: 5 | AW15: 5 | AX15: 5 | BA15: 6 | BC15: 20 | BD15: RUPTURE DE STOCK DES 360G, 900G ET 50G
A16: 9 | B16: KONATE MARIAM | C16: =+C$3 -> 10 | D16: =+D$3 -> 3 | E16: =+E$3 -> 2 | F16: =+F$3 -> 2 | G16: =+G$3 -> 3 | H16: =+H$3 -> 3 | I16: =+I$3 -> 1 | J16: =+J$3 -> 1 | ... V16: =+V$3 -> 0.15 | W16: 17 | AB16: 2 | AF16: 1 | AG16: 4 | AL16: 3 | AP16: 4 | AQ16: 0.5 | AU16: 2 | AV16: 5 | AW16: 5 | AX16: 5 | BA16: 6 | BC16: 20
A17: 10 | B17: KOUAKOU ROSE | C17: =+C$3 -> 10 | D17: =+D$3 -> 3 | E17: =+E$3 -> 2 | F17: =+F$3 -> 2 | G17: =+G$3 -> 3 | H17: =+H$3 -> 3 | I17: =+I$3 -> 1 | J17: =+J$3 -> 1 | ... V17: =+V$3 -> 0.15 | W17: 16 | AB17: 3 | AD17: 1 | AE17: 1 | AG17: 3 | AL17: 4 | AN17: 1 | AO17: 1 | AP17: 2 | AQ17: 0.5 | AU17: 2 | AV17: 5 | AW17: 5 | AX17: 5 | BA17: 6 | BC17: 20
A18: 11 | B18: OULAY WILFRIED | C18: =+C$3 -> 10 | D18: =+D$3 -> 3 | E18: =+E$3 -> 2 | F18: =+F$3 -> 2 | G18: =+G$3 -> 3 | H18: =+H$3 -> 3 | I18: =+I$3 -> 1 | J18: =+J$3 -> 1 | ... V18: =+V$3 -> 0.15 | W18: 18 | AF18: 2 | AG18: 3 | AL18: 1 | AP18: 4 | AQ18: 0.5 | AU18: 1.5 | AV18: 5 | AW18: 5 | AX18: 5 | BA18: 20 | BC18: 15
A19: 12 | B19: NGUESSAN INNOCENT | C19: =+C$3 -> 10 | D19: =+D$3 -> 3 | E19: =+E$3 -> 2 | F19: =+F$3 -> 2 | G19: =+G$3 -> 3 | H19: =+H$3 -> 3 | I19: =+I$3 -> 1 | J19: =+J$3 -> 1 | ... V19: =+V$3 -> 0.15 | W19: 15 | AD19: 1 | AF19: 1 | AG19: 3 | AL19: 1 | AN19: 1 | AP19: 2 | AQ19: 0.5 | AU19: 2 | AV19: 5 | AW19: 5 | AX19: 5 | BA19: 20 | BC19: 20
A20: 13 | B20: ARISTIDE KOUAME | C20: =+C$3 -> 10 | D20: =+D$3 -> 3 | E20: =+E$3 -> 2 | F20: =+F$3 -> 2 | G20: =+G$3 -> 3 | H20: =+H$3 -> 3 | I20: =+I$3 -> 1 | J20: =+J$3 -> 1 | ... V20: =+V$3 -> 0.15 | W20: 17 | AD20: 1 | AE20: 1 | AG20: 3 | AL20: 1 | AN20: 1 | AO20: 1 | AP20: 2 | AQ20: 0.5 | AU20: 1.5 | AV20: 5 | AW20: 5 | AX20: 5 | BA20: 6 | BC20: 15
A21: 14 | B21: ANGE STEPHANIE | C21: =+C$3 -> 10 | D21: =+D$3 -> 3 | E21: =+E$3 -> 2 | F21: =+F$3 -> 2 | G21: =+G$3 -> 3 | H21: =+H$3 -> 3 | I21: =+I$3 -> 1 | J21: =+J$3 -> 1 | ... V21: =+V$3 -> 0.15 | W21: 18 | AB21: 1 | AF21: 2 | AG21: 4 | AL21: 1 | AP21: 4 | AQ21: 0.5 | AU21: 2 | AV21: 5 | AW21: 5 | AX21: 5 | BA21: 6 | BC21: 20
A22: 15 | B22: KESSY GERMAIN | C22: =+C$3 -> 10 | D22: =+D$3 -> 3 | E22: =+E$3 -> 2 | F22: =+F$3 -> 2 | G22: =+G$3 -> 3 | H22: =+H$3 -> 3 | I22: =+I$3 -> 1 | J22: =+J$3 -> 1 | ... V22: =+V$3 -> 0.15 | W22: 23 | AD22: 1 | AG22: 5 | AL22: 2 | AN22: 1 | AP22: 3 | AQ22: 0.92 | AU22: 3 | AV22: 5 | AW22: 5 | AX22: 5 | BA22: 11 | BC22: 30
A23: 16 | B23: ADJO BAH | C23: =+C$3 -> 10 | D23: =+D$3 -> 3 | E23: =+E$3 -> 2 | F23: =+F$3 -> 2 | G23: =+G$3 -> 3 | H23: =+H$3 -> 3 | I23: =+I$3 -> 1 | J23: =+J$3 -> 1 | ... V23: =+V$3 -> 0.15 | W23: 20 | AB23: 1 | AE23: 1 | AF23: 1 | AG23: 2 | AL23: 2 | AO23: 1 | AP23: 2 | AQ23: 0.5 | AU23: 1 | AV23: 5 | AW23: 5 | AX23: 5 | BA23: 6 | BC23: 10
A24: 17 | B24: AMARA | C24: =+C$3 -> 10 | D24: =+D$3 -> 3 | E24: =+E$3 -> 2 | F24: =+F$3 -> 2 | G24: =+G$3 -> 3 | H24: =+H$3 -> 3 | I24: =+I$3 -> 1 | J24: =+J$3 -> 1 | ... V24: =+V$3 -> 0.15 | W24: 20 | AB24: 2 | AE24: 1 | AG24: 3 | AL24: 3 | AN24: 1 | AP24: 2 | AU24: 2 | AV24: 5 | AW24: 5 | AX24: 5 | BC24: 20
A25: 18 | B25: AMAD ABOU | C25: =+C$3 -> 10 | D25: =+D$3 -> 3 | E25: =+E$3 -> 2 | F25: =+F$3 -> 2 | G25: =+G$3 -> 3 | H25: =+H$3 -> 3 | I25: =+I$3 -> 1 | J25: =+J$3 -> 1 | ... V25: =+V$3 -> 0.15 | W25: 19 | AB25: 2 | AE25: 1 | AG25: 2 | AP25: 2 | AQ25: 0.5 | AU25: 2 | AV25: 5 | AW25: 5 | AX25: 5 | BA25: 6 | BC25: 20
A26: 19 | C26: =+C$3 -> 10 | D26: =+D$3 -> 3 | E26: =+E$3 -> 2 | F26: =+F$3 -> 2 | G26: =+G$3 -> 3 | H26: =+H$3 -> 3 | I26: =+I$3 -> 1 | J26: =+J$3 -> 1 | ... V26: =+V$3 -> 0.15
A27: 20 | C27: =+C$3 -> 10 | D27: =+D$3 -> 3 | E27: =+E$3 -> 2 | F27: =+F$3 -> 2 | G27: =+G$3 -> 3 | H27: =+H$3 -> 3 | I27: =+I$3 -> 1 | J27: =+J$3 -> 1 | ... V27: =+V$3 -> 0.15
C28: =SUM(C8:C27) -> 200 | D28: =SUM(D8:D27) -> 60 | E28: =SUM(E8:E27) -> 40 | F28: =SUM(F8:F27) -> 40 | G28: =SUM(G8:G27) -> 60 | H28: =SUM(H8:H27) -> 60 | I28: =SUM(I8:I27) -> 20 | J28: =SUM(J8:J27) -> 20 | ... BE28: =SUM(BE8:BE27) -> 0

Sheet Synthèse semaine
B2: VILLE
C3: 10 | D3: 3 | E3: 2 | F3: 2 | G3: 3 | H3: 3 | I3: 1 | J3: 1 | K3: 1 | L3: 1 | M3: =+H3 -> 3 | N3: 1 | O3: =+H3 -> 3 | R3: =+(2*M3)/12 -> 0.5 | S3: =+(1*I3)/6 -> 0.16666667 | T3: =+(2*I3)/20 -> 0.1 | U3: =+(2*H3)/10 -> 0.6 | V3: =+(3*I3)/20 -> 0.15
C5: OBJECTIFS JOURNALIERS | W5: REALISATIONS | BD5: Commentaires | BE5: Impressions des PDV et des clients
A6: N° | B6: Agent promoteur | C6: Nombre de visite / Type de PDV | H6: Nombre de référencement / Type de PDV | M6: Pose de matériel de visibilité | R6: Vente en cartons | W6: Nombre de visite / Type de PDV | AB6: Présence produits antérieure | AG6: Nombre de référencement / Type de PDV | AL6: Nouveau Référencement par SKU | AQ6: Vente en cartons | AV6: Pose de matériel de visibilité | BA6: Gratuits offerts en sachet
C7: Boutique | D7: Superette | E7: Kiosque | F7: Tablier | G7: Pushcart | H7: Boutique | I7: Superette | J7: Kiosque | K7: Tablier | L7: Pushcart | M7: Affiche Biblos Lait Prémium 16g & 360g | N7: Affiche Biblos Lait Excellence | O7: Affiche Biblos Flocons d' Avoine | P7: Hanger | Q7: Wobbler | R7: Biblos Lait Premium 16g | S7: Biblos Lait Premium 360g | T7: Biblos Lait Excellence 900g | U7: Biblos Flocon d'avoine 50g | V7: Biblos Flocon d'avoine 400g | W7: Boutique | X7: Superette | Y7: Kiosque | Z7: Tablier | AA7: Pushcart | AB7: Biblos Lait Premium 16g | AC7: Biblos Lait Premium 360g | AD7: Biblos Lait Excellence 900g | AE7: Biblos Flocon d'avoine 50g | AF7: Biblos Flocon d'avoine 400g | AG7: Boutique | AH7: Superette | AI7: Kiosque | AJ7: Tablier | AK7: Pushcart | AL7: Biblos Lait Premium 16g | AM7: Biblos Lait Premium 360g | AN7: Biblos Lait Excellence 900g | AO7: Biblos Flocon d'avoine 50g | AP7: Biblos Flocon d'avoine 400g | AQ7: Biblos Lait Premium 16g | AR7: Biblos Lait Premium 360g | AS7: Biblos Lait Excellence 900g | AT7: Biblos Flocon d'avoine 50g | AU7: Biblos Flocon d'avoine 400g | AV7: Affiche Biblos Lait Prémium 16g & 360g | AW7: Affiche Biblos Lait Excellence | AX7: Affiche Biblos Flocons d' Avoine | AY7: Hanger | AZ7: Wobbler | BA7: Biblos Lait Premium 16g | BB7: Biblos Lait Excellence 900g | BC7: Biblos Flocon d'avoine 50g
A8: 1 | C8: =+C$3 -> 10 | D8: =+D$3 -> 3 | E8: =+E$3 -> 2 | F8: =+F$3 -> 2 | G8: =+G$3 -> 3 | H8: =+H$3 -> 3 | I8: =+I$3 -> 1 | J8: =+J$3 -> 1 | ... V8: =+V$3 -> 0.15 | W8: ='MER 04 FEV'!W8+'JEU 05 FEV'!W8+#REF!+#REF!+#REF!+#REF! -> #REF! | X8: ='MER 04 FEV'!X8+'JEU 05 FEV'!X8+#REF!+#REF!+#REF!+#REF! -> #REF! | Y8: ='MER 04 FEV'!Y8+'JEU 05 FEV'!Y8+#REF!+#REF!+#REF!+#REF! -> #REF! | Z8: ='MER 04 FEV'!Z8+'JEU 05 FEV'!Z8+#REF!+#REF!+#REF!+#REF! -> #REF! | AA8: ='MER 04 FEV'!AA8+'JEU 05 FEV'!AA8+#REF!+#REF!+#REF!+#REF! -> #REF! | AB8: ='MER 04 FEV'!AB8+'JEU 05 FEV'!AB8+#REF!+#REF!+#REF!+#REF! -> #REF! | AC8: ='MER 04 FEV'!AC8+'JEU 05 FEV'!AC8+#REF!+#REF!+#REF!+#REF! -> #REF! | AD8: ='MER 04 FEV'!AD8+'JEU 05 FEV'!AD8+#REF!+#REF!+#REF!+#REF! -> #REF! | ... BC8: ='MER 04 FEV'!BC8+'JEU 05 FEV'!BC8+#REF!+#REF!+#REF!+#REF! -> #REF!
A9: 2 | C9: =+C$3 -> 10 | D9: =+D$3 -> 3 | E9: =+E$3 -> 2 | F9: =+F$3 -> 2 | G9: =+G$3 -> 3 | H9: =+H$3 -> 3 | I9: =+I$3 -> 1 | J9: =+J$3 -> 1 | ... V9: =+V$3 -> 0.15 | W9: ='MER 04 FEV'!W9+'JEU 05 FEV'!W9+#REF!+#REF!+#REF!+#REF! -> #REF! | X9: ='MER 04 FEV'!X9+'JEU 05 FEV'!X9+#REF!+#REF!+#REF!+#REF! -> #REF! | Y9: ='MER 04 FEV'!Y9+'JEU 05 FEV'!Y9+#REF!+#REF!+#REF!+#REF! -> #REF! | Z9: ='MER 04 FEV'!Z9+'JEU 05 FEV'!Z9+#REF!+#REF!+#REF!+#REF! -> #REF! | AA9: ='MER 04 FEV'!AA9+'JEU 05 FEV'!AA9+#REF!+#REF!+#REF!+#REF! -> #REF! | AB9: ='MER 04 FEV'!AB9+'JEU 05 FEV'!AB9+#REF!+#REF!+#REF!+#REF! -> #REF! | AC9: ='MER 04 FEV'!AC9+'JEU 05 FEV'!AC9+#REF!+#REF!+#REF!+#REF! -> #REF! | AD9: ='MER 04 FEV'!AD9+'JEU 05 FEV'!AD9+#REF!+#REF!+#REF!+#REF! -> #REF! | ... BC9: ='MER 04 FEV'!BC9+'JEU 05 FEV'!BC9+#REF!+#REF!+#REF!+#REF! -> #REF!
A10: 3 | C10: =+C$3 -> 10 | D10: =+D$3 -> 3 | E10: =+E$3 -> 2 | F10: =+F$3 -> 2 | G10: =+G$3 -> 3 | H10: =+H$3 -> 3 | I10: =+I$3 -> 1 | J10: =+J$3 -> 1 | ... V10: =+V$3 -> 0.15 | W10: ='MER 04 FEV'!W10+'JEU 05 FEV'!W10+#REF!+#REF!+#REF!+#REF! -> #REF! | X10: ='MER 04 FEV'!X10+'JEU 05 FEV'!X10+#REF!+#REF!+#REF!+#REF! -> #REF! | Y10: ='MER 04 FEV'!Y10+'JEU 05 FEV'!Y10+#REF!+#REF!+#REF!+#REF! -> #REF! | Z10: ='MER 04 FEV'!Z10+'JEU 05 FEV'!Z10+#REF!+#REF!+#REF!+#REF! -> #REF! | AA10: ='MER 04 FEV'!AA10+'JEU 05 FEV'!AA10+#REF!+#REF!+#REF!+#REF! -> #REF! | AB10: ='MER 04 FEV'!AB10+'JEU 05 FEV'!AB10+#REF!+#REF!+#REF!+#REF! -> #REF! | AC10: ='MER 04 FEV'!AC10+'JEU 05 FEV'!AC10+#REF!+#REF!+#REF!+#REF! -> #REF! | AD10: ='MER 04 FEV'!AD10+'JEU 05 FEV'!AD10+#REF!+#REF!+#REF!+#REF! -> #REF! | ... BC10: ='MER 04 FEV'!BC10+'JEU 05 FEV'!BC10+#REF!+#REF!+#REF!+#REF! -> #REF!
A11: 4 | C11: =+C$3 -> 10 | D11: =+D$3 -> 3 | E11: =+E$3 -> 2 | F11: =+F$3 -> 2 | G11: =+G$3 -> 3 | H11: =+H$3 -> 3 | I11: =+I$3 -> 1 | J11: =+J$3 -> 1 | ... V11: =+V$3 -> 0.15 | W11: ='MER 04 FEV'!W11+'JEU 05 FEV'!W11+#REF!+#REF!+#REF!+#REF! -> #REF! | X11: ='MER 04 FEV'!X11+'JEU 05 FEV'!X11+#REF!+#REF!+#REF!+#REF! -> #REF! | Y11: ='MER 04 FEV'!Y11+'JEU 05 FEV'!Y11+#REF!+#REF!+#REF!+#REF! -> #REF! | Z11: ='MER 04 FEV'!Z11+'JEU 05 FEV'!Z11+#REF!+#REF!+#REF!+#REF! -> #REF! | AA11: ='MER 04 FEV'!AA11+'JEU 05 FEV'!AA11+#REF!+#REF!+#REF!+#REF! -> #REF! | AB11: ='MER 04 FEV'!AB11+'JEU 05 FEV'!AB11+#REF!+#REF!+#REF!+#REF! -> #REF! | AC11: ='MER 04 FEV'!AC11+'JEU 05 FEV'!AC11+#REF!+#REF!+#REF!+#REF! -> #REF! | AD11: ='MER 04 FEV'!AD11+'JEU 05 FEV'!AD11+#REF!+#REF!+#REF!+#REF! -> #REF! | ... BC11: ='MER 04 FEV'!BC11+'JEU 05 FEV'!BC11+#REF!+#REF!+#REF!+#REF! -> #REF!
A12: 5 | C12: =+C$3 -> 10 | D12: =+D$3 -> 3 | E12: =+E$3 -> 2 | F12: =+F$3 -> 2 | G12: =+G$3 -> 3 | H12: =+H$3 -> 3 | I12: =+I$3 -> 1 | J12: =+J$3 -> 1 | ... V12: =+V$3 -> 0.15 | W12: ='MER 04 FEV'!W12+'JEU 05 FEV'!W12+#REF!+#REF!+#REF!+#REF! -> #REF! | X12: ='MER 04 FEV'!X12+'JEU 05 FEV'!X12+#REF!+#REF!+#REF!+#REF! -> #REF! | Y12: ='MER 04 FEV'!Y12+'JEU 05 FEV'!Y12+#REF!+#REF!+#REF!+#REF! -> #REF! | Z12: ='MER 04 FEV'!Z12+'JEU 05 FEV'!Z12+#REF!+#REF!+#REF!+#REF! -> #REF! | AA12: ='MER 04 FEV'!AA12+'JEU 05 FEV'!AA12+#REF!+#REF!+#REF!+#REF! -> #REF! | AB12: ='MER 04 FEV'!AB12+'JEU 05 FEV'!AB12+#REF!+#REF!+#REF!+#REF! -> #REF! | AC12: ='MER 04 FEV'!AC12+'JEU 05 FEV'!AC12+#REF!+#REF!+#REF!+#REF! -> #REF! | AD12: ='MER 04 FEV'!AD12+'JEU 05 FEV'!AD12+#REF!+#REF!+#REF!+#REF! -> #REF! | ... BC12: ='MER 04 FEV'!BC12+'JEU 05 FEV'!BC12+#REF!+#REF!+#REF!+#REF! -> #REF!
A13: 6 | C13: =+C$3 -> 10 | D13: =+D$3 -> 3 | E13: =+E$3 -> 2 | F13: =+F$3 -> 2 | G13: =+G$3 -> 3 | H13: =+H$3 -> 3 | I13: =+I$3 -> 1 | J13: =+J$3 -> 1 | ... V13: =+V$3 -> 0.15 | W13: ='MER 04 FEV'!W13+'JEU 05 FEV'!W13+#REF!+#REF!+#REF!+#REF! -> #REF! | X13: ='MER 04 FEV'!X13+'JEU 05 FEV'!X13+#REF!+#REF!+#REF!+#REF! -> #REF! | Y13: ='MER 04 FEV'!Y13+'JEU 05 FEV'!Y13+#REF!+#REF!+#REF!+#REF! -> #REF! | Z13: ='MER 04 FEV'!Z13+'JEU 05 FEV'!Z13+#REF!+#REF!+#REF!+#REF! -> #REF! | AA13: ='MER 04 FEV'!AA13+'JEU 05 FEV'!AA13+#REF!+#REF!+#REF!+#REF! -> #REF! | AB13: ='MER 04 FEV'!AB13+'JEU 05 FEV'!AB13+#REF!+#REF!+#REF!+#REF! -> #REF! | AC13: ='MER 04 FEV'!AC13+'JEU 05 FEV'!AC13+#REF!+#REF!+#REF!+#REF! -> #REF! | AD13: ='MER 04 FEV'!AD13+'JEU 05 FEV'!AD13+#REF!+#REF!+#REF!+#REF! -> #REF! | ... BC13: ='MER 04 FEV'!BC13+'JEU 05 FEV'!BC13+#REF!+#REF!+#REF!+#REF! -> #REF!
A14: 7 | C14: =+C$3 -> 10 | D14: =+D$3 -> 3 | E14: =+E$3 -> 2 | F14: =+F$3 -> 2 | G14: =+G$3 -> 3 | H14: =+H$3 -> 3 | I14: =+I$3 -> 1 | J14: =+J$3 -> 1 | ... V14: =+V$3 -> 0.15 | W14: ='MER 04 FEV'!W14+'JEU 05 FEV'!W14+#REF!+#REF!+#REF!+#REF! -> #REF! | X14: ='MER 04 FEV'!X14+'JEU 05 FEV'!X14+#REF!+#REF!+#REF!+#REF! -> #REF! | Y14: ='MER 04 FEV'!Y14+'JEU 05 FEV'!Y14+#REF!+#REF!+#REF!+#REF! -> #REF! | Z14: ='MER 04 FEV'!Z14+'JEU 05 FEV'!Z14+#REF!+#REF!+#REF!+#REF! -> #REF! | AA14: ='MER 04 FEV'!AA14+'JEU 05 FEV'!AA14+#REF!+#REF!+#REF!+#REF! -> #REF! | AB14: ='MER 04 FEV'!AB14+'JEU 05 FEV'!AB14+#REF!+#REF!+#REF!+#REF! -> #REF! | AC14: ='MER 04 FEV'!AC14+'JEU 05 FEV'!AC14+#REF!+#REF!+#REF!+#REF! -> #REF! | AD14: ='MER 04 FEV'!AD14+'JEU 05 FEV'!AD14+#REF!+#REF!+#REF!+#REF! -> #REF! | ... BC14: ='MER 04 FEV'!BC14+'JEU 05 FEV'!BC14+#REF!+#REF!+#REF!+#REF! -> #REF!
A15: 8 | C15: =+C$3 -> 10 | D15: =+D$3 -> 3 | E15: =+E$3 -> 2 | F15: =+F$3 -> 2 | G15: =+G$3 -> 3 | H15: =+H$3 -> 3 | I15: =+I$3 -> 1 | J15: =+J$3 -> 1 | ... V15: =+V$3 -> 0.15 | W15: ='MER 04 FEV'!W15+'JEU 05 FEV'!W15+#REF!+#REF!+#REF!+#REF! -> #REF! | X15: ='MER 04 FEV'!X15+'JEU 05 FEV'!X15+#REF!+#REF!+#REF!+#REF! -> #REF! | Y15: ='MER 04 FEV'!Y15+'JEU 05 FEV'!Y15+#REF!+#REF!+#REF!+#REF! -> #REF! | Z15: ='MER 04 FEV'!Z15+'JEU 05 FEV'!Z15+#REF!+#REF!+#REF!+#REF! -> #REF! | AA15: ='MER 04 FEV'!AA15+'JEU 05 FEV'!AA15+#REF!+#REF!+#REF!+#REF! -> #REF! | AB15: ='MER 04 FEV'!AB15+'JEU 05 FEV'!AB15+#REF!+#REF!+#REF!+#REF! -> #REF! | AC15: ='MER 04 FEV'!AC15+'JEU 05 FEV'!AC15+#REF!+#REF!+#REF!+#REF! -> #REF! | AD15: ='MER 04 FEV'!AD15+'JEU 05 FEV'!AD15+#REF!+#REF!+#REF!+#REF! -> #REF! | ... BC15: ='MER 04 FEV'!BC15+'JEU 05 FEV'!BC15+#REF!+#REF!+#REF!+#REF! -> #REF!
A16: 9 | C16: =+C$3 -> 10 | D16: =+D$3 -> 3 | E16: =+E$3 -> 2 | F16: =+F$3 -> 2 | G16: =+G$3 -> 3 | H16: =+H$3 -> 3 | I16: =+I$3 -> 1 | J16: =+J$3 -> 1 | ... V16: =+V$3 -> 0.15 | W16: ='MER 04 FEV'!W16+'JEU 05 FEV'!W16+#REF!+#REF!+#REF!+#REF! -> #REF! | X16: ='MER 04 FEV'!X16+'JEU 05 FEV'!X16+#REF!+#REF!+#REF!+#REF! -> #REF! | Y16: ='MER 04 FEV'!Y16+'JEU 05 FEV'!Y16+#REF!+#REF!+#REF!+#REF! -> #REF! | Z16: ='MER 04 FEV'!Z16+'JEU 05 FEV'!Z16+#REF!+#REF!+#REF!+#REF! -> #REF! | AA16: ='MER 04 FEV'!AA16+'JEU 05 FEV'!AA16+#REF!+#REF!+#REF!+#REF! -> #REF! | AB16: ='MER 04 FEV'!AB16+'JEU 05 FEV'!AB16+#REF!+#REF!+#REF!+#REF! -> #REF! | AC16: ='MER 04 FEV'!AC16+'JEU 05 FEV'!AC16+#REF!+#REF!+#REF!+#REF! -> #REF! | AD16: ='MER 04 FEV'!AD16+'JEU 05 FEV'!AD16+#REF!+#REF!+#REF!+#REF! -> #REF! | ... BC16: ='MER 04 FEV'!BC16+'JEU 05 FEV'!BC16+#REF!+#REF!+#REF!+#REF! -> #REF!
A17: 10 | C17: =+C$3 -> 10 | D17: =+D$3 -> 3 | E17: =+E$3 -> 2 | F17: =+F$3 -> 2 | G17: =+G$3 -> 3 | H17: =+H$3 -> 3 | I17: =+I$3 -> 1 | J17: =+J$3 -> 1 | ... V17: =+V$3 -> 0.15 | W17: ='MER 04 FEV'!W17+'JEU 05 FEV'!W17+#REF!+#REF!+#REF!+#REF! -> #REF! | X17: ='MER 04 FEV'!X17+'JEU 05 FEV'!X17+#REF!+#REF!+#REF!+#REF! -> #REF! | Y17: ='MER 04 FEV'!Y17+'JEU 05 FEV'!Y17+#REF!+#REF!+#REF!+#REF! -> #REF! | Z17: ='MER 04 FEV'!Z17+'JEU 05 FEV'!Z17+#REF!+#REF!+#REF!+#REF! -> #REF! | AA17: ='MER 04 FEV'!AA17+'JEU 05 FEV'!AA17+#REF!+#REF!+#REF!+#REF! -> #REF! | AB17: ='MER 04 FEV'!AB17+'JEU 05 FEV'!AB17+#REF!+#REF!+#REF!+#REF! -> #REF! | AC17: ='MER 04 FEV'!AC17+'JEU 05 FEV'!AC17+#REF!+#REF!+#REF!+#REF! -> #REF! | AD17: ='MER 04 FEV'!AD17+'JEU 05 FEV'!AD17+#REF!+#REF!+#REF!+#REF! -> #REF! | ... BC17: ='MER 04 FEV'!BC17+'JEU 05 FEV'!BC17+#REF!+#REF!+#REF!+#REF! -> #REF!
A18: 11 | C18: =+C$3 -> 10 | D18: =+D$3 -> 3 | E18: =+E$3 -> 2 | F18: =+F$3 -> 2 | G18: =+G$3 -> 3 | H18: =+H$3 -> 3 | I18: =+I$3 -> 1 | J18: =+J$3 -> 1 | ... V18: =+V$3 -> 0.15 | W18: ='MER 04 FEV'!W18+'JEU 05 FEV'!W18+#REF!+#REF!+#REF!+#REF! -> #REF! | X18: ='MER 04 FEV'!X18+'JEU 05 FEV'!X18+#REF!+#REF!+#REF!+#REF! -> #REF! | Y18: ='MER 04 FEV'!Y18+'JEU 05 FEV'!Y18+#REF!+#REF!+#REF!+#REF! -> #REF! | Z18: ='MER 04 FEV'!Z18+'JEU 05 FEV'!Z18+#REF!+#REF!+#REF!+#REF! -> #REF! | AA18: ='MER 04 FEV'!AA18+'JEU 05 FEV'!AA18+#REF!+#REF!+#REF!+#REF! -> #REF! | AB18: ='MER 04 FEV'!AB18+'JEU 05 FEV'!AB18+#REF!+#REF!+#REF!+#REF! -> #REF! | AC18: ='MER 04 FEV'!AC18+'JEU 05 FEV'!AC18+#REF!+#REF!+#REF!+#REF! -> #REF! | AD18: ='MER 04 FEV'!AD18+'JEU 05 FEV'!AD18+#REF!+#REF!+#REF!+#REF! -> #REF! | ... BC18: ='MER 04 FEV'!BC18+'JEU 05 FEV'!BC18+#REF!+#REF!+#REF!+#REF! -> #REF!
A19: 12 | C19: =+C$3 -> 10 | D19: =+D$3 -> 3 | E19: =+E$3 -> 2 | F19: =+F$3 -> 2 | G19: =+G$3 -> 3 | H19: =+H$3 -> 3 | I19: =+I$3 -> 1 | J19: =+J$3 -> 1 | ... V19: =+V$3 -> 0.15 | W19: ='MER 04 FEV'!W19+'JEU 05 FEV'!W19+#REF!+#REF!+#REF!+#REF! -> #REF! | X19: ='MER 04 FEV'!X19+'JEU 05 FEV'!X19+#REF!+#REF!+#REF!+#REF! -> #REF! | Y19: ='MER 04 FEV'!Y19+'JEU 05 FEV'!Y19+#REF!+#REF!+#REF!+#REF! -> #REF! | Z19: ='MER 04 FEV'!Z19+'JEU 05 FEV'!Z19+#REF!+#REF!+#REF!+#REF! -> #REF! | AA19: ='MER 04 FEV'!AA19+'JEU 05 FEV'!AA19+#REF!+#REF!+#REF!+#REF! -> #REF! | AB19: ='MER 04 FEV'!AB19+'JEU 05 FEV'!AB19+#REF!+#REF!+#REF!+#REF! -> #REF! | AC19: ='MER 04 FEV'!AC19+'JEU 05 FEV'!AC19+#REF!+#REF!+#REF!+#REF! -> #REF! | AD19: ='MER 04 FEV'!AD19+'JEU 05 FEV'!AD19+#REF!+#REF!+#REF!+#REF! -> #REF! | ... BC19: ='MER 04 FEV'!BC19+'JEU 05 FEV'!BC19+#REF!+#REF!+#REF!+#REF! -> #REF!
... A27: 20 | C27: =+C$3 -> 10 | D27: =+D$3 -> 3 | E27: =+E$3 -> 2 | F27: =+F$3 -> 2 | G27: =+G$3 -> 3 | H27: =+H$3 -> 3 | I27: =+I$3 -> 1 | J27: =+J$3 -> 1 | ... V27: =+V$3 -> 0.15 | W27: ='MER 04 FEV'!W27+'JEU 05 FEV'!W27+#REF!+#REF!+#REF!+#REF! -> #REF! | X27: ='MER 04 FEV'!X27+'JEU 05 FEV'!X27+#REF!+#REF!+#REF!+#REF! -> #REF! | Y27: ='MER 04 FEV'!Y27+'JEU 05 FEV'!Y27+#REF!+#REF!+#REF!+#REF! -> #REF! | Z27: ='MER 04 FEV'!Z27+'JEU 05 FEV'!Z27+#REF!+#REF!+#REF!+#REF! -> #REF! | AA27: ='MER 04 FEV'!AA27+'JEU 05 FEV'!AA27+#REF!+#REF!+#REF!+#REF! -> #REF! | AB27: ='MER 04 FEV'!AB27+'JEU 05 FEV'!AB27+#REF!+#REF!+#REF!+#REF! -> #REF! | AC27: ='MER 04 FEV'!AC27+'JEU 05 FEV'!AC27+#REF!+#REF!+#REF!+#REF! -> #REF! | AD27: ='MER 04 FEV'!AD27+'JEU 05 FEV'!AD27+#REF!+#REF!+#REF!+#REF! -> #REF! | ... BC27: ='MER 04 FEV'!BC27+'JEU 05 FEV'!BC27+#REF!+#REF!+#REF!+#REF! -> #REF!
B28: TOTAL | C28: =SUM(C8:C27) -> 200 | D28: =SUM(D8:D27) -> 60 | E28: =SUM(E8:E27) -> 40 | F28: =SUM(F8:F27) -> 40 | G28: =SUM(G8:G27) -> 60 | H28: =SUM(H8:H27) -> 60 | I28: =SUM(I8:I27) -> 20 | J28: =SUM(J8:J27) -> 20 | ... BE28: =SUM(BE8:BE27) -> 0
