Workbook

Sheet SAM 07 FEV
A2: BONDOUKOU - 07 FEV 2026
C3: 10 | D3: 3 | E3: 2 | F3: 2 | G3: 3 | H3: 3 | I3: 1 | J3: 1 | K3: 1 | L3: 1 | M3: =+H3 -> 3 | N3: 1 | O3: =+H3 -> 3 | R3: =+(2*M3)/12 -> 0.5 | S3: =+(1*I3)/6 -> 0.16666667 | T3: =+(2*I3)/20 -> 0.1 | U3: =+(2*H3)/10 -> 0.6 | V3: =+(3*I3)/20 -> 0.15
C5: OBJECTIFS JOURNALIERS | W5: REALISATIONS | BD5: Commentaires | BE5: Impressions des PDV et des clients
A6: N° | B6: Agent promoteur | C6: Nombre de visite / Type de PDV | H6: Nombre de référencement / Type de PDV | M6: Pose de matériel de visibilité | R6: Vente en cartons | W6: Nombre de visite / Type de PDV | AB6: Présence produits antérieure | AG6: Nombre de référencement / Type de PDV | AL6: Nouveau Référencement par SKU | AQ6: Vente en cartons | AV6: Pose de matériel de visibilité | BA6: Gratuits offerts en sachet
C7: Boutique | D7: Superette | E7: Kiosque | F7: Tablier | G7: Pushcart | H7: Boutique | I7: Superette | J7: Kiosque | K7: Tablier | L7: Pushcart | M7: Affiche Biblos Lait Prémium 16g & 360g | N7: Affiche Biblos Lait Excellence | O7: Affiche Biblos Flocons d' Avoine | P7: Hanger | Q7: Wobbler | R7: Biblos Lait Premium 16g | S7: Biblos Lait Premium 360g | T7: Biblos Lait Excellence 900g | U7: Biblos Flocon d'avoine 50g | V7: Biblos Flocon d'avoine 400g | W7: Boutique | X7: Superette | Y7: Kiosque | Z7: Tablier | AA7: Pushcart | AB7: Biblos Lait Premium 16g | AC7: Biblos Lait Premium 360g | AD7: Biblos Lait Excellence 900g | AE7: Biblos Flocon d'avoine 50g | AF7: Biblos Flocon d'avoine 400g | AG7: Boutique | AH7: Superette | AI7: Kiosque | AJ7: Tablier | AK7: Pushcart | AL7: Biblos Lait Premium 16g | AM7: Biblos Lait Premium 360g | AN7: Biblos Lait Excellence 900g | AO7: Biblos Flocon d'avoine 50g | AP7: Biblos Flocon d'avoine 400g | AQ7: Biblos Lait Premium 16g | AR7: Biblos Lait Premium 360g | AS7: Biblos Lait Excellence 900g | AT7: Biblos Flocon d'avoine 50g | AU7: Biblos Flocon d'avoine 400g | AV7: Affiche Biblos Lait Prémium 16g & 360g | AW7: Affiche Biblos Lait Excellence | AX7: Affiche Biblos Flocons d' Avoine | AY7: Hanger | AZ7: Wobbler | BA7: Biblos Lait Premium 16g | BB7: Biblos Lait Excellence 900g | BC7: Biblos Flocon d'avoine 50g
A8: 1 | B8: DIBI SIMEON | C8: =+C$3 -> 10 | D8: =+D$3 -> 3 | E8: =+E$3 -> 2 | F8: =+F$3 -> 2 | G8: =+G$3 -> 3 | H8: =+H$3 -> 3 | I8: =+I$3 -> 1 | J8: =+J$3 -> 1 | ... V8: =+V$3 -> 0.15 | W8: 22 | AB8: 1 | AE8: 1 | AG8: 6 | AL8: 3 | AN8: 1 | AO8: 2 | AP8: 2 | AQ8: 1 | AS8: 0.15 | AT8: 0.5 | AU8: 1 | AV8: 5 | AW8: 5 | AX8: 5 | BA8: 18 | BC8: 15
A9: 2 | B9: KRA EVAVARISTE | C9: =+C$3 -> 10 | D9: =+D$3 -> 3 | E9: =+E$3 -> 2 | F9: =+F$3 -> 2 | G9: =+G$3 -> 3 | H9: =+H$3 -> 3 | I9: =+I$3 -> 1 | J9: =+J$3 -> 1 | ... V9: =+V$3 -> 0.15 | W9: 23 | AE9: 1 | AF9: 2 | AG9: 5 | AL9: 1 | AO9: 2 | AP9: 5 | AQ9: 0.5 | AS9: 0.15 | AU9: 2 | AV9: 5 | AW9: 5 | AX9: 5 | BA9: 12 | BC9: 20
A10: 3 | B10: DIOMANDE ESTHER | C10: =+C$3 -> 10 | D10: =+D$3 -> 3 | E10: =+E$3 -> 2 | F10: =+F$3 -> 2 | G10: =+G$3 -> 3 | H10: =+H$3 -> 3 | I10: =+I$3 -> 1 | J10: =+J$3 -> 1 | ... V10: =+V$3 -> 0.15 | W10: 25 | AB10: 1 | AD10: 1 | AE10: 2 | AG10: 5 | AL10: 2 | AN10: 1 | AO10: 2 | AP10: 3 | AQ10: 0.42 | AT10: 0.5 | AU10: 2 | AV10: 5 | AW10: 5 | AX10: 5 | BA10: 5 | BC10: 25
A11: 4 | B11: BADA LANDRY | C11: =+C$3 -> 10 | D11: =+D$3 -> 3 | E11: =+E$3 -> 2 | F11: =+F$3 -> 2 | G11: =+G$3 -> 3 | H11: =+H$3 -> 3 | I11: =+I$3 -> 1 | J11: =+J$3 -> 1 | ... V11: =+V$3 -> 0.15 | W11: 21 | AB11: 2 | AF11: 1 | AG11: 5 | AL11: 3 | AN11: 1 | AO11: 1 | AP11: 3 | AQ11: 0.42 | AS11: =3/20 -> 0.15 | AT11: 0.5 | AU11: 1.5 | AV11: 5 | AW11: 5 | AX11: 5 | BA11: 11 | BC11: 20
A12: 5 | B12: KOUAME JOSE | C12: =+C$3 -> 10 | D12: =+D$3 -> 3 | E12: =+E$3 -> 2 | F12: =+F$3 -> 2 | G12: =+G$3 -> 3 | H12: =+H$3 -> 3 | I12: =+I$3 -> 1 | J12: =+J$3 -> 1 | ... V12: =+V$3 -> 0.15 | W12: 18 | AB12: 2 | AG12: 3 | AL12: 2 | AO12: 1 | AP12: 2 | AT12: 0.6 | AU12: 2 | AV12: 5 | AW12: 5 | AX12: 5 | BC12: 26
A13: 6 | B13: FANY BARAKISSA | C13: =+C$3 -> 10 | D13: =+D$3 -> 3 | E13: =+E$3 -> 2 | F13: =+F$3 -> 2 | G13: =+G$3 -> 3 | H13: =+H$3 -> 3 | I13: =+I$3 -> 1 | J13: =+J$3 -> 1 | ... V13: =+V$3 -> 0.15 | W13: 20 | AE13: 2 | AF13: 1 | AG13: 3 | AL13: 1 | AO13: 3 | AP13: 2 | AQ13: 0.5 | AT13: 0.5 | AU13: 1 | AV13: 5 | AW13: 5 | AX13: 5 | BA13: 6 | BC13: 15
A14: 7 | B14: KONAN IVETTE | C14: =+C$3 -> 10 | D14: =+D$3 -> 3 | E14: =+E$3 -> 2 | F14: =+F$3 -> 2 | G14: =+G$3 -> 3 | H14: =+H$3 -> 3 | I14: =+I$3 -> 1 | J14: =+J$3 -> 1 | ... V14: =+V$3 -> 0.15 | W14: 19 | AF14: 1 | AG14: 5 | AL14: 1 | AO14: 1 | AP14: 4 | AQ14: 0.33 | AT14: 0.5 | AU14: 2 | AV14: 5 | AW14: 5 | AX14: 5 | BA14: 4 | BC14: 25
A15: 8 | B15: KRA PACOME | C15: =+C$3 -> 10 | D15: =+D$3 -> 3 | E15: =+E$3 -> 2 | F15: =+F$3 -> 2 | G15: =+G$3 -> 3 | H15: =+H$3 -> 3 | I15: =+I$3 -> 1 | J15: =+J$3 -> 1 | ... V15: =+V$3 -> 0.15 | W15: 19 | AB15: 1 | AE15: 1 | AF15: 1 | AG15: 3 | AL15: 2 | AO15: 1 | AP15: 3 | AQ15: 0.33 | AU15: 2 | AV15: 5 | AW15: 5 | AX15: 5 | BA15: 4 | BC15: 20
A16: 9 | B16: KONATE MARIAM | C16: =+C$3 -> 10 | D16: =+D$3 -> 3 | E16: =+E$3 -> 2 | F16: =+F$3 -> 2 | G16: =+G$3 -> 3 | H16: =+H$3 -> 3 | I16: =+I$3 -> 1 | J16: =+J$3 -> 1 | ... V16: =+V$3 -> 0.15 | W16: 17 | AF16: 3 | AG16: 5 | AL16: 1 | AO16: 1 | AP16: 6 | AQ16: 0.5 | AT16: 0.5 | AU16: 3 | AV16: 5 | AW16: 5 | AX16: 5 | BA16: 6 | BC16: 35
A17: 10 | B17: KOUAKOU ROSE | C17: =+C$3 -> 10 | D17: =+D$3 -> 3 | E17: =+E$3 -> 2 | F17: =+F$3 -> 2 | G17: =+G$3 -> 3 | H17: =+H$3 -> 3 | I17: =+I$3 -> 1 | J17: =+J$3 -> 1 | ... V17: =+V$3 -> 0.15 | W17: 18 | AB17: 1 | AE17: 2 | AF17: 1 | AG17: 5 | AL17: 2 | AO17: 4 | AP17: 3 | AQ17: 0.5 | AT17: 1 | AU17: 2 | AV17: 5 | AW17: 5 | AX17: 5 | BA17: 6 | BC17: 30
A18: 11 | B18: OULAY WILFRIED | C18: =+C$3 -> 10 | D18: =+D$3 -> 3 | E18: =+E$3 -> 2 | F18: =+F$3 -> 2 | G18: =+G$3 -> 3 | H18: =+H$3 -> 3 | I18: =+I$3 -> 1 | J18: =+J$3 -> 1 | ... V18: =+V$3 -> 0.15 | W18: 20 | AG18: 6 | AL18: 1 | AN18: 1 | AO18: 1 | AP18: 3 | AQ18: 0.83 | AS18: =2/20 -> 0.1 | AT18: 0.5 | AU18: 2 | AV18: 5 | AW18: 5 | AX18: 5 | BA18: 10 | BC18: 25
A19: 12 | B19: NGUESSAN INNOCENT | C19: =+C$3 -> 10 | D19: =+D$3 -> 3 | E19: =+E$3 -> 2 | F19: =+F$3 -> 2 | G19: =+G$3 -> 3 | H19: =+H$3 -> 3 | I19: =+I$3 -> 1 | J19: =+J$3 -> 1 | ... V19: =+V$3 -> 0.15 | W19: 21 | AB19: 1 | AD19: 1 | AE19: 1 | AF19: 1 | AG19: 4 | AL19: 2 | AN19: 1 | AO19: 2 | AP19: 3 | AQ19: 0.5 | AT19: 1 | AU19: 2 | AV19: 5 | AW19: 5 | AX19: 5 | BA19: 6 | BC19: 30
A20: 13 | B20: ARISTIDE KOUAME | C20: =+C$3 -> 10 | D20: =+D$3 -> 3 | E20: =+E$3 -> 2 | F20: =+F$3 -> 2 | G20: =+G$3 -> 3 | H20: =+H$3 -> 3 | I20: =+I$3 -> 1 | J20: =+J$3 -> 1 | ... V20: =+V$3 -> 0.15 | W20: 22 | AB20: 2 | AG20: 5 | AL20: 3 | AN20: 1 | AO20: 1 | AP20: 2 | AQ20: 0.42 | AS20: 0.15 | AT20: 0.5 | AU20: 2 | AV20: 5 | AW20: 5 | AX20: 5 | BA20: 11 | BC20: 25
A21: 14 | B21: ANGE STEPHANIE | C21: =+C$3 -> 10 | D21: =+D$3 -> 3 | E21: =+E$3 -> 2 | F21: =+F$3 -> 2 | G21: =+G$3 -> 3 | H21: =+H$3 -> 3 | I21: =+I$3 -> 1 | J21: =+J$3 -> 1 | ... V21: =+V$3 -> 0.15 | W21: 18 | AE21: 2 | AF21: 1 | AG21: 4 | AL21: 1 | AO21: 3 | AP21: 3 | AQ21: 0.5 | AT21: 1 | AU21: 2 | AV21: 5 | AW21: 5 | AX21: 5 | BA21: 6 | BC21: 30
A22: 15 | B22: KOUA BRUNOT | C22: =+C$3 -> 10 | D22: =+D$3 -> 3 | E22: =+E$3 -> 2 | F22: =+F$3 -> 2 | G22: =+G$3 -> 3 | H22: =+H$3 -> 3 | I22: =+I$3 -> 1 | J22: =+J$3 -> 1 | ... V22: =+V$3 -> 0.15 | W22: 17 | AB22: 1 | AF22: 1 | AG22: 4 | AL22: 2 | AO22: 1 | AP22: 3 | AQ22: 0.33 | AT22: 1 | AU22: 1.5 | AV22: 5 | AW22: 5 | AX22: 5 | BA22: 3 | BC22: 25
A23: 16 | B23: ASSEMIEN INESS | C23: =+C$3 -> 10 | D23: =+D$3 -> 3 | E23: =+E$3 -> 2 | F23: =+F$3 -> 2 | G23: =+G$3 -> 3 | H23: =+H$3 -> 3 | I23: =+I$3 -> 1 | J23: =+J$3 -> 1 | ... V23: =+V$3 -> 0.15 | W23: 20 | AD23: 1 | AE23: 1 | AG23: 6 | AL23: 1 | AN23: 2 | AO23: 2 | AP23: 3 | AQ23: 0.5 | AS23: 0.15 | AT23: 1 | AU23: 3 | AV23: 5 | AW23: 5 | AX23: 5 | BA23: 12 | BC23: 40
A24: 17 | B24: YOLANDE | C24: =+C$3 -> 10 | D24: =+D$3 -> 3 | E24: =+E$3 -> 2 | F24: =+F$3 -> 2 | G24: =+G$3 -> 3 | H24: =+H$3 -> 3 | I24: =+I$3 -> 1 | J24: =+J$3 -> 1 | ... V24: =+V$3 -> 0.15 | W24: 22 | AE24: 1 | AG24: 6 | AL24: 1 | AN24: 1 | AO24: 1 | AP24: 2 | AQ24: 0.42 | AS24: 0.15 | AT24: 0.5 | AU24: 2 | AV24: 5 | AW24: 5 | AX24: 5 | BA24: 11 | BC24: 25
A25: 18 | B25: SEYDOU | C25: =+C$3 -> 10 | D25: =+D$3 -> 3 | E25: =+E$3 -> 2 | F25: =+F$3 -> 2 | G25: =+G$3 -> 3 | H25: =+H$3 -> 3 | I25: =+I$3 -> 1 | J25: =+J$3 -> 1 | ... V25: =+V$3 -> 0.15 | W25: 25 | AB25: 1 | AF25: 1 | AG25: 4 | AL25: 2 | AO25: 1 | AP25: 3 | AQ25: 0.5 | AT25: 1 | AU25: 2 | AV25: 5 | AW25: 5 | AX25: 5 | BA25: 6 | BC25: 30
A26: 19 | C26: =+C$3 -> 10 | D26: =+D$3 -> 3 | E26: =+E$3 -> 2 | F26: =+F$3 -> 2 | G26: =+G$3 -> 3 | H26: =+H$3 -> 3 | I26: =+I$3 -> 1 | J26: =+J$3 -> 1 | ... V26: =+V$3 -> 0.15
A27: 20 | C27: =+C$3 -> 10 | D27: =+D$3 -> 3 | E27: =+E$3 -> 2 | F27: =+F$3 -> 2 | G27: =+G$3 -> 3 | H27: =+H$3 -> 3 | I27: =+I$3 -> 1 | J27: =+J$3 -> 1 | ... V27: =+V$3 -> 0.15
B28: TOTAL | C28: =SUM(C8:C27) -> 200 | D28: =SUM(D8:D27) -> 60 | E28: =SUM(E8:E27) -> 40 | F28: =SUM(F8:F27) -> 40 | G28: =SUM(G8:G27) -> 60 | H28: =SUM(H8:H27) -> 60 | I28: =SUM(I8:I27) -> 20 | J28: =SUM(J8:J27) -> 20 | ... BE28: =SUM(BE8:BE27) -> 0
AT40: 4

Sheet LUN 09 FEV
A2: BONDOUKOU - 08 FEV 2026
C3: 10 | D3: 3 | E3: 2 | F3: 2 | G3: 3 | H3: 3 | I3: 1 | J3: 1 | K3: 1 | L3: 1 | M3: =+H3 -> 3 | N3: 1 | O3: =+H3 -> 3 | R3: =+(2*M3)/12 -> 0.5 | S3: =+(1*I3)/6 -> 0.16666667 | T3: =+(2*I3)/20 -> 0.1 | U3: =+(2*H3)/10 -> 0.6 | V3: =+(3*I3)/20 -> 0.15 | AW3: =18/20 -> 0.9
C5: OBJECTIFS JOURNALIERS | W5: REALISATIONS | BD5: Commentaires | BE5: Impressions des PDV et des clients
A6: N° | B6: Agent promoteur | C6: Nombre de visite / Type de PDV | H6: Nombre de référencement / Type de PDV | M6: Pose de matériel de visibilité | R6: Vente en cartons | W6: Nombre de visite / Type de PDV | AB6: Présence produits antérieure | AG6: Nombre de référencement / Type de PDV | AL6: Nouveau Référencement par SKU | AQ6: Vente en cartons | AV6: Pose de matériel de visibilité | BA6: Gratuits offerts en sachet
C7: Boutique | D7: Superette | E7: Kiosque | F7: Tablier | G7: Pushcart | H7: Boutique | I7: Superette | J7: Kiosque | K7: Tablier | L7: Pushcart | M7: Affiche Biblos Lait Prémium 16g & 360g | N7: Affiche Biblos Lait Excellence | O7: Affiche Biblos Flocons d' Avoine | P7: Hanger | Q7: Wobbler | R7: Biblos Lait Premium 16g | S7: Biblos Lait Premium 360g | T7: Biblos Lait Excellence 900g | U7: Biblos Flocon d'avoine 50g | V7: Biblos Flocon d'avoine 400g | W7: Boutique | X7: Superette | Y7: Kiosque | Z7: Tablier | AA7: Pushcart | AB7: Biblos Lait Premium 16g | AC7: Biblos Lait Premium 360g | AD7: Biblos Lait Excellence 900g | AE7: Biblos Flocon d'avoine 50g | AF7: Biblos Flocon d'avoine 400g | AG7: Boutique | AH7: Superette | AI7: Kiosque | AJ7: Tablier | AK7: Pushcart | AL7: Biblos Lait Premium 16g | AM7: Biblos Lait Premium 360g | AN7: Biblos Lait Excellence 900g | AO7: Biblos Flocon d'avoine 50g | AP7: Biblos Flocon d'avoine 400g | AQ7: Biblos Lait Premium 16g | AR7: Biblos Lait Premium 360g | AS7: Biblos Lait Excellence 900g | AT7: Biblos Flocon d'avoine 50g | AU7: Biblos Flocon d'avoine 400g | AV7: Affiche Biblos Lait Prémium 16g & 360g | AW7: Affiche Biblos Lait Excellence | AX7: Affiche Biblos Flocons d' Avoine | AY7: Hanger | AZ7: Wobbler | BA7: Biblos Lait Premium 16g | BB7: Biblos Lait Excellence 900g | BC7: Biblos Flocon d'avoine 50g
A8: 1 | B8: DIBI SIMEON | C8: =+C$3 -> 10 | D8: =+D$3 -> 3 | E8: =+E$3 -> 2 | F8: =+F$3 -> 2 | G8: =+G$3 -> 3 | H8: =+H$3 -> 3 | I8: =+I$3 -> 1 | J8: =+J$3 -> 1 | ... V8: =+V$3 -> 0.15 | W8: 20 | AB8: 1 | AD8: 1 | AE8: 1 | AG8: 5 | AL8: 2 | AN8: 1 | AO8: 3 | AP8: 2 | AQ8: 0.5 | AT8: 1 | AU8: 1 | AV8: 5 | AW8: 5 | AX8: 5 | BA8: 6 | BC8: 20
A9: 2 | B9: KRA EVAVARISTE | C9: =+C$3 -> 10 | D9: =+D$3 -> 3 | E9: =+E$3 -> 2 | F9: =+F$3 -> 2 | G9: =+G$3 -> 3 | H9: =+H$3 -> 3 | I9: =+I$3 -> 1 | J9: =+J$3 -> 1 | ... V9: =+V$3 -> 0.15 | W9: 19 | AB9: 1 | AF9: 1 | AG9: 4 | AL9: 3 | AO9: 1 | AP9: 2 | AQ9: 1 | AT9: 1 | AU9: 0.5 | AV9: 5 | AW9: 5 | AX9: 5 | BA9: 12 | BC9: 15
A10: 3 | B10: DIOMANDE ESTHER | C10: =+C$3 -> 10 | D10: =+D$3 -> 3 | E10: =+E$3 -> 2 | F10: =+F$3 -> 2 | G10: =+G$3 -> 3 | H10: =+H$3 -> 3 | I10: =+I$3 -> 1 | J10: =+J$3 -> 1 | ... V10: =+V$3 -> 0.15 | W10: 17 | AB10: 1 | AE10: 1 | AG10: 3 | AL10: 2 | AO10: 2 | AP10: 1 | AQ10: 0.5 | AT10: 1 | AU10: 1 | AV10: 5 | AW10: 5 | AX10: 5 | BA10: 6 | BC10: 20
A11: 4 | B11: BADA LANDRY | C11: =+C$3 -> 10 | D11: =+D$3 -> 3 | E11: =+E$3 -> 2 | F11: =+F$3 -> 2 | G11: =+G$3 -> 3 | H11: =+H$3 -> 3 | I11: =+I$3 -> 1 | J11: =+J$3 -> 1 | ... V11: =+V$3 -> 0.15 | W11: 23 | AB11: 2 | AF11: 1 | AG11: 4 | AL11: 4 | AO11: 1 | AP11: 2 | AQ11: 1 | AT11: 1 | AU11: 1 | AV11: 5 | AW11: 5 | AX11: 5 | BA11: 12 | BC11: 20
A12: 5 | B12: KOUAME JOSE | C12: =+C$3 -> 10 | D12: =+D$3 -> 3 | E12: =+E$3 -> 2 | F12: =+F$3 -> 2 | G12: =+G$3 -> 3 | H12: =+H$3 -> 3 | I12: =+I$3 -> 1 | J12: =+J$3 -> 1 | ... V12: =+V$3 -> 0.15 | W12: 20 | AE12: 1 | AF12: 1 | AG12: 5 | AL12: 2 | AO12: 2 | AP12: 1 | AQ12: 1 | AT12: 1 | AU12: 0.5 | AV12: 5 | AW12: 5 | AX12: 5 | BA12: 12 | BC12: 15
A13: 6 | B13: FANY BARAKISSA | C13: =+C$3 -> 10 | D13: =+D$3 -> 3 | E13: =+E$3 -> 2 | F13: =+F$3 -> 2 | G13: =+G$3 -> 3 | H13: =+H$3 -> 3 | I13: =+I$3 -> 1 | J13: =+J$3 -> 1 | ... V13: =+V$3 -> 0.15 | W13: 18 | AD13: 1 | AF13: 1 | AG13: 4 | AL13: 1 | AN13: 1 | AO13: 2 | AP13: 2 | AQ13: 0.5 | AT13: 1 | AU13: 0.5 | AV13: 5 | AW13: 5 | AX13: 5 | BA13: 6 | BC13: 15
A14: 7 | B14: KONAN IVETTE | C14: =+C$3 -> 10 | D14: =+D$3 -> 3 | E14: =+E$3 -> 2 | F14: =+F$3 -> 2 | G14: =+G$3 -> 3 | H14: =+H$3 -> 3 | I14: =+I$3 -> 1 | J14: =+J$3 -> 1 | ... V14: =+V$3 -> 0.15 | W14: 19 | AB14: 1 | AE14: 1 | AF14: 1 | AG14: 3 | AL14: 2 | AO14: 3 | AP14: 1 | AQ14: 0.5 | AT14: 1 | AV14: 5 | AW14: 5 | AX14: 5 | BA14: 6 | BC14: 10
A15: 8 | B15: KRA PACOME | C15: =+C$3 -> 10 | D15: =+D$3 -> 3 | E15: =+E$3 -> 2 | F15: =+F$3 -> 2 | G15: =+G$3 -> 3 | H15: =+H$3 -> 3 | I15: =+I$3 -> 1 | J15: =+J$3 -> 1 | ... V15: =+V$3 -> 0.15 | W15: 23 | AB15: 1 | AC15: 1 | AG15: 3 | AL15: 1 | AO15: 1 | AP15: 1 | AQ15: 0.5 | AT15: 1 | AU15: 0.5 | AV15: 5 | AW15: 5 | AX15: 5 | BA15: 6 | BC15: 15
A16: 9 | B16: KONATE MARIAM | C16: =+C$3 -> 10 | D16: =+D$3 -> 3 | E16: =+E$3 -> 2 | F16: =+F$3 -> 2 | G16: =+G$3 -> 3 | H16: =+H$3 -> 3 | I16: =+I$3 -> 1 | J16: =+J$3 -> 1 | ... V16: =+V$3 -> 0.15 | W16: 21 | AF16: 1 | AG16: 3 | AL16: 1 | AO16: 1 | AP16: 2 | AQ16: 0.5 | AT16: 1 | AU16: 0.5 | AV16: 5 | AW16: 5 | AX16: 5 | BA16: 6 | BC16: 15
A17: 10 | B17: KOUAKOU ROSE | C17: =+C$3 -> 10 | D17: =+D$3 -> 3 | E17: =+E$3 -> 2 | F17: =+F$3 -> 2 | G17: =+G$3 -> 3 | H17: =+H$3 -> 3 | I17: =+I$3 -> 1 | J17: =+J$3 -> 1 | ... V17: =+V$3 -> 0.15 | W17: 16 | AB17: 1 | AD17: 1 | AE17: 2 | AF17: 1 | AG17: 5 | AL17: 1 | AO17: 2 | AP17: 2 | AQ17: 0.5 | AT17: 1 | AU17: 1 | AV17: 5 | AW17: 5 | AX17: 5 | BA17: 6 | BC17: 20
A18: 11 | B18: OULAY WILFRIED | C18: =+C$3 -> 10 | D18: =+D$3 -> 3 | E18: =+E$3 -> 2 | F18: =+F$3 -> 2 | G18: =+G$3 -> 3 | H18: =+H$3 -> 3 | I18: =+I$3 -> 1 | J18: =+J$3 -> 1 | ... V18: =+V$3 -> 0.15 | W18: 14 | AB18: 1 | AC18: 1 | AF18: 1 | AG18: 5 | AL18: 2 | AM18: 1 | AO18: 2 | AP18: 3 | AQ18: 0.5 | AT18: 1 | AU18: 1 | AV18: 5 | AW18: 5 | AX18: 5 | BA18: 6 | BC18: 20
A19: 12 | B19: NGUESSAN INNOCENT | C19: =+C$3 -> 10 | D19: =+D$3 -> 3 | E19: =+E$3 -> 2 | F19: =+F$3 -> 2 | G19: =+G$3 -> 3 | H19: =+H$3 -> 3 | I19: =+I$3 -> 1 | J19: =+J$3 -> 1 | ... V19: =+V$3 -> 0.15 | W19: 15 | AD19: 1 | AG19: 4 | AL19: 1 | AN19: 1 | AO19: 1 | AP19: 2 | AQ19: 0.5 | AT19: 1 | AU19: 1 | AV19: 5 | AW19: 5 | AX19: 5 | BA19: 6 | BC19: 20
A20: 13 | B20: ARISTIDE KOUAME | C20: =+C$3 -> 10 | D20: =+D$3 -> 3 | E20: =+E$3 -> 2 | F20: =+F$3 -> 2 | G20: =+G$3 -> 3 | H20: =+H$3 -> 3 | I20: =+I$3 -> 1 | J20: =+J$3 -> 1 | ... V20: =+V$3 -> 0.15 | W20: 20 | AB20: 2 | AF20: 1 | AG20: 3 | AL20: 4 | AO20: 1 | AP20: 1 | AQ20: 1 | AT20: 1 | AV20: 5 | AW20: 5 | AX20: 5 | BA20: 12 | BC20: 10
A21: 14 | B21: ANGE STEPHANIE | C21: =+C$3 -> 10 | D21: =+D$3 -> 3 | E21: =+E$3 -> 2 | F21: =+F$3 -> 2 | G21: =+G$3 -> 3 | H21: =+H$3 -> 3 | I21: =+I$3 -> 1 | J21: =+J$3 -> 1 | ... V21: =+V$3 -> 0.15 | W21: 13 | AD21: 1 | AE21: 1 | AF21: 1 | AG21: 5 | AL21: 1 | AN21: 1 | AO21: 3 | AP21: 3 | AQ21: 1 | AT21: 1 | AU21: 1 | AV21: 5 | AW21: 5 | AX21: 5 | BA21: 12 | BC21: 20
A22: 15 | B22: KOUA BRUNOT | C22: =+C$3 -> 10 | D22: =+D$3 -> 3 | E22: =+E$3 -> 2 | F22: =+F$3 -> 2 | G22: =+G$3 -> 3 | H22: =+H$3 -> 3 | I22: =+I$3 -> 1 | J22: =+J$3 -> 1 | ... V22: =+V$3 -> 0.15 | W22: 18 | AB22: 1 | AE22: 1 | AG22: 2 | AL22: 2 | AO22: 2 | AQ22: 0.5 | AT22: 0.9 | AV22: 5 | AW22: 5 | AX22: 5 | BA22: 6 | BC22: 9
A23: 16 | B23: ASSEMIEN INESS | C23: =+C$3 -> 10 | D23: =+D$3 -> 3 | E23: =+E$3 -> 2 | F23: =+F$3 -> 2 | G23: =+G$3 -> 3 | H23: =+H$3 -> 3 | I23: =+I$3 -> 1 | J23: =+J$3 -> 1 | ... V23: =+V$3 -> 0.15 | W23: 20 | AG23: 2 | AL23: 1 | AO23: 1 | AQ23: 0.5 | AT23: 0.5 | AV23: 5 | AW23: 5 | AX23: 5 | BA23: 6 | BC23: 5
A24: 17 | B24: YOLANDE | C24: =+C$3 -> 10 | D24: =+D$3 -> 3 | E24: =+E$3 -> 2 | F24: =+F$3 -> 2 | G24: =+G$3 -> 3 | H24: =+H$3 -> 3 | I24: =+I$3 -> 1 | J24: =+J$3 -> 1 | ... V24: =+V$3 -> 0.15 | W24: 23 | AB24: 1 | AF24: 1 | AG24: 2 | AL24: 2 | AO24: 1 | AP24: 1 | AQ24: 0.5 | AT24: 0.5 | AV24: 5 | AW24: 5 | AX24: 5 | BA24: 6 | BC24: 5
A25: 18 | B25: SEYDOU | C25: =+C$3 -> 10 | D25: =+D$3 -> 3 | E25: =+E$3 -> 2 | F25: =+F$3 -> 2 | G25: =+G$3 -> 3 | H25: =+H$3 -> 3 | I25: =+I$3 -> 1 | J25: =+J$3 -> 1 | ... V25: =+V$3 -> 0.15 | W25: 16 | AB25: 1 | AE25: 1 | AG25: 3 | AL25: 2 | AO25: 2 | AP25: 1 | AQ25: 0.5 | AT25: 1 | AU25: 0.5 | AV25: 5 | AW25: 5 | AX25: 5 | BA25: 6 | BC25: 15
A26: 19 | C26: =+C$3 -> 10 | D26: =+D$3 -> 3 | E26: =+E$3 -> 2 | F26: =+F$3 -> 2 | G26: =+G$3 -> 3 | H26: =+H$3 -> 3 | I26: =+I$3 -> 1 | J26: =+J$3 -> 1 | ... V26: =+V$3 -> 0.15
A27: 20 | C27: =+C$3 -> 10 | D27: =+D$3 -> 3 | E27: =+E$3 -> 2 | F27: =+F$3 -> 2 | G27: =+G$3 -> 3 | H27: =+H$3 -> 3 | I27: =+I$3 -> 1 | J27: =+J$3 -> 1 | ... V27: =+V$3 -> 0.15
C28: =SUM(C8:C27) -> 200 | D28: =SUM(D8:D27) -> 60 | E28: =SUM(E8:E27) -> 40 | F28: =SUM(F8:F27) -> 40 | G28: =SUM(G8:G27) -> 60 | H28: =SUM(H8:H27) -> 60 | I28: =SUM(I8:I27) -> 20 | J28: =SUM(J8:J27) -> 20 | ... BE28: =SUM(BE8:BE27) -> 0

Sheet Synthèse semaine
A2: BONDOUKOU
C3: 10 | D3: 3 | E3: 2 | F3: 2 | G3: 3 | H3: 3 | I3: 1 | J3: 1 | K3: 1 | L3: 1 | M3: =+H3 -> 3 | N3: 1 | O3: =+H3 -> 3 | R3: =+(2*M3)/12 -> 0.5 | S3: =+(1*I3)/6 -> 0.16666667 | T3: =+(2*I3)/20 -> 0.1 | U3: =+(2*H3)/10 -> 0.6 | V3: =+(3*I3)/20 -> 0.15
C5: OBJECTIFS JOURNALIERS | W5: REALISATIONS | BD5: Commentaires | BE5: Impressions des PDV et des clients
A6: N° | B6: Agent promoteur | C6: Nombre de visite / Type de PDV | H6: Nombre de référencement / Type de PDV | M6: Pose de matériel de visibilité | R6: Vente en cartons | W6: Nombre de visite / Type de PDV | AB6: Présence produits antérieure | AG6: Nombre de référencement / Type de PDV | AL6: Nouveau Référencement par SKU | AQ6: Vente en cartons | AV6: Pose de matériel de visibilité | BA6: Gratuits offerts en sachet
C7: Boutique | D7: Superette | E7: Kiosque | F7: Tablier | G7: Pushcart | H7: Boutique | I7: Superette | J7: Kiosque | K7: Tablier | L7: Pushcart | M7: Affiche Biblos Lait Prémium 16g & 360g | N7: Affiche Biblos Lait Excellence | O7: Affiche Biblos Flocons d' Avoine | P7: Hanger | Q7: Wobbler | R7: Biblos Lait Premium 16g | S7: Biblos Lait Premium 360g | T7: Biblos Lait Excellence 900g | U7: Biblos Flocon d'avoine 50g | V7: Biblos Flocon d'avoine 400g | W7: Boutique | X7: Superette | Y7: Kiosque | Z7: Tablier | AA7: Pushcart | AB7: Biblos Lait Premium 16g | AC7: Biblos Lait Premium 360g | AD7: Biblos Lait Excellence 900g | AE7: Biblos Flocon d'avoine 50g | AF7: Biblos Flocon d'avoine 400g | AG7: Boutique | AH7: Superette | AI7: Kiosque | AJ7: Tablier | AK7: Pushcart | AL7: Biblos Lait Premium 16g | AM7: Biblos Lait Premium 360g | AN7: Biblos Lait Excellence 900g | AO7: Biblos Flocon d'avoine 50g | AP7: Biblos Flocon d'avoine 400g | AQ7: Biblos Lait Premium 16g | AR7: Biblos Lait Premium 360g | AS7: Biblos Lait Excellence 900g | AT7: Biblos Flocon d'avoine 50g | AU7: Biblos Flocon d'avoine 400g | AV7: Affiche Biblos Lait Prémium 16g & 360g | AW7: Affiche Biblos Lait Excellence | AX7: Affiche Biblos Flocons d' Avoine | AY7: Hanger | AZ7: Wobbler | BA7: Biblos Lait Premium 16g | BB7: Biblos Lait Excellence 900g | BC7: Biblos Flocon d'avoine 50g
A8: 1 | C8: =+C$3 -> 10 | D8: =+D$3 -> 3 | E8: =+E$3 -> 2 | F8: =+F$3 -> 2 | G8: =+G$3 -> 3 | H8: =+H$3 -> 3 | I8: =+I$3 -> 1 | J8: =+J$3 -> 1 | ... V8: =+V$3 -> 0.15 | W8: ='SAM 07 FEV'!W8+'LUN 09 FEV'!W8+#REF!+#REF!+#REF!+#REF! -> #REF! | X8: ='SAM 07 FEV'!X8+'LUN 09 FEV'!X8+#REF!+#REF!+#REF!+#REF! -> #REF! | Y8: ='SAM 07 FEV'!Y8+'LUN 09 FEV'!Y8+#REF!+#REF!+#REF!+#REF! -> #REF! | Z8: ='SAM 07 FEV'!Z8+'LUN 09 FEV'!Z8+#REF!+#REF!+#REF!+#REF! -> #REF! | AA8: ='SAM 07 FEV'!AA8+'LUN 09 FEV'!AA8+#REF!+#REF!+#REF!+#REF! -> #REF! | AB8: ='SAM 07 FEV'!AB8+'LUN 09 FEV'!AB8+#REF!+#REF!+#REF!+#REF! -> #REF! | AC8: ='SAM 07 FEV'!AC8+'LUN 09 FEV'!AC8+#REF!+#REF!+#REF!+#REF! -> #REF! | AD8: ='SAM 07 FEV'!AD8+'LUN 09 FEV'!AD8+#REF!+#REF!+#REF!+#REF! -> #REF! | ... BC8: ='SAM 07 FEV'!BC8+'LUN 09 FEV'!BC8+#REF!+#REF!+#REF!+#REF! -> #REF!
A9: 2 | C9: =+C$3 -> 10 | D9: =+D$3 -> 3 | E9: =+E$3 -> 2 | F9: =+F$3 -> 2 | G9: =+G$3 -> 3 | H9: =+H$3 -> 3 | I9: =+I$3 -> 1 | J9: =+J$3 -> 1 | ... V9: =+V$3 -> 0.15 | W9: ='SAM 07 FEV'!W9+'LUN 09 FEV'!W9+#REF!+#REF!+#REF!+#REF! -> #REF! | X9: ='SAM 07 FEV'!X9+'LUN 09 FEV'!X9+#REF!+#REF!+#REF!+#REF! -> #REF! | Y9: ='SAM 07 FEV'!Y9+'LUN 09 FEV'!Y9+#REF!+#REF!+#REF!+#REF! -> #REF! | Z9: ='SAM 07 FEV'!Z9+'LUN 09 FEV'!Z9+#REF!+#REF!+#REF!+#REF! -> #REF! | AA9: ='SAM 07 FEV'!AA9+'LUN 09 FEV'!AA9+#REF!+#REF!+#REF!+#REF! -> #REF! | AB9: ='SAM 07 FEV'!AB9+'LUN 09 FEV'!AB9+#REF!+#REF!+#REF!+#REF! -> #REF! | AC9: ='SAM 07 FEV'!AC9+'LUN 09 FEV'!AC9+#REF!+#REF!+#REF!+#REF! -> #REF! | AD9: ='SAM 07 FEV'!AD9+'LUN 09 FEV'!AD9+#REF!+#REF!+#REF!+#REF! -> #REF! | ... BC9: ='SAM 07 FEV'!BC9+'LUN 09 FEV'!BC9+#REF!+#REF!+#REF!+#REF! -> #REF!
A10: 3 | C10: =+C$3 -> 10 | D10: =+D$3 -> 3 | E10: =+E$3 -> 2 | F10: =+F$3 -> 2 | G10: =+G$3 -> 3 | H10: =+H$3 -> 3 | I10: =+I$3 -> 1 | J10: =+J$3 -> 1 | ... V10: =+V$3 -> 0.15 | W10: ='SAM 07 FEV'!W10+'LUN 09 FEV'!W10+#REF!+#REF!+#REF!+#REF! -> #REF! | X10: ='SAM 07 FEV'!X10+'LUN 09 FEV'!X10+#REF!+#REF!+#REF!+#REF! -> #REF! | Y10: ='SAM 07 FEV'!Y10+'LUN 09 FEV'!Y10+#REF!+#REF!+#REF!+#REF! -> #REF! | Z10: ='SAM 07 FEV'!Z10+'LUN 09 FEV'!Z10+#REF!+#REF!+#REF!+#REF! -> #REF! | AA10: ='SAM 07 FEV'!AA10+'LUN 09 FEV'!AA10+#REF!+#REF!+#REF!+#REF! -> #REF! | AB10: ='SAM 07 FEV'!AB10+'LUN 09 FEV'!AB10+#REF!+#REF!+#REF!+#REF! -> #REF! | AC10: ='SAM 07 FEV'!AC10+'LUN 09 FEV'!AC10+#REF!+#REF!+#REF!+#REF! -> #REF! | AD10: ='SAM 07 FEV'!AD10+'LUN 09 FEV'!AD10+#REF!+#REF!+#REF!+#REF! -> #REF! | ... BC10: ='SAM 07 FEV'!BC10+'LUN 09 FEV'!BC10+#REF!+#REF!+#REF!+#REF! -> #REF!
A11: 4 | C11: =+C$3 -> 10 | D11: =+D$3 -> 3 | E11: =+E$3 -> 2 | F11: =+F$3 -> 2 | G11: =+G$3 -> 3 | H11: =+H$3 -> 3 | I11: =+I$3 -> 1 | J11: =+J$3 -> 1 | ... V11: =+V$3 -> 0.15 | W11: ='SAM 07 FEV'!W11+'LUN 09 FEV'!W11+#REF!+#REF!+#REF!+#REF! -> #REF! | X11: ='SAM 07 FEV'!X11+'LUN 09 FEV'!X11+#REF!+#REF!+#REF!+#REF! -> #REF! | Y11: ='SAM 07 FEV'!Y11+'LUN 09 FEV'!Y11+#REF!+#REF!+#REF!+#REF! -> #REF! | Z11: ='SAM 07 FEV'!Z11+'LUN 09 FEV'!Z11+#REF!+#REF!+#REF!+#REF! -> #REF! | AA11: ='SAM 07 FEV'!AA11+'LUN 09 FEV'!AA11+#REF!+#REF!+#REF!+#REF! -> #REF! | AB11: ='SAM 07 FEV'!AB11+'LUN 09 FEV'!AB11+#REF!+#REF!+#REF!+#REF! -> #REF! | AC11: ='SAM 07 FEV'!AC11+'LUN 09 FEV'!AC11+#REF!+#REF!+#REF!+#REF! -> #REF! | AD11: ='SAM 07 FEV'!AD11+'LUN 09 FEV'!AD11+#REF!+#REF!+#REF!+#REF! -> #REF! | ... BC11: ='SAM 07 FEV'!BC11+'LUN 09 FEV'!BC11+#REF!+#REF!+#REF!+#REF! -> #REF!
A12: 5 | C12: =+C$3 -> 10 | D12: =+D$3 -> 3 | E12: =+E$3 -> 2 | F12: =+F$3 -> 2 | G12: =+G$3 -> 3 | H12: =+H$3 -> 3 | I12: =+I$3 -> 1 | J12: =+J$3 -> 1 | ... V12: =+V$3 -> 0.15 | W12: ='SAM 07 FEV'!W12+'LUN 09 FEV'!W12+#REF!+#REF!+#REF!+#REF! -> #REF! | X12: ='SAM 07 FEV'!X12+'LUN 09 FEV'!X12+#REF!+#REF!+#REF!+#REF! -> #REF! | Y12: ='SAM 07 FEV'!Y12+'LUN 09 FEV'!Y12+#REF!+#REF!+#REF!+#REF! -> #REF! | Z12: ='SAM 07 FEV'!Z12+'LUN 09 FEV'!Z12+#REF!+#REF!+#REF!+#REF! -> #REF! | AA12: ='SAM 07 FEV'!AA12+'LUN 09 FEV'!AA12+#REF!+#REF!+#REF!+#REF! -> #REF! | AB12: ='SAM 07 FEV'!AB12+'LUN 09 FEV'!AB12+#REF!+#REF!+#REF!+#REF! -> #REF! | AC12: ='SAM 07 FEV'!AC12+'LUN 09 FEV'!AC12+#REF!+#REF!+#REF!+#REF! -> #REF! | AD12: ='SAM 07 FEV'!AD12+'LUN 09 FEV'!AD12+#REF!+#REF!+#REF!+#REF! -> #REF! | ... BC12: ='SAM 07 FEV'!BC12+'LUN 09 FEV'!BC12+#REF!+#REF!+#REF!+#REF! -> #REF!
A13: 6 | C13: =+C$3 -> 10 | D13: =+D$3 -> 3 | E13: =+E$3 -> 2 | F13: =+F$3 -> 2 | G13: =+G$3 -> 3 | H13: =+H$3 -> 3 | I13: =+I$3 -> 1 | J13: =+J$3 -> 1 | ... V13: =+V$3 -> 0.15 | W13: ='SAM 07 FEV'!W13+'LUN 09 FEV'!W13+#REF!+#REF!+#REF!+#REF! -> #REF! | X13: ='SAM 07 FEV'!X13+'LUN 09 FEV'!X13+#REF!+#REF!+#REF!+#REF! -> #REF! | Y13: ='SAM 07 FEV'!Y13+'LUN 09 FEV'!Y13+#REF!+#REF!+#REF!+#REF! -> #REF! | Z13: ='SAM 07 FEV'!Z13+'LUN 09 FEV'!Z13+#REF!+#REF!+#REF!+#REF! -> #REF! | AA13: ='SAM 07 FEV'!AA13+'LUN 09 FEV'!AA13+#REF!+#REF!+#REF!+#REF! -> #REF! | AB13: ='SAM 07 FEV'!AB13+'LUN 09 FEV'!AB13+#REF!+#REF!+#REF!+#REF! -> #REF! | AC13: ='SAM 07 FEV'!AC13+'LUN 09 FEV'!AC13+#REF!+#REF!+#REF!+#REF! -> #REF! | AD13: ='SAM 07 FEV'!AD13+'LUN 09 FEV'!AD13+#REF!+#REF!+#REF!+#REF! -> #REF! | ... BC13: ='SAM 07 FEV'!BC13+'LUN 09 FEV'!BC13+#REF!+#REF!+#REF!+#REF! -> #REF!
A14: 7 | C14: =+C$3 -> 10 | D14: =+D$3 -> 3 | E14: =+E$3 -> 2 | F14: =+F$3 -> 2 | G14: =+G$3 -> 3 | H14: =+H$3 -> 3 | I14: =+I$3 -> 1 | J14: =+J$3 -> 1 | ... V14: =+V$3 -> 0.15 | W14: ='SAM 07 FEV'!W14+'LUN 09 FEV'!W14+#REF!+#REF!+#REF!+#REF! -> #REF! | X14: ='SAM 07 FEV'!X14+'LUN 09 FEV'!X14+#REF!+#REF!+#REF!+#REF! -> #REF! | Y14: ='SAM 07 FEV'!Y14+'LUN 09 FEV'!Y14+#REF!+#REF!+#REF!+#REF! -> #REF! | Z14: ='SAM 07 FEV'!Z14+'LUN 09 FEV'!Z14+#REF!+#REF!+#REF!+#REF! -> #REF! | AA14: ='SAM 07 FEV'!AA14+'LUN 09 FEV'!AA14+#REF!+#REF!+#REF!+#REF! -> #REF! | AB14: ='SAM 07 FEV'!AB14+'LUN 09 FEV'!AB14+#REF!+#REF!+#REF!+#REF! -> #REF! | AC14: ='SAM 07 FEV'!AC14+'LUN 09 FEV'!AC14+#REF!+#REF!+#REF!+#REF! -> #REF! | AD14: ='SAM 07 FEV'!AD14+'LUN 09 FEV'!AD14+#REF!+#REF!+#REF!+#REF! -> #REF! | ... BC14: ='SAM 07 FEV'!BC14+'LUN 09 FEV'!BC14+#REF!+#REF!+#REF!+#REF! -> #REF!
A15: 8 | C15: =+C$3 -> 10 | D15: =+D$3 -> 3 | E15: =+E$3 -> 2 | F15: =+F$3 -> 2 | G15: =+G$3 -> 3 | H15: =+H$3 -> 3 | I15: =+I$3 -> 1 | J15: =+J$3 -> 1 | ... V15: =+V$3 -> 0.15 | W15: ='SAM 07 FEV'!W15+'LUN 09 FEV'!W15+#REF!+#REF!+#REF!+#REF! -> #REF! | X15: ='SAM 07 FEV'!X15+'LUN 09 FEV'!X15+#REF!+#REF!+#REF!+#REF! -> #REF! | Y15: ='SAM 07 FEV'!Y15+'LUN 09 FEV'!Y15+#REF!+#REF!+#REF!+#REF! -> #REF! | Z15: ='SAM 07 FEV'!Z15+'LUN 09 FEV'!Z15+#REF!+#REF!+#REF!+#REF! -> #REF! | AA15: ='SAM 07 FEV'!AA15+'LUN 09 FEV'!AA15+#REF!+#REF!+#REF!+#REF! -> #REF! | AB15: ='SAM 07 FEV'!AB15+'LUN 09 FEV'!AB15+#REF!+#REF!+#REF!+#REF! -> #REF! | AC15: ='SAM 07 FEV'!AC15+'LUN 09 FEV'!AC15+#REF!+#REF!+#REF!+#REF! -> #REF! | AD15: ='SAM 07 FEV'!AD15+'LUN 09 FEV'!AD15+#REF!+#REF!+#REF!+#REF! -> #REF! | ... BC15: ='SAM 07 FEV'!BC15+'LUN 09 FEV'!BC15+#REF!+#REF!+#REF!+#REF! -> #REF!
A16: 9 | C16: =+C$3 -> 10 | D16: =+D$3 -> 3 | E16: =+E$3 -> 2 | F16: =+F$3 -> 2 | G16: =+G$3 -> 3 | H16: =+H$3 -> 3 | I16: =+I$3 -> 1 | J16: =+J$3 -> 1 | ... V16: =+V$3 -> 0.15 | W16: ='SAM 07 FEV'!W16+'LUN 09 FEV'!W16+#REF!+#REF!+#REF!+#REF! -> #REF! | X16: ='SAM 07 FEV'!X16+'LUN 09 FEV'!X16+#REF!+#REF!+#REF!+#REF! -> #REF! | Y16: ='SAM 07 FEV'!Y16+'LUN 09 FEV'!Y16+#REF!+#REF!+#REF!+#REF! -> #REF! | Z16: ='SAM 07 FEV'!Z16+'LUN 09 FEV'!Z16+#REF!+#REF!+#REF!+#REF! -> #REF! | AA16: ='SAM 07 FEV'!AA16+'LUN 09 FEV'!AA16+#REF!+#REF!+#REF!+#REF! -> #REF! | AB16: ='SAM 07 FEV'!AB16+'LUN 09 FEV'!AB16+#REF!+#REF!+#REF!+#REF! -> #REF! | AC16: ='SAM 07 FEV'!AC16+'LUN 09 FEV'!AC16+#REF!+#REF!+#REF!+#REF! -> #REF! | AD16: ='SAM 07 FEV'!AD16+'LUN 09 FEV'!AD16+#REF!+#REF!+#REF!+#REF! -> #REF! | ... BC16: ='SAM 07 FEV'!BC16+'LUN 09 FEV'!BC16+#REF!+#REF!+#REF!+#REF! -> #REF!
A17: 10 | C17: =+C$3 -> 10 | D17: =+D$3 -> 3 | E17: =+E$3 -> 2 | F17: =+F$3 -> 2 | G17: =+G$3 -> 3 | H17: =+H$3 -> 3 | I17: =+I$3 -> 1 | J17: =+J$3 -> 1 | ... V17: =+V$3 -> 0.15 | W17: ='SAM 07 FEV'!W17+'LUN 09 FEV'!W17+#REF!+#REF!+#REF!+#REF! -> #REF! | X17: ='SAM 07 FEV'!X17+'LUN 09 FEV'!X17+#REF!+#REF!+#REF!+#REF! -> #REF! | Y17: ='SAM 07 FEV'!Y17+'LUN 09 FEV'!Y17+#REF!+#REF!+#REF!+#REF! -> #REF! | Z17: ='SAM 07 FEV'!Z17+'LUN 09 FEV'!Z17+#REF!+#REF!+#REF!+#REF! -> #REF! | AA17: ='SAM 07 FEV'!AA17+'LUN 09 FEV'!AA17+#REF!+#REF!+#REF!+#REF! -> #REF! | AB17: ='SAM 07 FEV'!AB17+'LUN 09 FEV'!AB17+#REF!+#REF!+#REF!+#REF! -> #REF! | AC17: ='SAM 07 FEV'!AC17+'LUN 09 FEV'!AC17+#REF!+#REF!+#REF!+#REF! -> #REF! | AD17: ='SAM 07 FEV'!AD17+'LUN 09 FEV'!AD17+#REF!+#REF!+#REF!+#REF! -> #REF! | ... BC17: ='SAM 07 FEV'!BC17+'LUN 09 FEV'!BC17+#REF!+#REF!+#REF!+#REF! -> #REF!
A18: 11 | C18: =+C$3 -> 10 | D18: =+D$3 -> 3 | E18: =+E$3 -> 2 | F18: =+F$3 -> 2 | G18: =+G$3 -> 3 | H18: =+H$3 -> 3 | I18: =+I$3 -> 1 | J18: =+J$3 -> 1 | ... V18: =+V$3 -> 0.15 | W18: ='SAM 07 FEV'!W18+'LUN 09 FEV'!W18+#REF!+#REF!+#REF!+#REF! -> #REF! | X18: ='SAM 07 FEV'!X18+'LUN 09 FEV'!X18+#REF!+#REF!+#REF!+#REF! -> #REF! | Y18: ='SAM 07 FEV'!Y18+'LUN 09 FEV'!Y18+#REF!+#REF!+#REF!+#REF! -> #REF! | Z18: ='SAM 07 FEV'!Z18+'LUN 09 FEV'!Z18+#REF!+#REF!+#REF!+#REF! -> #REF! | AA18: ='SAM 07 FEV'!AA18+'LUN 09 FEV'!AA18+#REF!+#REF!+#REF!+#REF! -> #REF! | AB18: ='SAM 07 FEV'!AB18+'LUN 09 FEV'!AB18+#REF!+#REF!+#REF!+#REF! -> #REF! | AC18: ='SAM 07 FEV'!AC18+'LUN 09 FEV'!AC18+#REF!+#REF!+#REF!+#REF! -> #REF! | AD18: ='SAM 07 FEV'!AD18+'LUN 09 FEV'!AD18+#REF!+#REF!+#REF!+#REF! -> #REF! | ... BC18: ='SAM 07 FEV'!BC18+'LUN 09 FEV'!BC18+#REF!+#REF!+#REF!+#REF! -> #REF!
A19: 12 | C19: =+C$3 -> 10 | D19: =+D$3 -> 3 | E19: =+E$3 -> 2 | F19: =+F$3 -> 2 | G19: =+G$3 -> 3 | H19: =+H$3 -> 3 | I19: =+I$3 -> 1 | J19: =+J$3 -> 1 | ... V19: =+V$3 -> 0.15 | W19: ='SAM 07 FEV'!W19+'LUN 09 FEV'!W19+#REF!+#REF!+#REF!+#REF! -> #REF! | X19: ='SAM 07 FEV'!X19+'LUN 09 FEV'!X19+#REF!+#REF!+#REF!+#REF! -> #REF! | Y19: ='SAM 07 FEV'!Y19+'LUN 09 FEV'!Y19+#REF!+#REF!+#REF!+#REF! -> #REF! | Z19: ='SAM 07 FEV'!Z19+'LUN 09 FEV'!Z19+#REF!+#REF!+#REF!+#REF! -> #REF! | AA19: ='SAM 07 FEV'!AA19+'LUN 09 FEV'!AA19+#REF!+#REF!+#REF!+#REF! -> #REF! | AB19: ='SAM 07 FEV'!AB19+'LUN 09 FEV'!AB19+#REF!+#REF!+#REF!+#REF! -> #REF! | AC19: ='SAM 07 FEV'!AC19+'LUN 09 FEV'!AC19+#REF!+#REF!+#REF!+#REF! -> #REF! | AD19: ='SAM 07 FEV'!AD19+'LUN 09 FEV'!AD19+#REF!+#REF!+#REF!+#REF! -> #REF! | ... BC19: ='SAM 07 FEV'!BC19+'LUN 09 FEV'!BC19+#REF!+#REF!+#REF!+#REF! -> #REF!
... A27: 20 | C27: =+C$3 -> 10 | D27: =+D$3 -> 3 | E27: =+E$3 -> 2 | F27: =+F$3 -> 2 | G27: =+G$3 -> 3 | H27: =+H$3 -> 3 | I27: =+I$3 -> 1 | J27: =+J$3 -> 1 | ... V27: =+V$3 -> 0.15 | W27: ='SAM 07 FEV'!W27+'LUN 09 FEV'!W27+#REF!+#REF!+#REF!+#REF! -> #REF! | X27: ='SAM 07 FEV'!X27+'LUN 09 FEV'!X27+#REF!+#REF!+#REF!+#REF! -> #REF! | Y27: ='SAM 07 FEV'!Y27+'LUN 09 FEV'!Y27+#REF!+#REF!+#REF!+#REF! -> #REF! | Z27: ='SAM 07 FEV'!Z27+'LUN 09 FEV'!Z27+#REF!+#REF!+#REF!+#REF! -> #REF! | AA27: ='SAM 07 FEV'!AA27+'LUN 09 FEV'!AA27+#REF!+#REF!+#REF!+#REF! -> #REF! | AB27: ='SAM 07 FEV'!AB27+'LUN 09 FEV'!AB27+#REF!+#REF!+#REF!+#REF! -> #REF! | AC27: ='SAM 07 FEV'!AC27+'LUN 09 FEV'!AC27+#REF!+#REF!+#REF!+#REF! -> #REF! | AD27: ='SAM 07 FEV'!AD27+'LUN 09 FEV'!AD27+#REF!+#REF!+#REF!+#REF! -> #REF! | ... BC27: ='SAM 07 FEV'!BC27+'LUN 09 FEV'!BC27+#REF!+#REF!+#REF!+#REF! -> #REF!
B28: TOTAL | C28: =SUM(C8:C27) -> 200 | D28: =SUM(D8:D27) -> 60 | E28: =SUM(E8:E27) -> 40 | F28: =SUM(F8:F27) -> 40 | G28: =SUM(G8:G27) -> 60 | H28: =SUM(H8:H27) -> 60 | I28: =SUM(I8:I27) -> 20 | J28: =SUM(J8:J27) -> 20 | ... BE28: =SUM(BE8:BE27) -> 0
