Workbook

Sheet RECAP PAR JOUR
B3: CONTACTS | E3: ACHETEURS | I3: OBJECTIF VOLUME PRODUITS | O3: REALISATION VOLUME PRODUITS | U3: REALISATION VOLUME PRODUITS
B4: Objectif | C4: Réalisé | D4: Tx Réal. | E4: Objectif | F4: Réalisé | G4: Tx Réal. | I4: Biblos Lait Premium 16g | J4: Biblos Lait Premium 360g | K4: Biblos Lait Excellence 900g | L4: Biblos Avoine 50g | M4: Biblos Avoine 400g | N4: Biblos 3 en 1 Café au lait 32g | O4: Biblos Lait Premium 16g | P4: Biblos Lait Premium 360g | Q4: Biblos Lait Excellence 900g | R4: Biblos Avoine 50g | S4: Biblos Avoine 400g | T4: Biblos 3 en 1 Café au lait 32g | U4: =O4 -> Biblos Lait Premium 16g | V4: =P4 -> Biblos Lait Premium 360g | W4: =Q4 -> Biblos Lait Excellence 900g | X4: =R4 -> Biblos Avoine 50g | Y4: =S4 -> Biblos Avoine 400g | Z4: =T4 -> Biblos 3 en 1 Café au lait 32g
A5: JOUR 1 | B5: =50*40 -> 2000 | C5: ='JOUR 1'!S57 -> 1397 | D5: =C5/B5 -> 0.6985 | E5: =50*20 -> 1000 | F5: ='JOUR 1'!T57 -> 296 | G5: =F5/E5 -> 0.296 | I5: =120*50/120 -> 50 | J5: =7*50/6 -> 58.333333 | K5: =50*4/10 -> 20 | O5: ='JOUR 1'!U57 -> 10.583333 | P5: ='JOUR 1'!V57 -> 16.666667 | Q5: ='JOUR 1'!W57 -> 0 | R5: ='JOUR 1'!X57 -> 4.4 | S5: ='JOUR 1'!Y57 -> 5.9 | T5: ='JOUR 1'!Z57 -> 0 | U5: =O5/I5 -> 0.21166667 | V5: =P5/J5 -> 0.28571429 | W5: =Q5/K5 -> 0
A6: JOUR 2 | B6: =50*40 -> 2000 | C6: ='JOUR 2'!S57 -> 1545 | D6: =C6/B6 -> 0.7725 | E6: =50*20 -> 1000 | F6: ='JOUR 2'!T57 -> 421 | G6: =F6/E6 -> 0.421 | I6: =I5 -> 50 | J6: =J5 -> 58.333333 | K6: =K5 -> 20 | O6: ='JOUR 2'!U57 -> 16.325 | P6: ='JOUR 2'!V57 -> 5.5 | Q6: ='JOUR 2'!W57 -> 0 | R6: ='JOUR 2'!X57 -> 4.72 | S6: ='JOUR 2'!Y57 -> 4.9 | T6: ='JOUR 2'!Z57 -> 0 | U6: =O6/I6 -> 0.3265 | V6: =P6/J6 -> 0.094285714 | W6: =Q6/K6 -> 0
A7: JOUR 3 | B7: =50*40 -> 2000 | C7: ='JOUR 3'!S57 -> 1469 | D7: =C7/B7 -> 0.7345 | E7: =50*20 -> 1000 | F7: ='JOUR 3'!T57 -> 855 | G7: =F7/E7 -> 0.855 | I7: =I6 -> 50 | J7: =J6 -> 58.333333 | K7: =K6 -> 20 | O7: ='JOUR 3'!U57 -> 43.333333 | P7: ='JOUR 3'!V57 -> 17 | Q7: ='JOUR 3'!W57 -> 0 | R7: ='JOUR 3'!X57 -> 16.66 | S7: ='JOUR 3'!Y57 -> 19.1 | T7: ='JOUR 3'!Z57 -> 0 | U7: =O7/I7 -> 0.86666667 | V7: =P7/J7 -> 0.29142857 | W7: =Q7/K7 -> 0
A8: JOUR 4 | B8: =50*40 -> 2000 | C8: ='JOUR 4'!S57 -> 1457 | D8: =C8/B8 -> 0.7285 | E8: =50*20 -> 1000 | F8: ='JOUR 4'!T57 -> 862 | G8: =F8/E8 -> 0.862 | I8: =I7 -> 50 | J8: =J7 -> 58.333333 | K8: =K7 -> 20 | O8: ='JOUR 4'!U57 -> 43.441667 | P8: ='JOUR 4'!V57 -> 18.166667 | Q8: ='JOUR 4'!W57 -> 0 | R8: ='JOUR 4'!X57 -> 18.06 | S8: ='JOUR 4'!Y57 -> 12.25 | T8: ='JOUR 4'!Z57 -> 0 | U8: =O8/I8 -> 0.86883333 | V8: =P8/J8 -> 0.31142857 | W8: =Q8/K8 -> 0
A9: JOUR 5 | B9: =50*40 -> 2000 | C9: ='JOUR 5'!S57 -> 1393 | D9: =C9/B9 -> 0.6965 | E9: =50*20 -> 1000 | F9: ='JOUR 5'!T57 -> 801 | G9: =F9/E9 -> 0.801 | I9: =I8 -> 50 | J9: =J8 -> 58.333333 | K9: =K8 -> 20 | O9: ='JOUR 5'!U57 -> 43.208333 | P9: ='JOUR 5'!V57 -> 17.5 | Q9: ='JOUR 5'!W57 -> 2.5 | R9: ='JOUR 5'!X57 -> 19.36 | S9: ='JOUR 5'!Y57 -> 11.1 | T9: ='JOUR 5'!Z57 -> 0 | U9: =O9/I9 -> 0.86416667 | V9: =P9/J9 -> 0.3 | W9: =Q9/K9 -> 0.125
A10: JOUR 6 | B10: =50*40 -> 2000 | C10: ='JOUR 6'!S57 -> 1472 | D10: =C10/B10 -> 0.736 | E10: =50*20 -> 1000 | F10: ='JOUR 6'!T57 -> 928 | G10: =F10/E10 -> 0.928 | I10: =I9 -> 50 | J10: =J9 -> 58.333333 | K10: =K9 -> 20 | O10: ='JOUR 6'!U57 -> 47.05 | P10: ='JOUR 6'!V57 -> 19.666667 | Q10: ='JOUR 6'!W57 -> 0 | R10: ='JOUR 6'!X57 -> 18.24 | S10: ='JOUR 6'!Y57 -> 7.9 | T10: ='JOUR 6'!Z57 -> 0 | U10: =O10/I10 -> 0.941 | V10: =P10/J10 -> 0.33714286 | W10: =Q10/K10 -> 0
A11: JOUR 7 | B11: =50*40 -> 2000 | C11: ='JOUR 7'!S57 -> 1441 | D11: =C11/B11 -> 0.7205 | E11: =50*20 -> 1000 | F11: ='JOUR 7'!T57 -> 881 | G11: =F11/E11 -> 0.881 | I11: =I10 -> 50 | J11: =J10 -> 58.333333 | K11: =K10 -> 20 | O11: ='JOUR 7'!U57 -> 37.725 | P11: ='JOUR 7'!V57 -> 22.833333 | Q11: ='JOUR 7'!W57 -> 0 | R11: ='JOUR 7'!X57 -> 20.04 | S11: ='JOUR 7'!Y57 -> 14.6 | T11: ='JOUR 7'!Z57 -> 0 | U11: =O11/I11 -> 0.7545 | V11: =P11/J11 -> 0.39142857 | W11: =Q11/K11 -> 0
A12: JOUR 8 | B12: =50*40 -> 2000 | C12: ='JOUR 8'!S57 -> 1474 | D12: =C12/B12 -> 0.737 | E12: =50*20 -> 1000 | F12: ='JOUR 8'!T57 -> 841 | G12: =F12/E12 -> 0.841 | I12: =I11 -> 50 | J12: =J11 -> 58.333333 | K12: =K11 -> 20 | O12: ='JOUR 8'!U57 -> 49.641667 | P12: ='JOUR 8'!V57 -> 42.833333 | Q12: ='JOUR 8'!W57 -> 0.2 | R12: ='JOUR 8'!X57 -> 21.26 | S12: ='JOUR 8'!Y57 -> 21 | T12: ='JOUR 8'!Z57 -> 0 | U12: =O12/I12 -> 0.99283333 | V12: =P12/J12 -> 0.73428571 | W12: =Q12/K12 -> 0.01
A13: JOUR 9 | B13: =50*40 -> 2000 | C13: ='JOUR 9'!S57 -> 1495 | D13: =C13/B13 -> 0.7475 | E13: =50*20 -> 1000 | F13: ='JOUR 9'!T57 -> 862 | G13: =F13/E13 -> 0.862 | I13: =I12 -> 50 | J13: =J12 -> 58.333333 | K13: =K12 -> 20 | O13: ='JOUR 9'!U57 -> 54.858333 | P13: ='JOUR 9'!V57 -> 20.666667 | Q13: ='JOUR 9'!W57 -> 0 | R13: ='JOUR 9'!X57 -> 16.41 | S13: ='JOUR 9'!Y57 -> 16.2 | T13: ='JOUR 9'!Z57 -> 0 | U13: =O13/I13 -> 1.0971667 | V13: =P13/J13 -> 0.35428571 | W13: =Q13/K13 -> 0
A14: JOUR 10 | B14: =50*40 -> 2000 | C14: ='JOUR 10'!S57 -> 1410 | D14: =C14/B14 -> 0.705 | E14: =50*20 -> 1000 | F14: ='JOUR 10'!T57 -> 806 | G14: =F14/E14 -> 0.806 | I14: =I13 -> 50 | J14: =J13 -> 58.333333 | K14: =K13 -> 20 | O14: ='JOUR 10'!U57 -> 42.391667 | P14: ='JOUR 10'!V57 -> 23 | Q14: ='JOUR 10'!W57 -> 0 | R14: ='JOUR 10'!X57 -> 17.13 | S14: ='JOUR 10'!Y57 -> 15.15 | T14: ='JOUR 10'!Z57 -> 0 | U14: =O14/I14 -> 0.84783333 | V14: =P14/J14 -> 0.39428571 | W14: =Q14/K14 -> 0
A15: JOUR 11 | B15: =50*40 -> 2000 | C15: ='JOUR 11'!S57 -> 1328 | D15: =C15/B15 -> 0.664 | E15: =50*20 -> 1000 | F15: ='JOUR 11'!T57 -> 826 | G15: =F15/E15 -> 0.826 | I15: =I14 -> 50 | J15: =J14 -> 58.333333 | K15: =K14 -> 20 | O15: ='JOUR 11'!U57 -> 44.816667 | P15: ='JOUR 11'!V57 -> 20.666667 | Q15: ='JOUR 11'!W57 -> 0.1 | R15: ='JOUR 11'!X57 -> 14.54 | S15: ='JOUR 11'!Y57 -> 17.45 | T15: ='JOUR 11'!Z57 -> 0 | U15: =O15/I15 -> 0.89633333 | V15: =P15/J15 -> 0.35428571 | W15: =Q15/K15 -> 0.005
A16: JOUR 12 | B16: =50*40 -> 2000 | C16: ='JOUR 12'!S57 -> 1507 | D16: =C16/B16 -> 0.7535 | E16: =50*20 -> 1000 | F16: ='JOUR 12'!T57 -> 885 | G16: =F16/E16 -> 0.885 | I16: =I15 -> 50 | J16: =J15 -> 58.333333 | K16: =K15 -> 20 | O16: ='JOUR 12'!U57 -> 49.708333 | P16: ='JOUR 12'!V57 -> 23.833333 | Q16: ='JOUR 12'!W57 -> 0 | R16: ='JOUR 12'!X57 -> 16.58 | S16: ='JOUR 12'!Y57 -> 24.35 | T16: ='JOUR 12'!Z57 -> 0 | U16: =O16/I16 -> 0.99416667 | V16: =P16/J16 -> 0.40857143 | W16: =Q16/K16 -> 0
A17: JOUR 13 | B17: =50*40 -> 2000 | C17: ='JOUR 13'!S57 -> 1380 | D17: =C17/B17 -> 0.69 | E17: =50*20 -> 1000 | F17: ='JOUR 13'!T57 -> 904 | G17: =F17/E17 -> 0.904 | I17: =I16 -> 50 | J17: =J16 -> 58.333333 | K17: =K16 -> 20 | O17: ='JOUR 13'!U57 -> 54.183333 | P17: ='JOUR 13'!V57 -> 22.5 | Q17: ='JOUR 13'!W57 -> 0.8 | R17: ='JOUR 13'!X57 -> 17.09 | S17: ='JOUR 13'!Y57 -> 18.75 | T17: ='JOUR 13'!Z57 -> 0 | U17: =O17/I17 -> 1.0836667 | V17: =P17/J17 -> 0.38571429 | W17: =Q17/K17 -> 0.04
A18: JOUR 14 | B18: =50*40 -> 2000 | C18: ='JOUR 14'!S57 -> 1491 | D18: =C18/B18 -> 0.7455 | E18: =50*20 -> 1000 | F18: ='JOUR 14'!T57 -> 915 | G18: =F18/E18 -> 0.915 | I18: =I17 -> 50 | J18: =J17 -> 58.333333 | K18: =K17 -> 20 | O18: ='JOUR 14'!U57 -> 51.308333 | P18: ='JOUR 14'!V57 -> 27 | Q18: ='JOUR 14'!W57 -> 1.5 | R18: ='JOUR 14'!X57 -> 16.86 | S18: ='JOUR 14'!Y57 -> 21.95 | T18: ='JOUR 14'!Z57 -> 0 | U18: =O18/I18 -> 1.0261667 | V18: =P18/J18 -> 0.46285714 | W18: =Q18/K18 -> 0.075
A19: JOUR 15 | B19: 0 | I19: 0 | J19: 0 | K19: 0
A20: JOUR 16 | B20: 0 | I20: 0 | J20: 0 | K20: 0
A21: TOTAL | B21: =SUM(B5:B20) -> 28000 | C21: =SUM(C5:C20) -> 20259 | D21: =C21/B21 -> 0.72353571 | E21: =SUM(E5:E20) -> 14000 | F21: =SUM(F5:F20) -> 11083 | G21: =F21/E21 -> 0.79164286 | I21: =SUM(I5:I20) -> 700 | J21: =SUM(J5:J20) -> 816.66667 | K21: =SUM(K5:K20) -> 280 | L21: =SUM(L5:L20) -> 0 | M21: =SUM(M5:M20) -> 0 | O21: =SUM(O5:O20) -> 588.575 | P21: =SUM(P5:P20) -> 297.83333 | Q21: =SUM(Q5:Q20) -> 5.1 | R21: =SUM(R5:R20) -> 221.35 | S21: =SUM(S5:S20) -> 210.6 | U21: =O21/I21 -> 0.84082143 | V21: =P21/J21 -> 0.36469388 | W21: =Q21/K21 -> 0.018214286

Sheet RECAP PAR MAGASIN
B2: Date | C2: TOTAL PROMO | D2: OBJECTIFS | S2: REALISATIONS | AK2: TAUX DE REALISATION
B3: Enseigne | C3: Nom du PDV en promotion | D3: Contacts | E3: =T3 -> Acheteurs | F3: Produits (en unités) | L3: Gratuités pour achats (en unités) | S3: Contacts | T3: Acheteurs | U3: Produits | AA3: =L3 -> Gratuités pour achats (en unités) | AD3: GOODIES | AH3: Commentaires | AI3: Impressions des PDV et des clients | AK3: Contacts | AL3: Acheteurs | AM3: Produits | AS3: =AD3 -> GOODIES | AV3: GOODIES
D4: =S4 -> Nombre de personnes ayant été contactées au rayon | E4: =T4 -> Nombre de personnes ayant acheté | F4: Biblos Lait Premium 16g | G4: Biblos Lait Premium 360g | H4: Biblos Lait Excellence | I4: Biblos Flocon d'avoine 50g | J4: Biblos Flocon d'avoine 400g | K4: Biblos 3 en 1 Café au lait 32g | L4: Biblos Lait Premium 16g | M4: Biblos Flocon d'avoine 50g | N4: Biblos 3 en Café au Lait | O4: Goodies 1 | P4: Goodies 2 | Q4: Goodies 3 | R4: Goodie 4 | S4: Nombre de personnes ayant été contactées au rayon | T4: Nombre de personnes ayant acheté | U4: Biblos Lait Premium 16g | V4: Biblos Lait Premium 360g | W4: Biblos Lait Excellence | X4: Biblos Flocon d'avoine 50g | Y4: Biblos Flocon d'avoine 400g | Z4: Biblos 3 en 1 Café au lait | AA4: Biblos Lait Premium 16g | AB4: Biblos Flocon d'avoine 50g | AC4: Biblos 3 en 1 Café au lait | AD4: =O4 -> Goodies 1 | AE4: =P4 -> Goodies 2 | AF4: =Q4 -> Goodies 3 | AG4: =R4 -> Goodie 4 | AK4: Nombre de personnes ayant été contactées au rayon | AL4: Nombre de personnes ayant acheté | AM4: Biblos Lait Premium 16g | AN4: Biblos Lait Premium 360g | AO4: Biblos Lait Excellence | AP4: Biblos Flocon d'avoine 50g | AQ4: Biblos Flocon d'avoine 400g | AR4: Biblos 3 en 1 Café au lait | AS4: Biblos Lait Premium 16g | AT4: Biblos Flocon d'avoine 50g | AU4: Biblos 3 en 1 Café au lait | AV4: Goodies 1 | AW4: Goodies 2 | AX4: Goodies 3 | AY4: Goodies 4
B5: KING CASH | C5: KING CASH PALAIS YOP | D5: ='JOUR 1'!D5+'JOUR 2'!D5+'JOUR 3'!D5+'JOUR 4'!D5+'JOUR 5'!D5+'JOUR 6'!D5+'JOUR 7'!D5+'JOUR 8'!D5+'JOUR 9'!D5+'JOUR 10'!D5+'JOUR 11'!D5+'JOUR 12'!D5+'JOUR 13'!D5+'JOUR 14'!D5+#REF!+#REF! -> #REF! | E5: ='JOUR 1'!E5+'JOUR 2'!E5+'JOUR 3'!E5+'JOUR 4'!E5+'JOUR 5'!E5+'JOUR 6'!E5+'JOUR 7'!E5+'JOUR 8'!E5+'JOUR 9'!E5+'JOUR 10'!E5+'JOUR 11'!E5+'JOUR 12'!E5+'JOUR 13'!E5+'JOUR 14'!E5+#REF!+#REF! -> #REF! | F5: ='JOUR 1'!F5+'JOUR 2'!F5+'JOUR 3'!F5+'JOUR 4'!F5+'JOUR 5'!F5+'JOUR 6'!F5+'JOUR 7'!F5+'JOUR 8'!F5+'JOUR 9'!F5+'JOUR 10'!F5+'JOUR 11'!F5+'JOUR 12'!F5+'JOUR 13'!F5+'JOUR 14'!F5+#REF!+#REF! -> #REF! | G5: ='JOUR 1'!G5+'JOUR 2'!G5+'JOUR 3'!G5+'JOUR 4'!G5+'JOUR 5'!G5+'JOUR 6'!G5+'JOUR 7'!G5+'JOUR 8'!G5+'JOUR 9'!G5+'JOUR 10'!G5+'JOUR 11'!G5+'JOUR 12'!G5+'JOUR 13'!G5+'JOUR 14'!G5+#REF!+#REF! -> #REF! | H5: ='JOUR 1'!H5+'JOUR 2'!H5+'JOUR 3'!H5+'JOUR 4'!H5+'JOUR 5'!H5+'JOUR 6'!H5+'JOUR 7'!H5+'JOUR 8'!H5+'JOUR 9'!H5+'JOUR 10'!H5+'JOUR 11'!H5+'JOUR 12'!H5+'JOUR 13'!H5+'JOUR 14'!H5+#REF!+#REF! -> #REF! | I5: ='JOUR 1'!I5+'JOUR 2'!I5+'JOUR 3'!I5+'JOUR 4'!I5+'JOUR 5'!I5+'JOUR 6'!I5+'JOUR 7'!I5+'JOUR 8'!I5+'JOUR 9'!I5+'JOUR 10'!I5+'JOUR 11'!I5+'JOUR 12'!I5+'JOUR 13'!I5+'JOUR 14'!I5+#REF!+#REF! -> #REF! | J5: ='JOUR 1'!J5+'JOUR 2'!J5+'JOUR 3'!J5+'JOUR 4'!J5+'JOUR 5'!J5+'JOUR 6'!J5+'JOUR 7'!J5+'JOUR 8'!J5+'JOUR 9'!J5+'JOUR 10'!J5+'JOUR 11'!J5+'JOUR 12'!J5+'JOUR 13'!J5+'JOUR 14'!J5+#REF!+#REF! -> #REF! | K5: ='JOUR 1'!K5+'JOUR 2'!K5+'JOUR 3'!K5+'JOUR 4'!K5+'JOUR 5'!K5+'JOUR 6'!K5+'JOUR 7'!K5+'JOUR 8'!K5+'JOUR 9'!K5+'JOUR 10'!K5+'JOUR 11'!K5+'JOUR 12'!K5+'JOUR 13'!K5+'JOUR 14'!K5+#REF!+#REF! -> #REF! | ... AG5: ='JOUR 1'!AG5+'JOUR 2'!AG5+'JOUR 3'!AG5+'JOUR 4'!AG5+'JOUR 5'!AG5+'JOUR 6'!AG5+'JOUR 7'!AG5+'JOUR 8'!AG5+'JOUR 9'!AG5+'JOUR 10'!AG5+'JOUR 11'!AG5+'JOUR 12'!AG5+'JOUR 13'!AG5+'JOUR 14'!AG5+#REF!+#REF! -> #REF! | AK5: =S5/D5 -> #REF! | AL5: =T5/E5 -> #REF! | AM5: =U5/F5 -> #REF! | AN5: =V5/G5 -> #REF! | AO5: =W5/H5 -> #REF! | AS5: =AA5/L5 -> #REF!
B6: KING CASH | C6: KING CASH PORT BOUET 2 | D6: ='JOUR 1'!D6+'JOUR 2'!D6+'JOUR 3'!D6+'JOUR 4'!D6+'JOUR 5'!D6+'JOUR 6'!D6+'JOUR 7'!D6+'JOUR 8'!D6+'JOUR 9'!D6+'JOUR 10'!D6+'JOUR 11'!D6+'JOUR 12'!D6+'JOUR 13'!D6+'JOUR 14'!D6+#REF!+#REF! -> #REF! | E6: ='JOUR 1'!E6+'JOUR 2'!E6+'JOUR 3'!E6+'JOUR 4'!E6+'JOUR 5'!E6+'JOUR 6'!E6+'JOUR 7'!E6+'JOUR 8'!E6+'JOUR 9'!E6+'JOUR 10'!E6+'JOUR 11'!E6+'JOUR 12'!E6+'JOUR 13'!E6+'JOUR 14'!E6+#REF!+#REF! -> #REF! | F6: ='JOUR 1'!F6+'JOUR 2'!F6+'JOUR 3'!F6+'JOUR 4'!F6+'JOUR 5'!F6+'JOUR 6'!F6+'JOUR 7'!F6+'JOUR 8'!F6+'JOUR 9'!F6+'JOUR 10'!F6+'JOUR 11'!F6+'JOUR 12'!F6+'JOUR 13'!F6+'JOUR 14'!F6+#REF!+#REF! -> #REF! | G6: ='JOUR 1'!G6+'JOUR 2'!G6+'JOUR 3'!G6+'JOUR 4'!G6+'JOUR 5'!G6+'JOUR 6'!G6+'JOUR 7'!G6+'JOUR 8'!G6+'JOUR 9'!G6+'JOUR 10'!G6+'JOUR 11'!G6+'JOUR 12'!G6+'JOUR 13'!G6+'JOUR 14'!G6+#REF!+#REF! -> #REF! | H6: ='JOUR 1'!H6+'JOUR 2'!H6+'JOUR 3'!H6+'JOUR 4'!H6+'JOUR 5'!H6+'JOUR 6'!H6+'JOUR 7'!H6+'JOUR 8'!H6+'JOUR 9'!H6+'JOUR 10'!H6+'JOUR 11'!H6+'JOUR 12'!H6+'JOUR 13'!H6+'JOUR 14'!H6+#REF!+#REF! -> #REF! | I6: ='JOUR 1'!I6+'JOUR 2'!I6+'JOUR 3'!I6+'JOUR 4'!I6+'JOUR 5'!I6+'JOUR 6'!I6+'JOUR 7'!I6+'JOUR 8'!I6+'JOUR 9'!I6+'JOUR 10'!I6+'JOUR 11'!I6+'JOUR 12'!I6+'JOUR 13'!I6+'JOUR 14'!I6+#REF!+#REF! -> #REF! | J6: ='JOUR 1'!J6+'JOUR 2'!J6+'JOUR 3'!J6+'JOUR 4'!J6+'JOUR 5'!J6+'JOUR 6'!J6+'JOUR 7'!J6+'JOUR 8'!J6+'JOUR 9'!J6+'JOUR 10'!J6+'JOUR 11'!J6+'JOUR 12'!J6+'JOUR 13'!J6+'JOUR 14'!J6+#REF!+#REF! -> #REF! | K6: ='JOUR 1'!K6+'JOUR 2'!K6+'JOUR 3'!K6+'JOUR 4'!K6+'JOUR 5'!K6+'JOUR 6'!K6+'JOUR 7'!K6+'JOUR 8'!K6+'JOUR 9'!K6+'JOUR 10'!K6+'JOUR 11'!K6+'JOUR 12'!K6+'JOUR 13'!K6+'JOUR 14'!K6+#REF!+#REF! -> #REF! | ... AG6: ='JOUR 1'!AG6+'JOUR 2'!AG6+'JOUR 3'!AG6+'JOUR 4'!AG6+'JOUR 5'!AG6+'JOUR 6'!AG6+'JOUR 7'!AG6+'JOUR 8'!AG6+'JOUR 9'!AG6+'JOUR 10'!AG6+'JOUR 11'!AG6+'JOUR 12'!AG6+'JOUR 13'!AG6+'JOUR 14'!AG6+#REF!+#REF! -> #REF! | AK6: =S6/D6 -> #REF! | AL6: =T6/E6 -> #REF! | AM6: =U6/F6 -> #REF! | AN6: =V6/G6 -> #REF! | AO6: =W6/H6 -> #REF! | AS6: =AA6/L6 -> #REF!
B7: KING CASH | C7: KING CASH ABOBO MAIRIE | D7: ='JOUR 1'!D7+'JOUR 2'!D7+'JOUR 3'!D7+'JOUR 4'!D7+'JOUR 5'!D7+'JOUR 6'!D7+'JOUR 7'!D7+'JOUR 8'!D7+'JOUR 9'!D7+'JOUR 10'!D7+'JOUR 11'!D7+'JOUR 12'!D7+'JOUR 13'!D7+'JOUR 14'!D7+#REF!+#REF! -> #REF! | E7: ='JOUR 1'!E7+'JOUR 2'!E7+'JOUR 3'!E7+'JOUR 4'!E7+'JOUR 5'!E7+'JOUR 6'!E7+'JOUR 7'!E7+'JOUR 8'!E7+'JOUR 9'!E7+'JOUR 10'!E7+'JOUR 11'!E7+'JOUR 12'!E7+'JOUR 13'!E7+'JOUR 14'!E7+#REF!+#REF! -> #REF! | F7: ='JOUR 1'!F7+'JOUR 2'!F7+'JOUR 3'!F7+'JOUR 4'!F7+'JOUR 5'!F7+'JOUR 6'!F7+'JOUR 7'!F7+'JOUR 8'!F7+'JOUR 9'!F7+'JOUR 10'!F7+'JOUR 11'!F7+'JOUR 12'!F7+'JOUR 13'!F7+'JOUR 14'!F7+#REF!+#REF! -> #REF! | G7: ='JOUR 1'!G7+'JOUR 2'!G7+'JOUR 3'!G7+'JOUR 4'!G7+'JOUR 5'!G7+'JOUR 6'!G7+'JOUR 7'!G7+'JOUR 8'!G7+'JOUR 9'!G7+'JOUR 10'!G7+'JOUR 11'!G7+'JOUR 12'!G7+'JOUR 13'!G7+'JOUR 14'!G7+#REF!+#REF! -> #REF! | H7: ='JOUR 1'!H7+'JOUR 2'!H7+'JOUR 3'!H7+'JOUR 4'!H7+'JOUR 5'!H7+'JOUR 6'!H7+'JOUR 7'!H7+'JOUR 8'!H7+'JOUR 9'!H7+'JOUR 10'!H7+'JOUR 11'!H7+'JOUR 12'!H7+'JOUR 13'!H7+'JOUR 14'!H7+#REF!+#REF! -> #REF! | I7: ='JOUR 1'!I7+'JOUR 2'!I7+'JOUR 3'!I7+'JOUR 4'!I7+'JOUR 5'!I7+'JOUR 6'!I7+'JOUR 7'!I7+'JOUR 8'!I7+'JOUR 9'!I7+'JOUR 10'!I7+'JOUR 11'!I7+'JOUR 12'!I7+'JOUR 13'!I7+'JOUR 14'!I7+#REF!+#REF! -> #REF! | J7: ='JOUR 1'!J7+'JOUR 2'!J7+'JOUR 3'!J7+'JOUR 4'!J7+'JOUR 5'!J7+'JOUR 6'!J7+'JOUR 7'!J7+'JOUR 8'!J7+'JOUR 9'!J7+'JOUR 10'!J7+'JOUR 11'!J7+'JOUR 12'!J7+'JOUR 13'!J7+'JOUR 14'!J7+#REF!+#REF! -> #REF! | K7: ='JOUR 1'!K7+'JOUR 2'!K7+'JOUR 3'!K7+'JOUR 4'!K7+'JOUR 5'!K7+'JOUR 6'!K7+'JOUR 7'!K7+'JOUR 8'!K7+'JOUR 9'!K7+'JOUR 10'!K7+'JOUR 11'!K7+'JOUR 12'!K7+'JOUR 13'!K7+'JOUR 14'!K7+#REF!+#REF! -> #REF! | ... AG7: ='JOUR 1'!AG7+'JOUR 2'!AG7+'JOUR 3'!AG7+'JOUR 4'!AG7+'JOUR 5'!AG7+'JOUR 6'!AG7+'JOUR 7'!AG7+'JOUR 8'!AG7+'JOUR 9'!AG7+'JOUR 10'!AG7+'JOUR 11'!AG7+'JOUR 12'!AG7+'JOUR 13'!AG7+'JOUR 14'!AG7+#REF!+#REF! -> #REF! | AK7: =S7/D7 -> #REF! | AL7: =T7/E7 -> #REF! | AM7: =U7/F7 -> #REF! | AN7: =V7/G7 -> #REF! | AO7: =W7/H7 -> #REF! | AS7: =AA7/L7 -> #REF!
B8: KING CASH | C8: KING CASH SIPOREX | D8: ='JOUR 1'!D8+'JOUR 2'!D8+'JOUR 3'!D8+'JOUR 4'!D8+'JOUR 5'!D8+'JOUR 6'!D8+'JOUR 7'!D8+'JOUR 8'!D8+'JOUR 9'!D8+'JOUR 10'!D8+'JOUR 11'!D8+'JOUR 12'!D8+'JOUR 13'!D8+'JOUR 14'!D8+#REF!+#REF! -> #REF! | E8: ='JOUR 1'!E8+'JOUR 2'!E8+'JOUR 3'!E8+'JOUR 4'!E8+'JOUR 5'!E8+'JOUR 6'!E8+'JOUR 7'!E8+'JOUR 8'!E8+'JOUR 9'!E8+'JOUR 10'!E8+'JOUR 11'!E8+'JOUR 12'!E8+'JOUR 13'!E8+'JOUR 14'!E8+#REF!+#REF! -> #REF! | F8: ='JOUR 1'!F8+'JOUR 2'!F8+'JOUR 3'!F8+'JOUR 4'!F8+'JOUR 5'!F8+'JOUR 6'!F8+'JOUR 7'!F8+'JOUR 8'!F8+'JOUR 9'!F8+'JOUR 10'!F8+'JOUR 11'!F8+'JOUR 12'!F8+'JOUR 13'!F8+'JOUR 14'!F8+#REF!+#REF! -> #REF! | G8: ='JOUR 1'!G8+'JOUR 2'!G8+'JOUR 3'!G8+'JOUR 4'!G8+'JOUR 5'!G8+'JOUR 6'!G8+'JOUR 7'!G8+'JOUR 8'!G8+'JOUR 9'!G8+'JOUR 10'!G8+'JOUR 11'!G8+'JOUR 12'!G8+'JOUR 13'!G8+'JOUR 14'!G8+#REF!+#REF! -> #REF! | H8: ='JOUR 1'!H8+'JOUR 2'!H8+'JOUR 3'!H8+'JOUR 4'!H8+'JOUR 5'!H8+'JOUR 6'!H8+'JOUR 7'!H8+'JOUR 8'!H8+'JOUR 9'!H8+'JOUR 10'!H8+'JOUR 11'!H8+'JOUR 12'!H8+'JOUR 13'!H8+'JOUR 14'!H8+#REF!+#REF! -> #REF! | I8: ='JOUR 1'!I8+'JOUR 2'!I8+'JOUR 3'!I8+'JOUR 4'!I8+'JOUR 5'!I8+'JOUR 6'!I8+'JOUR 7'!I8+'JOUR 8'!I8+'JOUR 9'!I8+'JOUR 10'!I8+'JOUR 11'!I8+'JOUR 12'!I8+'JOUR 13'!I8+'JOUR 14'!I8+#REF!+#REF! -> #REF! | J8: ='JOUR 1'!J8+'JOUR 2'!J8+'JOUR 3'!J8+'JOUR 4'!J8+'JOUR 5'!J8+'JOUR 6'!J8+'JOUR 7'!J8+'JOUR 8'!J8+'JOUR 9'!J8+'JOUR 10'!J8+'JOUR 11'!J8+'JOUR 12'!J8+'JOUR 13'!J8+'JOUR 14'!J8+#REF!+#REF! -> #REF! | K8: ='JOUR 1'!K8+'JOUR 2'!K8+'JOUR 3'!K8+'JOUR 4'!K8+'JOUR 5'!K8+'JOUR 6'!K8+'JOUR 7'!K8+'JOUR 8'!K8+'JOUR 9'!K8+'JOUR 10'!K8+'JOUR 11'!K8+'JOUR 12'!K8+'JOUR 13'!K8+'JOUR 14'!K8+#REF!+#REF! -> #REF! | ... AG8: ='JOUR 1'!AG8+'JOUR 2'!AG8+'JOUR 3'!AG8+'JOUR 4'!AG8+'JOUR 5'!AG8+'JOUR 6'!AG8+'JOUR 7'!AG8+'JOUR 8'!AG8+'JOUR 9'!AG8+'JOUR 10'!AG8+'JOUR 11'!AG8+'JOUR 12'!AG8+'JOUR 13'!AG8+'JOUR 14'!AG8+#REF!+#REF! -> #REF! | AK8: =S8/D8 -> #REF! | AL8: =T8/E8 -> #REF! | AM8: =U8/F8 -> #REF! | AN8: =V8/G8 -> #REF! | AO8: =W8/H8 -> #REF! | AS8: =AA8/L8 -> #REF!
B9: KING CASH | C9: KING CASH PRINCES. | D9: ='JOUR 1'!D9+'JOUR 2'!D9+'JOUR 3'!D9+'JOUR 4'!D9+'JOUR 5'!D9+'JOUR 6'!D9+'JOUR 7'!D9+'JOUR 8'!D9+'JOUR 9'!D9+'JOUR 10'!D9+'JOUR 11'!D9+'JOUR 12'!D9+'JOUR 13'!D9+'JOUR 14'!D9+#REF!+#REF! -> #REF! | E9: ='JOUR 1'!E9+'JOUR 2'!E9+'JOUR 3'!E9+'JOUR 4'!E9+'JOUR 5'!E9+'JOUR 6'!E9+'JOUR 7'!E9+'JOUR 8'!E9+'JOUR 9'!E9+'JOUR 10'!E9+'JOUR 11'!E9+'JOUR 12'!E9+'JOUR 13'!E9+'JOUR 14'!E9+#REF!+#REF! -> #REF! | F9: ='JOUR 1'!F9+'JOUR 2'!F9+'JOUR 3'!F9+'JOUR 4'!F9+'JOUR 5'!F9+'JOUR 6'!F9+'JOUR 7'!F9+'JOUR 8'!F9+'JOUR 9'!F9+'JOUR 10'!F9+'JOUR 11'!F9+'JOUR 12'!F9+'JOUR 13'!F9+'JOUR 14'!F9+#REF!+#REF! -> #REF! | G9: ='JOUR 1'!G9+'JOUR 2'!G9+'JOUR 3'!G9+'JOUR 4'!G9+'JOUR 5'!G9+'JOUR 6'!G9+'JOUR 7'!G9+'JOUR 8'!G9+'JOUR 9'!G9+'JOUR 10'!G9+'JOUR 11'!G9+'JOUR 12'!G9+'JOUR 13'!G9+'JOUR 14'!G9+#REF!+#REF! -> #REF! | H9: ='JOUR 1'!H9+'JOUR 2'!H9+'JOUR 3'!H9+'JOUR 4'!H9+'JOUR 5'!H9+'JOUR 6'!H9+'JOUR 7'!H9+'JOUR 8'!H9+'JOUR 9'!H9+'JOUR 10'!H9+'JOUR 11'!H9+'JOUR 12'!H9+'JOUR 13'!H9+'JOUR 14'!H9+#REF!+#REF! -> #REF! | I9: ='JOUR 1'!I9+'JOUR 2'!I9+'JOUR 3'!I9+'JOUR 4'!I9+'JOUR 5'!I9+'JOUR 6'!I9+'JOUR 7'!I9+'JOUR 8'!I9+'JOUR 9'!I9+'JOUR 10'!I9+'JOUR 11'!I9+'JOUR 12'!I9+'JOUR 13'!I9+'JOUR 14'!I9+#REF!+#REF! -> #REF! | J9: ='JOUR 1'!J9+'JOUR 2'!J9+'JOUR 3'!J9+'JOUR 4'!J9+'JOUR 5'!J9+'JOUR 6'!J9+'JOUR 7'!J9+'JOUR 8'!J9+'JOUR 9'!J9+'JOUR 10'!J9+'JOUR 11'!J9+'JOUR 12'!J9+'JOUR 13'!J9+'JOUR 14'!J9+#REF!+#REF! -> #REF! | K9: ='JOUR 1'!K9+'JOUR 2'!K9+'JOUR 3'!K9+'JOUR 4'!K9+'JOUR 5'!K9+'JOUR 6'!K9+'JOUR 7'!K9+'JOUR 8'!K9+'JOUR 9'!K9+'JOUR 10'!K9+'JOUR 11'!K9+'JOUR 12'!K9+'JOUR 13'!K9+'JOUR 14'!K9+#REF!+#REF! -> #REF! | ... AG9: ='JOUR 1'!AG9+'JOUR 2'!AG9+'JOUR 3'!AG9+'JOUR 4'!AG9+'JOUR 5'!AG9+'JOUR 6'!AG9+'JOUR 7'!AG9+'JOUR 8'!AG9+'JOUR 9'!AG9+'JOUR 10'!AG9+'JOUR 11'!AG9+'JOUR 12'!AG9+'JOUR 13'!AG9+'JOUR 14'!AG9+#REF!+#REF! -> #REF! | AK9: =S9/D9 -> #REF! | AL9: =T9/E9 -> #REF! | AM9: =U9/F9 -> #REF! | AN9: =V9/G9 -> #REF! | AO9: =W9/H9 -> #REF! | AS9: =AA9/L9 -> #REF!
B10: KING CASH | C10: KING CASH WAKOUBOUE | D10: ='JOUR 1'!D10+'JOUR 2'!D10+'JOUR 3'!D10+'JOUR 4'!D10+'JOUR 5'!D10+'JOUR 6'!D10+'JOUR 7'!D10+'JOUR 8'!D10+'JOUR 9'!D10+'JOUR 10'!D10+'JOUR 11'!D10+'JOUR 12'!D10+'JOUR 13'!D10+'JOUR 14'!D10+#REF!+#REF! -> #REF! | E10: ='JOUR 1'!E10+'JOUR 2'!E10+'JOUR 3'!E10+'JOUR 4'!E10+'JOUR 5'!E10+'JOUR 6'!E10+'JOUR 7'!E10+'JOUR 8'!E10+'JOUR 9'!E10+'JOUR 10'!E10+'JOUR 11'!E10+'JOUR 12'!E10+'JOUR 13'!E10+'JOUR 14'!E10+#REF!+#REF! -> #REF! | F10: ='JOUR 1'!F10+'JOUR 2'!F10+'JOUR 3'!F10+'JOUR 4'!F10+'JOUR 5'!F10+'JOUR 6'!F10+'JOUR 7'!F10+'JOUR 8'!F10+'JOUR 9'!F10+'JOUR 10'!F10+'JOUR 11'!F10+'JOUR 12'!F10+'JOUR 13'!F10+'JOUR 14'!F10+#REF!+#REF! -> #REF! | G10: ='JOUR 1'!G10+'JOUR 2'!G10+'JOUR 3'!G10+'JOUR 4'!G10+'JOUR 5'!G10+'JOUR 6'!G10+'JOUR 7'!G10+'JOUR 8'!G10+'JOUR 9'!G10+'JOUR 10'!G10+'JOUR 11'!G10+'JOUR 12'!G10+'JOUR 13'!G10+'JOUR 14'!G10+#REF!+#REF! -> #REF! | H10: ='JOUR 1'!H10+'JOUR 2'!H10+'JOUR 3'!H10+'JOUR 4'!H10+'JOUR 5'!H10+'JOUR 6'!H10+'JOUR 7'!H10+'JOUR 8'!H10+'JOUR 9'!H10+'JOUR 10'!H10+'JOUR 11'!H10+'JOUR 12'!H10+'JOUR 13'!H10+'JOUR 14'!H10+#REF!+#REF! -> #REF! | I10: ='JOUR 1'!I10+'JOUR 2'!I10+'JOUR 3'!I10+'JOUR 4'!I10+'JOUR 5'!I10+'JOUR 6'!I10+'JOUR 7'!I10+'JOUR 8'!I10+'JOUR 9'!I10+'JOUR 10'!I10+'JOUR 11'!I10+'JOUR 12'!I10+'JOUR 13'!I10+'JOUR 14'!I10+#REF!+#REF! -> #REF! | J10: ='JOUR 1'!J10+'JOUR 2'!J10+'JOUR 3'!J10+'JOUR 4'!J10+'JOUR 5'!J10+'JOUR 6'!J10+'JOUR 7'!J10+'JOUR 8'!J10+'JOUR 9'!J10+'JOUR 10'!J10+'JOUR 11'!J10+'JOUR 12'!J10+'JOUR 13'!J10+'JOUR 14'!J10+#REF!+#REF! -> #REF! | K10: ='JOUR 1'!K10+'JOUR 2'!K10+'JOUR 3'!K10+'JOUR 4'!K10+'JOUR 5'!K10+'JOUR 6'!K10+'JOUR 7'!K10+'JOUR 8'!K10+'JOUR 9'!K10+'JOUR 10'!K10+'JOUR 11'!K10+'JOUR 12'!K10+'JOUR 13'!K10+'JOUR 14'!K10+#REF!+#REF! -> #REF! | ... AG10: ='JOUR 1'!AG10+'JOUR 2'!AG10+'JOUR 3'!AG10+'JOUR 4'!AG10+'JOUR 5'!AG10+'JOUR 6'!AG10+'JOUR 7'!AG10+'JOUR 8'!AG10+'JOUR 9'!AG10+'JOUR 10'!AG10+'JOUR 11'!AG10+'JOUR 12'!AG10+'JOUR 13'!AG10+'JOUR 14'!AG10+#REF!+#REF! -> #REF! | AK10: =S10/D10 -> #REF! | AL10: =T10/E10 -> #REF! | AM10: =U10/F10 -> #REF! | AN10: =V10/G10 -> #REF! | AO10: =W10/H10 -> #REF! | AS10: =AA10/L10 -> #REF!
B11: KING CASH | C11: KING CASH ABOBO KAZA | D11: ='JOUR 1'!D11+'JOUR 2'!D11+'JOUR 3'!D11+'JOUR 4'!D11+'JOUR 5'!D11+'JOUR 6'!D11+'JOUR 7'!D11+'JOUR 8'!D11+'JOUR 9'!D11+'JOUR 10'!D11+'JOUR 11'!D11+'JOUR 12'!D11+'JOUR 13'!D11+'JOUR 14'!D11+#REF!+#REF! -> #REF! | E11: ='JOUR 1'!E11+'JOUR 2'!E11+'JOUR 3'!E11+'JOUR 4'!E11+'JOUR 5'!E11+'JOUR 6'!E11+'JOUR 7'!E11+'JOUR 8'!E11+'JOUR 9'!E11+'JOUR 10'!E11+'JOUR 11'!E11+'JOUR 12'!E11+'JOUR 13'!E11+'JOUR 14'!E11+#REF!+#REF! -> #REF! | F11: ='JOUR 1'!F11+'JOUR 2'!F11+'JOUR 3'!F11+'JOUR 4'!F11+'JOUR 5'!F11+'JOUR 6'!F11+'JOUR 7'!F11+'JOUR 8'!F11+'JOUR 9'!F11+'JOUR 10'!F11+'JOUR 11'!F11+'JOUR 12'!F11+'JOUR 13'!F11+'JOUR 14'!F11+#REF!+#REF! -> #REF! | G11: ='JOUR 1'!G11+'JOUR 2'!G11+'JOUR 3'!G11+'JOUR 4'!G11+'JOUR 5'!G11+'JOUR 6'!G11+'JOUR 7'!G11+'JOUR 8'!G11+'JOUR 9'!G11+'JOUR 10'!G11+'JOUR 11'!G11+'JOUR 12'!G11+'JOUR 13'!G11+'JOUR 14'!G11+#REF!+#REF! -> #REF! | H11: ='JOUR 1'!H11+'JOUR 2'!H11+'JOUR 3'!H11+'JOUR 4'!H11+'JOUR 5'!H11+'JOUR 6'!H11+'JOUR 7'!H11+'JOUR 8'!H11+'JOUR 9'!H11+'JOUR 10'!H11+'JOUR 11'!H11+'JOUR 12'!H11+'JOUR 13'!H11+'JOUR 14'!H11+#REF!+#REF! -> #REF! | I11: ='JOUR 1'!I11+'JOUR 2'!I11+'JOUR 3'!I11+'JOUR 4'!I11+'JOUR 5'!I11+'JOUR 6'!I11+'JOUR 7'!I11+'JOUR 8'!I11+'JOUR 9'!I11+'JOUR 10'!I11+'JOUR 11'!I11+'JOUR 12'!I11+'JOUR 13'!I11+'JOUR 14'!I11+#REF!+#REF! -> #REF! | J11: ='JOUR 1'!J11+'JOUR 2'!J11+'JOUR 3'!J11+'JOUR 4'!J11+'JOUR 5'!J11+'JOUR 6'!J11+'JOUR 7'!J11+'JOUR 8'!J11+'JOUR 9'!J11+'JOUR 10'!J11+'JOUR 11'!J11+'JOUR 12'!J11+'JOUR 13'!J11+'JOUR 14'!J11+#REF!+#REF! -> #REF! | K11: ='JOUR 1'!K11+'JOUR 2'!K11+'JOUR 3'!K11+'JOUR 4'!K11+'JOUR 5'!K11+'JOUR 6'!K11+'JOUR 7'!K11+'JOUR 8'!K11+'JOUR 9'!K11+'JOUR 10'!K11+'JOUR 11'!K11+'JOUR 12'!K11+'JOUR 13'!K11+'JOUR 14'!K11+#REF!+#REF! -> #REF! | ... AG11: ='JOUR 1'!AG11+'JOUR 2'!AG11+'JOUR 3'!AG11+'JOUR 4'!AG11+'JOUR 5'!AG11+'JOUR 6'!AG11+'JOUR 7'!AG11+'JOUR 8'!AG11+'JOUR 9'!AG11+'JOUR 10'!AG11+'JOUR 11'!AG11+'JOUR 12'!AG11+'JOUR 13'!AG11+'JOUR 14'!AG11+#REF!+#REF! -> #REF! | AK11: =S11/D11 -> #REF! | AL11: =T11/E11 -> #REF! | AM11: =U11/F11 -> #REF! | AN11: =V11/G11 -> #REF! | AO11: =W11/H11 -> #REF! | AS11: =AA11/L11 -> #REF!
B12: KING CASH | C12: KING CASH KENEYA | D12: ='JOUR 1'!D12+'JOUR 2'!D12+'JOUR 3'!D12+'JOUR 4'!D12+'JOUR 5'!D12+'JOUR 6'!D12+'JOUR 7'!D12+'JOUR 8'!D12+'JOUR 9'!D12+'JOUR 10'!D12+'JOUR 11'!D12+'JOUR 12'!D12+'JOUR 13'!D12+'JOUR 14'!D12+#REF!+#REF! -> #REF! | E12: ='JOUR 1'!E12+'JOUR 2'!E12+'JOUR 3'!E12+'JOUR 4'!E12+'JOUR 5'!E12+'JOUR 6'!E12+'JOUR 7'!E12+'JOUR 8'!E12+'JOUR 9'!E12+'JOUR 10'!E12+'JOUR 11'!E12+'JOUR 12'!E12+'JOUR 13'!E12+'JOUR 14'!E12+#REF!+#REF! -> #REF! | F12: ='JOUR 1'!F12+'JOUR 2'!F12+'JOUR 3'!F12+'JOUR 4'!F12+'JOUR 5'!F12+'JOUR 6'!F12+'JOUR 7'!F12+'JOUR 8'!F12+'JOUR 9'!F12+'JOUR 10'!F12+'JOUR 11'!F12+'JOUR 12'!F12+'JOUR 13'!F12+'JOUR 14'!F12+#REF!+#REF! -> #REF! | G12: ='JOUR 1'!G12+'JOUR 2'!G12+'JOUR 3'!G12+'JOUR 4'!G12+'JOUR 5'!G12+'JOUR 6'!G12+'JOUR 7'!G12+'JOUR 8'!G12+'JOUR 9'!G12+'JOUR 10'!G12+'JOUR 11'!G12+'JOUR 12'!G12+'JOUR 13'!G12+'JOUR 14'!G12+#REF!+#REF! -> #REF! | H12: ='JOUR 1'!H12+'JOUR 2'!H12+'JOUR 3'!H12+'JOUR 4'!H12+'JOUR 5'!H12+'JOUR 6'!H12+'JOUR 7'!H12+'JOUR 8'!H12+'JOUR 9'!H12+'JOUR 10'!H12+'JOUR 11'!H12+'JOUR 12'!H12+'JOUR 13'!H12+'JOUR 14'!H12+#REF!+#REF! -> #REF! | I12: ='JOUR 1'!I12+'JOUR 2'!I12+'JOUR 3'!I12+'JOUR 4'!I12+'JOUR 5'!I12+'JOUR 6'!I12+'JOUR 7'!I12+'JOUR 8'!I12+'JOUR 9'!I12+'JOUR 10'!I12+'JOUR 11'!I12+'JOUR 12'!I12+'JOUR 13'!I12+'JOUR 14'!I12+#REF!+#REF! -> #REF! | J12: ='JOUR 1'!J12+'JOUR 2'!J12+'JOUR 3'!J12+'JOUR 4'!J12+'JOUR 5'!J12+'JOUR 6'!J12+'JOUR 7'!J12+'JOUR 8'!J12+'JOUR 9'!J12+'JOUR 10'!J12+'JOUR 11'!J12+'JOUR 12'!J12+'JOUR 13'!J12+'JOUR 14'!J12+#REF!+#REF! -> #REF! | K12: ='JOUR 1'!K12+'JOUR 2'!K12+'JOUR 3'!K12+'JOUR 4'!K12+'JOUR 5'!K12+'JOUR 6'!K12+'JOUR 7'!K12+'JOUR 8'!K12+'JOUR 9'!K12+'JOUR 10'!K12+'JOUR 11'!K12+'JOUR 12'!K12+'JOUR 13'!K12+'JOUR 14'!K12+#REF!+#REF! -> #REF! | ... AG12: ='JOUR 1'!AG12+'JOUR 2'!AG12+'JOUR 3'!AG12+'JOUR 4'!AG12+'JOUR 5'!AG12+'JOUR 6'!AG12+'JOUR 7'!AG12+'JOUR 8'!AG12+'JOUR 9'!AG12+'JOUR 10'!AG12+'JOUR 11'!AG12+'JOUR 12'!AG12+'JOUR 13'!AG12+'JOUR 14'!AG12+#REF!+#REF! -> #REF! | AK12: =S12/D12 -> #REF! | AL12: =T12/E12 -> #REF! | AM12: =U12/F12 -> #REF! | AN12: =V12/G12 -> #REF! | AO12: =W12/H12 -> #REF! | AS12: =AA12/L12 -> #REF!
B13: KING CASH | C13: KING CASH ABOBO PALAIS 2 | D13: ='JOUR 1'!D13+'JOUR 2'!D13+'JOUR 3'!D13+'JOUR 4'!D13+'JOUR 5'!D13+'JOUR 6'!D13+'JOUR 7'!D13+'JOUR 8'!D13+'JOUR 9'!D13+'JOUR 10'!D13+'JOUR 11'!D13+'JOUR 12'!D13+'JOUR 13'!D13+'JOUR 14'!D13+#REF!+#REF! -> #REF! | E13: ='JOUR 1'!E13+'JOUR 2'!E13+'JOUR 3'!E13+'JOUR 4'!E13+'JOUR 5'!E13+'JOUR 6'!E13+'JOUR 7'!E13+'JOUR 8'!E13+'JOUR 9'!E13+'JOUR 10'!E13+'JOUR 11'!E13+'JOUR 12'!E13+'JOUR 13'!E13+'JOUR 14'!E13+#REF!+#REF! -> #REF! | F13: ='JOUR 1'!F13+'JOUR 2'!F13+'JOUR 3'!F13+'JOUR 4'!F13+'JOUR 5'!F13+'JOUR 6'!F13+'JOUR 7'!F13+'JOUR 8'!F13+'JOUR 9'!F13+'JOUR 10'!F13+'JOUR 11'!F13+'JOUR 12'!F13+'JOUR 13'!F13+'JOUR 14'!F13+#REF!+#REF! -> #REF! | G13: ='JOUR 1'!G13+'JOUR 2'!G13+'JOUR 3'!G13+'JOUR 4'!G13+'JOUR 5'!G13+'JOUR 6'!G13+'JOUR 7'!G13+'JOUR 8'!G13+'JOUR 9'!G13+'JOUR 10'!G13+'JOUR 11'!G13+'JOUR 12'!G13+'JOUR 13'!G13+'JOUR 14'!G13+#REF!+#REF! -> #REF! | H13: ='JOUR 1'!H13+'JOUR 2'!H13+'JOUR 3'!H13+'JOUR 4'!H13+'JOUR 5'!H13+'JOUR 6'!H13+'JOUR 7'!H13+'JOUR 8'!H13+'JOUR 9'!H13+'JOUR 10'!H13+'JOUR 11'!H13+'JOUR 12'!H13+'JOUR 13'!H13+'JOUR 14'!H13+#REF!+#REF! -> #REF! | I13: ='JOUR 1'!I13+'JOUR 2'!I13+'JOUR 3'!I13+'JOUR 4'!I13+'JOUR 5'!I13+'JOUR 6'!I13+'JOUR 7'!I13+'JOUR 8'!I13+'JOUR 9'!I13+'JOUR 10'!I13+'JOUR 11'!I13+'JOUR 12'!I13+'JOUR 13'!I13+'JOUR 14'!I13+#REF!+#REF! -> #REF! | J13: ='JOUR 1'!J13+'JOUR 2'!J13+'JOUR 3'!J13+'JOUR 4'!J13+'JOUR 5'!J13+'JOUR 6'!J13+'JOUR 7'!J13+'JOUR 8'!J13+'JOUR 9'!J13+'JOUR 10'!J13+'JOUR 11'!J13+'JOUR 12'!J13+'JOUR 13'!J13+'JOUR 14'!J13+#REF!+#REF! -> #REF! | K13: ='JOUR 1'!K13+'JOUR 2'!K13+'JOUR 3'!K13+'JOUR 4'!K13+'JOUR 5'!K13+'JOUR 6'!K13+'JOUR 7'!K13+'JOUR 8'!K13+'JOUR 9'!K13+'JOUR 10'!K13+'JOUR 11'!K13+'JOUR 12'!K13+'JOUR 13'!K13+'JOUR 14'!K13+#REF!+#REF! -> #REF! | ... AG13: ='JOUR 1'!AG13+'JOUR 2'!AG13+'JOUR 3'!AG13+'JOUR 4'!AG13+'JOUR 5'!AG13+'JOUR 6'!AG13+'JOUR 7'!AG13+'JOUR 8'!AG13+'JOUR 9'!AG13+'JOUR 10'!AG13+'JOUR 11'!AG13+'JOUR 12'!AG13+'JOUR 13'!AG13+'JOUR 14'!AG13+#REF!+#REF! -> #REF! | AK13: =S13/D13 -> #REF! | AL13: =T13/E13 -> #REF! | AM13: =U13/F13 -> #REF! | AN13: =V13/G13 -> #REF! | AO13: =W13/H13 -> #REF! | AS13: =AA13/L13 -> #REF!
B14: KING CASH | C14: KING CASH DABOU | D14: ='JOUR 1'!D14+'JOUR 2'!D14+'JOUR 3'!D14+'JOUR 4'!D14+'JOUR 5'!D14+'JOUR 6'!D14+'JOUR 7'!D14+'JOUR 8'!D14+'JOUR 9'!D14+'JOUR 10'!D14+'JOUR 11'!D14+'JOUR 12'!D14+'JOUR 13'!D14+'JOUR 14'!D14+#REF!+#REF! -> #REF! | E14: ='JOUR 1'!E14+'JOUR 2'!E14+'JOUR 3'!E14+'JOUR 4'!E14+'JOUR 5'!E14+'JOUR 6'!E14+'JOUR 7'!E14+'JOUR 8'!E14+'JOUR 9'!E14+'JOUR 10'!E14+'JOUR 11'!E14+'JOUR 12'!E14+'JOUR 13'!E14+'JOUR 14'!E14+#REF!+#REF! -> #REF! | F14: ='JOUR 1'!F14+'JOUR 2'!F14+'JOUR 3'!F14+'JOUR 4'!F14+'JOUR 5'!F14+'JOUR 6'!F14+'JOUR 7'!F14+'JOUR 8'!F14+'JOUR 9'!F14+'JOUR 10'!F14+'JOUR 11'!F14+'JOUR 12'!F14+'JOUR 13'!F14+'JOUR 14'!F14+#REF!+#REF! -> #REF! | G14: ='JOUR 1'!G14+'JOUR 2'!G14+'JOUR 3'!G14+'JOUR 4'!G14+'JOUR 5'!G14+'JOUR 6'!G14+'JOUR 7'!G14+'JOUR 8'!G14+'JOUR 9'!G14+'JOUR 10'!G14+'JOUR 11'!G14+'JOUR 12'!G14+'JOUR 13'!G14+'JOUR 14'!G14+#REF!+#REF! -> #REF! | H14: ='JOUR 1'!H14+'JOUR 2'!H14+'JOUR 3'!H14+'JOUR 4'!H14+'JOUR 5'!H14+'JOUR 6'!H14+'JOUR 7'!H14+'JOUR 8'!H14+'JOUR 9'!H14+'JOUR 10'!H14+'JOUR 11'!H14+'JOUR 12'!H14+'JOUR 13'!H14+'JOUR 14'!H14+#REF!+#REF! -> #REF! | I14: ='JOUR 1'!I14+'JOUR 2'!I14+'JOUR 3'!I14+'JOUR 4'!I14+'JOUR 5'!I14+'JOUR 6'!I14+'JOUR 7'!I14+'JOUR 8'!I14+'JOUR 9'!I14+'JOUR 10'!I14+'JOUR 11'!I14+'JOUR 12'!I14+'JOUR 13'!I14+'JOUR 14'!I14+#REF!+#REF! -> #REF! | J14: ='JOUR 1'!J14+'JOUR 2'!J14+'JOUR 3'!J14+'JOUR 4'!J14+'JOUR 5'!J14+'JOUR 6'!J14+'JOUR 7'!J14+'JOUR 8'!J14+'JOUR 9'!J14+'JOUR 10'!J14+'JOUR 11'!J14+'JOUR 12'!J14+'JOUR 13'!J14+'JOUR 14'!J14+#REF!+#REF! -> #REF! | K14: ='JOUR 1'!K14+'JOUR 2'!K14+'JOUR 3'!K14+'JOUR 4'!K14+'JOUR 5'!K14+'JOUR 6'!K14+'JOUR 7'!K14+'JOUR 8'!K14+'JOUR 9'!K14+'JOUR 10'!K14+'JOUR 11'!K14+'JOUR 12'!K14+'JOUR 13'!K14+'JOUR 14'!K14+#REF!+#REF! -> #REF! | ... AG14: ='JOUR 1'!AG14+'JOUR 2'!AG14+'JOUR 3'!AG14+'JOUR 4'!AG14+'JOUR 5'!AG14+'JOUR 6'!AG14+'JOUR 7'!AG14+'JOUR 8'!AG14+'JOUR 9'!AG14+'JOUR 10'!AG14+'JOUR 11'!AG14+'JOUR 12'!AG14+'JOUR 13'!AG14+'JOUR 14'!AG14+#REF!+#REF! -> #REF! | AK14: =S14/D14 -> #REF! | AL14: =T14/E14 -> #REF! | AM14: =U14/F14 -> #REF! | AN14: =V14/G14 -> #REF! | AO14: =W14/H14 -> #REF! | AS14: =AA14/L14 -> #REF!
B15: KING CASH | C15: KING CASH 07 DECEMBRE | D15: ='JOUR 1'!D15+'JOUR 2'!D15+'JOUR 3'!D15+'JOUR 4'!D15+'JOUR 5'!D15+'JOUR 6'!D15+'JOUR 7'!D15+'JOUR 8'!D15+'JOUR 9'!D15+'JOUR 10'!D15+'JOUR 11'!D15+'JOUR 12'!D15+'JOUR 13'!D15+'JOUR 14'!D15+#REF!+#REF! -> #REF! | E15: ='JOUR 1'!E15+'JOUR 2'!E15+'JOUR 3'!E15+'JOUR 4'!E15+'JOUR 5'!E15+'JOUR 6'!E15+'JOUR 7'!E15+'JOUR 8'!E15+'JOUR 9'!E15+'JOUR 10'!E15+'JOUR 11'!E15+'JOUR 12'!E15+'JOUR 13'!E15+'JOUR 14'!E15+#REF!+#REF! -> #REF! | F15: ='JOUR 1'!F15+'JOUR 2'!F15+'JOUR 3'!F15+'JOUR 4'!F15+'JOUR 5'!F15+'JOUR 6'!F15+'JOUR 7'!F15+'JOUR 8'!F15+'JOUR 9'!F15+'JOUR 10'!F15+'JOUR 11'!F15+'JOUR 12'!F15+'JOUR 13'!F15+'JOUR 14'!F15+#REF!+#REF! -> #REF! | G15: ='JOUR 1'!G15+'JOUR 2'!G15+'JOUR 3'!G15+'JOUR 4'!G15+'JOUR 5'!G15+'JOUR 6'!G15+'JOUR 7'!G15+'JOUR 8'!G15+'JOUR 9'!G15+'JOUR 10'!G15+'JOUR 11'!G15+'JOUR 12'!G15+'JOUR 13'!G15+'JOUR 14'!G15+#REF!+#REF! -> #REF! | H15: ='JOUR 1'!H15+'JOUR 2'!H15+'JOUR 3'!H15+'JOUR 4'!H15+'JOUR 5'!H15+'JOUR 6'!H15+'JOUR 7'!H15+'JOUR 8'!H15+'JOUR 9'!H15+'JOUR 10'!H15+'JOUR 11'!H15+'JOUR 12'!H15+'JOUR 13'!H15+'JOUR 14'!H15+#REF!+#REF! -> #REF! | I15: ='JOUR 1'!I15+'JOUR 2'!I15+'JOUR 3'!I15+'JOUR 4'!I15+'JOUR 5'!I15+'JOUR 6'!I15+'JOUR 7'!I15+'JOUR 8'!I15+'JOUR 9'!I15+'JOUR 10'!I15+'JOUR 11'!I15+'JOUR 12'!I15+'JOUR 13'!I15+'JOUR 14'!I15+#REF!+#REF! -> #REF! | J15: ='JOUR 1'!J15+'JOUR 2'!J15+'JOUR 3'!J15+'JOUR 4'!J15+'JOUR 5'!J15+'JOUR 6'!J15+'JOUR 7'!J15+'JOUR 8'!J15+'JOUR 9'!J15+'JOUR 10'!J15+'JOUR 11'!J15+'JOUR 12'!J15+'JOUR 13'!J15+'JOUR 14'!J15+#REF!+#REF! -> #REF! | K15: ='JOUR 1'!K15+'JOUR 2'!K15+'JOUR 3'!K15+'JOUR 4'!K15+'JOUR 5'!K15+'JOUR 6'!K15+'JOUR 7'!K15+'JOUR 8'!K15+'JOUR 9'!K15+'JOUR 10'!K15+'JOUR 11'!K15+'JOUR 12'!K15+'JOUR 13'!K15+'JOUR 14'!K15+#REF!+#REF! -> #REF! | ... AG15: ='JOUR 1'!AG15+'JOUR 2'!AG15+'JOUR 3'!AG15+'JOUR 4'!AG15+'JOUR 5'!AG15+'JOUR 6'!AG15+'JOUR 7'!AG15+'JOUR 8'!AG15+'JOUR 9'!AG15+'JOUR 10'!AG15+'JOUR 11'!AG15+'JOUR 12'!AG15+'JOUR 13'!AG15+'JOUR 14'!AG15+#REF!+#REF! -> #REF! | AK15: =S15/D15 -> #REF! | AL15: =T15/E15 -> #REF! | AM15: =U15/F15 -> #REF! | AN15: =V15/G15 -> #REF! | AO15: =W15/H15 -> #REF! | AS15: =AA15/L15 -> #REF!
B16: KING CASH | C16: KING CASH REMBLAIS | D16: ='JOUR 1'!D16+'JOUR 2'!D16+'JOUR 3'!D16+'JOUR 4'!D16+'JOUR 5'!D16+'JOUR 6'!D16+'JOUR 7'!D16+'JOUR 8'!D16+'JOUR 9'!D16+'JOUR 10'!D16+'JOUR 11'!D16+'JOUR 12'!D16+'JOUR 13'!D16+'JOUR 14'!D16+#REF!+#REF! -> #REF! | E16: ='JOUR 1'!E16+'JOUR 2'!E16+'JOUR 3'!E16+'JOUR 4'!E16+'JOUR 5'!E16+'JOUR 6'!E16+'JOUR 7'!E16+'JOUR 8'!E16+'JOUR 9'!E16+'JOUR 10'!E16+'JOUR 11'!E16+'JOUR 12'!E16+'JOUR 13'!E16+'JOUR 14'!E16+#REF!+#REF! -> #REF! | F16: ='JOUR 1'!F16+'JOUR 2'!F16+'JOUR 3'!F16+'JOUR 4'!F16+'JOUR 5'!F16+'JOUR 6'!F16+'JOUR 7'!F16+'JOUR 8'!F16+'JOUR 9'!F16+'JOUR 10'!F16+'JOUR 11'!F16+'JOUR 12'!F16+'JOUR 13'!F16+'JOUR 14'!F16+#REF!+#REF! -> #REF! | G16: ='JOUR 1'!G16+'JOUR 2'!G16+'JOUR 3'!G16+'JOUR 4'!G16+'JOUR 5'!G16+'JOUR 6'!G16+'JOUR 7'!G16+'JOUR 8'!G16+'JOUR 9'!G16+'JOUR 10'!G16+'JOUR 11'!G16+'JOUR 12'!G16+'JOUR 13'!G16+'JOUR 14'!G16+#REF!+#REF! -> #REF! | H16: ='JOUR 1'!H16+'JOUR 2'!H16+'JOUR 3'!H16+'JOUR 4'!H16+'JOUR 5'!H16+'JOUR 6'!H16+'JOUR 7'!H16+'JOUR 8'!H16+'JOUR 9'!H16+'JOUR 10'!H16+'JOUR 11'!H16+'JOUR 12'!H16+'JOUR 13'!H16+'JOUR 14'!H16+#REF!+#REF! -> #REF! | I16: ='JOUR 1'!I16+'JOUR 2'!I16+'JOUR 3'!I16+'JOUR 4'!I16+'JOUR 5'!I16+'JOUR 6'!I16+'JOUR 7'!I16+'JOUR 8'!I16+'JOUR 9'!I16+'JOUR 10'!I16+'JOUR 11'!I16+'JOUR 12'!I16+'JOUR 13'!I16+'JOUR 14'!I16+#REF!+#REF! -> #REF! | J16: ='JOUR 1'!J16+'JOUR 2'!J16+'JOUR 3'!J16+'JOUR 4'!J16+'JOUR 5'!J16+'JOUR 6'!J16+'JOUR 7'!J16+'JOUR 8'!J16+'JOUR 9'!J16+'JOUR 10'!J16+'JOUR 11'!J16+'JOUR 12'!J16+'JOUR 13'!J16+'JOUR 14'!J16+#REF!+#REF! -> #REF! | K16: ='JOUR 1'!K16+'JOUR 2'!K16+'JOUR 3'!K16+'JOUR 4'!K16+'JOUR 5'!K16+'JOUR 6'!K16+'JOUR 7'!K16+'JOUR 8'!K16+'JOUR 9'!K16+'JOUR 10'!K16+'JOUR 11'!K16+'JOUR 12'!K16+'JOUR 13'!K16+'JOUR 14'!K16+#REF!+#REF! -> #REF! | ... AG16: ='JOUR 1'!AG16+'JOUR 2'!AG16+'JOUR 3'!AG16+'JOUR 4'!AG16+'JOUR 5'!AG16+'JOUR 6'!AG16+'JOUR 7'!AG16+'JOUR 8'!AG16+'JOUR 9'!AG16+'JOUR 10'!AG16+'JOUR 11'!AG16+'JOUR 12'!AG16+'JOUR 13'!AG16+'JOUR 14'!AG16+#REF!+#REF! -> #REF! | AK16: =S16/D16 -> #REF! | AL16: =T16/E16 -> #REF! | AM16: =U16/F16 -> #REF! | AN16: =V16/G16 -> #REF! | AO16: =W16/H16 -> #REF! | AS16: =AA16/L16 -> #REF!
... B54: CDCI | C54: CDCI DEMI GROS GONZAGUEVILLE | D54: ='JOUR 1'!D54+'JOUR 2'!D54+'JOUR 3'!D54+'JOUR 4'!D54+'JOUR 5'!D54+'JOUR 6'!D54+'JOUR 7'!D54+'JOUR 8'!D54+'JOUR 9'!D54+'JOUR 10'!D54+'JOUR 11'!D54+'JOUR 12'!D54+'JOUR 13'!D54+'JOUR 14'!D54+#REF!+#REF! -> #REF! | E54: ='JOUR 1'!E54+'JOUR 2'!E54+'JOUR 3'!E54+'JOUR 4'!E54+'JOUR 5'!E54+'JOUR 6'!E54+'JOUR 7'!E54+'JOUR 8'!E54+'JOUR 9'!E54+'JOUR 10'!E54+'JOUR 11'!E54+'JOUR 12'!E54+'JOUR 13'!E54+'JOUR 14'!E54+#REF!+#REF! -> #REF! | F54: ='JOUR 1'!F54+'JOUR 2'!F54+'JOUR 3'!F54+'JOUR 4'!F54+'JOUR 5'!F54+'JOUR 6'!F54+'JOUR 7'!F54+'JOUR 8'!F54+'JOUR 9'!F54+'JOUR 10'!F54+'JOUR 11'!F54+'JOUR 12'!F54+'JOUR 13'!F54+'JOUR 14'!F54+#REF!+#REF! -> #REF! | G54: ='JOUR 1'!G54+'JOUR 2'!G54+'JOUR 3'!G54+'JOUR 4'!G54+'JOUR 5'!G54+'JOUR 6'!G54+'JOUR 7'!G54+'JOUR 8'!G54+'JOUR 9'!G54+'JOUR 10'!G54+'JOUR 11'!G54+'JOUR 12'!G54+'JOUR 13'!G54+'JOUR 14'!G54+#REF!+#REF! -> #REF! | H54: ='JOUR 1'!H54+'JOUR 2'!H54+'JOUR 3'!H54+'JOUR 4'!H54+'JOUR 5'!H54+'JOUR 6'!H54+'JOUR 7'!H54+'JOUR 8'!H54+'JOUR 9'!H54+'JOUR 10'!H54+'JOUR 11'!H54+'JOUR 12'!H54+'JOUR 13'!H54+'JOUR 14'!H54+#REF!+#REF! -> #REF! | I54: ='JOUR 1'!I54+'JOUR 2'!I54+'JOUR 3'!I54+'JOUR 4'!I54+'JOUR 5'!I54+'JOUR 6'!I54+'JOUR 7'!I54+'JOUR 8'!I54+'JOUR 9'!I54+'JOUR 10'!I54+'JOUR 11'!I54+'JOUR 12'!I54+'JOUR 13'!I54+'JOUR 14'!I54+#REF!+#REF! -> #REF! | J54: ='JOUR 1'!J54+'JOUR 2'!J54+'JOUR 3'!J54+'JOUR 4'!J54+'JOUR 5'!J54+'JOUR 6'!J54+'JOUR 7'!J54+'JOUR 8'!J54+'JOUR 9'!J54+'JOUR 10'!J54+'JOUR 11'!J54+'JOUR 12'!J54+'JOUR 13'!J54+'JOUR 14'!J54+#REF!+#REF! -> #REF! | K54: ='JOUR 1'!K54+'JOUR 2'!K54+'JOUR 3'!K54+'JOUR 4'!K54+'JOUR 5'!K54+'JOUR 6'!K54+'JOUR 7'!K54+'JOUR 8'!K54+'JOUR 9'!K54+'JOUR 10'!K54+'JOUR 11'!K54+'JOUR 12'!K54+'JOUR 13'!K54+'JOUR 14'!K54+#REF!+#REF! -> #REF! | ... AG54: ='JOUR 1'!AG54+'JOUR 2'!AG54+'JOUR 3'!AG54+'JOUR 4'!AG54+'JOUR 5'!AG54+'JOUR 6'!AG54+'JOUR 7'!AG54+'JOUR 8'!AG54+'JOUR 9'!AG54+'JOUR 10'!AG54+'JOUR 11'!AG54+'JOUR 12'!AG54+'JOUR 13'!AG54+'JOUR 14'!AG54+#REF!+#REF! -> #REF! | AK54: =S54/D54 -> #REF! | AL54: =T54/E54 -> #REF! | AM54: =U54/F54 -> #REF! | AN54: =V54/G54 -> #REF! | AO54: =W54/H54 -> #REF! | AS54: =AA54/L54 -> #REF!
A55: 2 | B55: TOTAL | D55: =SUM(D5:D54) -> #REF! | E55: =SUM(E5:E34) -> #REF! | F55: =SUM(F5:F54) -> #REF! | G55: =SUM(G5:G54) -> #REF! | H55: =SUM(H5:H54) -> #REF! | I55: =SUM(I5:I54) -> #REF! | J55: =SUM(J5:J54) -> #REF! | K55: =SUM(K5:K54) -> #REF! | L55: =SUM(L5:L54) -> #REF! | M55: =SUM(M5:M54) -> #REF! | ... AG55: =SUM(AG5:AG54) -> #REF! | AH55: =SUM(AH5:AH34) -> 0 | AI55: =SUM(AI5:AI34) -> 0 | AK55: =S55/D55 -> #REF! | AL55: =T55/E55 -> #REF! | AM55: =U55/F55 -> #REF! | AN55: =V55/G55 -> #REF! | AO55: =W55/H55 -> #REF! | AS55: =AA55/L55 -> #REF!
B57: TOTAL EN CARTONS | D57: =D55 -> #REF! | E57: =E55 -> #REF! | F57: =F55/120 -> #REF! | G57: =G55/6 -> #REF! | H57: =H55/10 -> #REF! | I57: =I55/100 -> #REF! | J57: =J55/10 -> #REF! | K57: =K55/60 -> #REF! | L57: =L55/120 -> #REF! | M57: =M55/100 -> #REF! | N57: =N55/60 -> #REF! | O57: =O55 -> #REF! | P57: =P55 -> #REF! | Q57: =Q55 -> #REF! | R57: =R55 -> #REF! | S57: =S55 -> #REF! | T57: =T55 -> #REF! | U57: =U55/120 -> #REF! | V57: =V55/6 -> #REF! | W57: =W55/10 -> #REF! | X57: =X55/100 -> #REF! | Y57: =Y55/20 -> #REF! | Z57: =Z55/60 -> #REF! | AA57: =AA55/120 -> #REF! | AB57: =AB55/100 -> #REF! | AC57: =AC55/60 -> #REF! | AD57: =AD55 -> #REF! | AE57: =AE55 -> #REF! | AF57: =AF55 -> #REF! | AG57: =AG55 -> #REF!

Sheet JOUR 1
B2: Date | C2: 46108 | D2: OBJECTIFS | S2: REALISATIONS | AK2: TAUX DE REALISATION
B3: Enseigne | C3: Nom du PDV en promotion | D3: Contacts | E3: =T3 -> Acheteurs | F3: Produits (en unités) | L3: Gratuités pour achats (en unités) | S3: Contacts | T3: Acheteurs | U3: Produits | AA3: =L3 -> Gratuités pour achats (en unités) | AD3: GOODIES | AH3: Commentaires | AI3: Impressions des PDV et des clients | AK3: Contacts | AL3: Acheteurs | AM3: Produits | AS3: =AD3 -> GOODIES | AV3: GOODIES
D4: =S4 -> Nombre de personnes ayant été contactées au rayon | E4: =T4 -> Nombre de personnes ayant acheté | F4: Biblos Lait Premium 16g | G4: Biblos Lait Premium 360g | H4: Biblos Lait Excellence | I4: Biblos Flocon d'avoine 50g | J4: Biblos Flocon d'avoine 400g | K4: Biblos 3 en 1 Café au lait | L4: Biblos Lait Premium 16g | M4: Biblos Flocon d'avoine 50g | N4: Biblos 3 en Café au Lait | O4: Goodies 1 | P4: Goodies 2 | Q4: Goodies 3 | R4: Goodie 4 | S4: Nombre de personnes ayant été contactées au rayon | T4: Nombre de personnes ayant acheté | U4: Biblos Lait Premium 16g | V4: Biblos Lait Premium 360g | W4: Biblos Lait Excellence | X4: Biblos Flocon d'avoine 50g | Y4: Biblos Flocon d'avoine 400g | Z4: Biblos 3 en 1 Café au lait | AA4: Biblos Lait Premium 16g | AB4: Biblos Flocon d'avoine 50g | AC4: Biblos 3 en 1 Café au lait | AD4: =O4 -> Goodies 1 | AE4: =P4 -> Goodies 2 | AF4: =Q4 -> Goodies 3 | AG4: =R4 -> Goodie 4 | AK4: Nombre de personnes ayant été contactées au rayon | AL4: Nombre de personnes ayant acheté | AM4: Biblos Lait Premium 16g | AN4: Biblos Lait Premium 360g | AO4: Biblos Lait Excellence | AP4: Biblos Flocon d'avoine 50g | AQ4: Biblos Flocon d'avoine 400g | AR4: Biblos 3 en 1 Café au lait | AS4: Biblos Lait Premium 16g | AT4: Biblos Flocon d'avoine 50g | AU4: Biblos 3 en 1 Café au lait | AV4: Goodies 1 | AW4: Goodies 2 | AX4: Goodies 3 | AY4: Goodies 4
B5: KING CASH | C5: KING CASH PALAIS YOP | D5: 40 | E5: 20 | F5: 120 | G5: 7 | H5: 4 | I5: 0 | J5: 0 | K5: 0 | L5: =5*35 -> 175 | N5: 0 | S5: 30 | T5: 0 | U5: 0 | V5: 0 | W5: 0 | X5: 0 | Y5: 0 | Z5: 0 | AA5: 0 | AB5: 0 | AC5: 0 | AD5: 0 | AE5: 0 | AF5: 0 | AG5: 0 | AH5: PAS RECU DE PRODUITS | AK5: =S5/D5 -> 0.75 | AL5: =T5/E5 -> 0 | AM5: =U5/F5 -> 0 | AN5: =V5/G5 -> 0 | AO5: =W5/H5 -> 0 | AS5: =AA5/L5 -> 0
B6: KING CASH | C6: KING CASH PORT BOUET 2 | D6: 40 | E6: 20 | F6: 120 | G6: 7 | H6: 4 | I6: 0 | J6: 0 | K6: 0 | L6: =5*35 -> 175 | N6: 0 | S6: 20 | T6: 0 | U6: 0 | V6: 0 | W6: 0 | X6: 0 | Y6: 0 | Z6: 0 | AA6: 0 | AB6: 0 | AC6: 0 | AD6: 0 | AE6: 0 | AF6: 0 | AG6: 0 | AH6: PAS RECU DE PRODUITS | AK6: =S6/D6 -> 0.5 | AL6: =T6/E6 -> 0 | AM6: =U6/F6 -> 0 | AN6: =V6/G6 -> 0 | AO6: =W6/H6 -> 0 | AS6: =AA6/L6 -> 0
B7: KING CASH | C7: KING CASH ABOBO MAIRIE | D7: 40 | E7: 20 | F7: 120 | G7: 7 | H7: 4 | I7: 0 | J7: 0 | K7: 0 | L7: =5*35 -> 175 | N7: 0 | S7: 35 | T7: 0 | U7: 0 | V7: 0 | W7: 0 | X7: 0 | Y7: 0 | Z7: 0 | AA7: 0 | AB7: 0 | AC7: 0 | AD7: 0 | AE7: 0 | AF7: 0 | AG7: 0 | AH7: PAS RECU DE PRODUITS | AK7: =S7/D7 -> 0.875 | AL7: =T7/E7 -> 0 | AM7: =U7/F7 -> 0 | AN7: =V7/G7 -> 0 | AO7: =W7/H7 -> 0 | AS7: =AA7/L7 -> 0
B8: KING CASH | C8: KING CASH SIPOREX | D8: 40 | E8: 20 | F8: 120 | G8: 7 | H8: 4 | I8: 0 | J8: 0 | K8: 0 | L8: =5*35 -> 175 | N8: 0 | S8: 25 | T8: 0 | U8: 0 | V8: 0 | W8: 0 | X8: 0 | Y8: 0 | Z8: 0 | AA8: 0 | AB8: 0 | AC8: 0 | AD8: 0 | AE8: 0 | AF8: 0 | AG8: 0 | AH8: PAS RECU DE PRODUITS | AK8: =S8/D8 -> 0.625 | AL8: =T8/E8 -> 0 | AM8: =U8/F8 -> 0 | AN8: =V8/G8 -> 0 | AO8: =W8/H8 -> 0 | AS8: =AA8/L8 -> 0
B9: KING CASH | C9: KING CASH PRINCES. | D9: 40 | E9: 20 | F9: 120 | G9: 7 | H9: 4 | I9: 0 | J9: 0 | K9: 0 | L9: =5*35 -> 175 | N9: 0 | S9: 20 | T9: 0 | U9: 0 | V9: 0 | W9: 0 | X9: 0 | Y9: 0 | Z9: 0 | AA9: 0 | AB9: 0 | AC9: 0 | AD9: 0 | AE9: 0 | AF9: 0 | AG9: 0 | AH9: PAS RECU DE PRODUITS | AK9: =S9/D9 -> 0.5 | AL9: =T9/E9 -> 0 | AM9: =U9/F9 -> 0 | AN9: =V9/G9 -> 0 | AO9: =W9/H9 -> 0 | AS9: =AA9/L9 -> 0
B10: KING CASH | C10: KING CASH WAKOUBOUE | D10: 40 | E10: 20 | F10: 120 | G10: 7 | H10: 4 | I10: 0 | J10: 0 | K10: 0 | L10: =5*35 -> 175 | N10: 0 | S10: 20 | T10: 0 | U10: 0 | V10: 0 | W10: 0 | X10: 0 | Y10: 0 | Z10: 0 | AA10: 0 | AB10: 0 | AC10: 0 | AD10: 0 | AE10: 0 | AF10: 0 | AG10: 0 | AH10: PAS RECU DE PRODUITS | AK10: =S10/D10 -> 0.5 | AL10: =T10/E10 -> 0 | AM10: =U10/F10 -> 0 | AN10: =V10/G10 -> 0 | AO10: =W10/H10 -> 0 | AS10: =AA10/L10 -> 0
B11: KING CASH | C11: KING CASH ABOBO KAZA | D11: 40 | E11: 20 | F11: 120 | G11: 7 | H11: 4 | I11: 0 | J11: 0 | K11: 0 | L11: =5*35 -> 175 | N11: 0 | S11: 35 | T11: 0 | U11: 0 | V11: 0 | W11: 0 | X11: 0 | Y11: 0 | Z11: 0 | AA11: 0 | AB11: 0 | AC11: 0 | AD11: 0 | AE11: 0 | AF11: 0 | AG11: 0 | AH11: PAS RECU DE PRODUITS | AK11: =S11/D11 -> 0.875 | AL11: =T11/E11 -> 0 | AM11: =U11/F11 -> 0 | AN11: =V11/G11 -> 0 | AO11: =W11/H11 -> 0 | AS11: =AA11/L11 -> 0
B12: KING CASH | C12: KING CASH KENEYA | D12: 40 | E12: 20 | F12: 120 | G12: 7 | H12: 4 | I12: 0 | J12: 0 | K12: 0 | L12: =5*35 -> 175 | N12: 0 | S12: 38 | T12: 0 | U12: 0 | V12: 0 | W12: 0 | X12: 0 | Y12: 0 | Z12: 0 | AA12: 0 | AB12: 0 | AC12: 0 | AD12: 0 | AE12: 0 | AF12: 0 | AG12: 0 | AH12: PAS RECU DE PRODUITS | AK12: =S12/D12 -> 0.95 | AL12: =T12/E12 -> 0 | AM12: =U12/F12 -> 0 | AN12: =V12/G12 -> 0 | AO12: =W12/H12 -> 0 | AS12: =AA12/L12 -> 0
B13: KING CASH | C13: KING CASH ABOBO PALAIS 2 | D13: 40 | E13: 20 | F13: 120 | G13: 7 | H13: 4 | I13: 0 | J13: 0 | K13: 0 | L13: =5*35 -> 175 | N13: 0 | S13: 40 | T13: 0 | U13: 0 | V13: 0 | W13: 0 | X13: 0 | Y13: 0 | Z13: 0 | AA13: 0 | AB13: 0 | AC13: 0 | AD13: 0 | AE13: 0 | AF13: 0 | AG13: 0 | AH13: PAS RECU DE PRODUITS | AK13: =S13/D13 -> 1 | AL13: =T13/E13 -> 0 | AM13: =U13/F13 -> 0 | AN13: =V13/G13 -> 0 | AO13: =W13/H13 -> 0 | AS13: =AA13/L13 -> 0
B14: KING CASH | C14: KING CASH DABOU | D14: 40 | E14: 20 | F14: 120 | G14: 7 | H14: 4 | I14: 0 | J14: 0 | K14: 0 | L14: =5*35 -> 175 | N14: 0 | S14: 25 | T14: 0 | U14: 0 | V14: 0 | W14: 0 | X14: 0 | Y14: 0 | Z14: 0 | AA14: 0 | AB14: 0 | AC14: 0 | AD14: 0 | AE14: 0 | AF14: 0 | AG14: 0 | AH14: PAS RECU DE PRODUITS | AK14: =S14/D14 -> 0.625 | AL14: =T14/E14 -> 0 | AM14: =U14/F14 -> 0 | AN14: =V14/G14 -> 0 | AO14: =W14/H14 -> 0 | AS14: =AA14/L14 -> 0
B15: KING CASH | C15: KING CASH 07 DECEMBRE | D15: 40 | E15: 20 | F15: 120 | G15: 7 | H15: 4 | I15: 0 | J15: 0 | K15: 0 | L15: =5*35 -> 175 | N15: 0 | S15: 20 | T15: 0 | U15: 0 | V15: 0 | W15: 0 | X15: 0 | Y15: 0 | Z15: 0 | AA15: 0 | AB15: 0 | AC15: 0 | AD15: 0 | AE15: 0 | AF15: 0 | AG15: 0 | AH15: PAS RECU DE PRODUITS | AK15: =S15/D15 -> 0.5 | AL15: =T15/E15 -> 0 | AM15: =U15/F15 -> 0 | AN15: =V15/G15 -> 0 | AO15: =W15/H15 -> 0 | AS15: =AA15/L15 -> 0
B16: KING CASH | C16: KING CASH REMBLAIS | D16: 40 | E16: 20 | F16: 120 | G16: 7 | H16: 4 | I16: 0 | J16: 0 | K16: 0 | L16: =5*35 -> 175 | N16: 0 | S16: 22 | T16: 0 | U16: 0 | V16: 0 | W16: 0 | X16: 0 | Y16: 0 | Z16: 0 | AA16: 0 | AB16: 0 | AC16: 0 | AD16: 0 | AE16: 0 | AF16: 0 | AG16: 0 | AH16: PAS RECU DE PRODUITS | AK16: =S16/D16 -> 0.55 | AL16: =T16/E16 -> 0 | AM16: =U16/F16 -> 0 | AN16: =V16/G16 -> 0 | AO16: =W16/H16 -> 0 | AS16: =AA16/L16 -> 0
... B24: KING CASH | C24: ING CASH JULES VERNE | D24: 40 | E24: 20 | F24: 120 | G24: 7 | H24: 4 | I24: 0 | J24: 0 | K24: 0 | L24: =5*35 -> 175 | N24: 0 | S24: 36 | T24: 19 | U24: 104 | V24: 1 | W24: 0 | X24: 0 | Y24: 0 | Z24: 0 | AA24: 27 | AB24: 0 | AC24: 0 | AD24: 0 | AE24: 0 | AF24: 0 | AG24: 0 | AH24: PAS RECU DE PRODUITS | AK24: =S24/D24 -> 0.9 | AL24: =T24/E24 -> 0.95 | AM24: =U24/F24 -> 0.86666667 | AN24: =V24/G24 -> 0.14285714 | AO24: =W24/H24 -> 0 | AS24: =AA24/L24 -> 0.15428571
B25: KING CASH | C25: ING CASH BASSAM | D25: 40 | E25: 20 | F25: 120 | G25: 7 | H25: 4 | I25: 0 | J25: 0 | K25: 0 | L25: =5*35 -> 175 | N25: 0 | S25: 37 | T25: 21 | U25: 80 | V25: 9 | W25: 0 | X25: 0 | Y25: 5 | Z25: 0 | AA25: 20 | AB25: 0 | AC25: 0 | AD25: 0 | AE25: 0 | AF25: 0 | AG25: 0 | AH25: PAS RECU DE PRODUITS | AI25: Très bons produits | AK25: =S25/D25 -> 0.925 | AL25: =T25/E25 -> 1.05 | AM25: =U25/F25 -> 0.66666667 | AN25: =V25/G25 -> 1.2857143 | AO25: =W25/H25 -> 0 | AS25: =AA25/L25 -> 0.11428571
B26: KING CASH | C26: KING CASH KOUMASSI 05 | D26: 40 | E26: 20 | F26: 120 | G26: 7 | H26: 4 | I26: 0 | J26: 0 | K26: 0 | L26: =5*35 -> 175 | N26: 0 | S26: 20 | T26: 0 | U26: 0 | V26: 0 | W26: 0 | X26: 0 | Y26: 0 | Z26: 0 | AA26: 0 | AB26: 0 | AC26: 0 | AD26: 0 | AE26: 0 | AF26: 0 | AG26: 0 | AH26: PAS RECU DE PRODUITS | AK26: =S26/D26 -> 0.5 | AL26: =T26/E26 -> 0 | AM26: =U26/F26 -> 0 | AN26: =V26/G26 -> 0 | AO26: =W26/H26 -> 0 | AS26: =AA26/L26 -> 0
B27: KING CASH | C27: KING CASH PORT BOUET | D27: 40 | E27: 20 | F27: 120 | G27: 7 | H27: 4 | I27: 0 | J27: 0 | K27: 0 | L27: =5*35 -> 175 | N27: 0 | S27: 24 | T27: 0 | U27: 0 | V27: 0 | W27: 0 | X27: 0 | Y27: 0 | Z27: 0 | AA27: 0 | AB27: 0 | AC27: 0 | AD27: 0 | AE27: 0 | AF27: 0 | AG27: 0 | AH27: PAS RECU DE PRODUITS | AK27: =S27/D27 -> 0.6 | AL27: =T27/E27 -> 0 | AM27: =U27/F27 -> 0 | AN27: =V27/G27 -> 0 | AO27: =W27/H27 -> 0 | AS27: =AA27/L27 -> 0
B28: KING CASH | C28: KING CASH AVENUE 16 | D28: 40 | E28: 20 | F28: 120 | G28: 7 | H28: 4 | I28: 0 | J28: 0 | K28: 0 | L28: =5*35 -> 175 | N28: 0 | S28: 27 | T28: 0 | U28: 0 | V28: 0 | W28: 0 | X28: 0 | Y28: 0 | Z28: 0 | AA28: 0 | AB28: 0 | AC28: 0 | AD28: 0 | AE28: 0 | AF28: 0 | AG28: 0 | AH28: PAS RECU DE PRODUITS | AK28: =S28/D28 -> 0.675 | AL28: =T28/E28 -> 0 | AM28: =U28/F28 -> 0 | AN28: =V28/G28 -> 0 | AO28: =W28/H28 -> 0 | AS28: =AA28/L28 -> 0
B29: KING CASH | C29: IKING CASH ANOUMANBO | D29: 40 | E29: 20 | F29: 120 | G29: 7 | H29: 4 | I29: 0 | J29: 0 | K29: 0 | L29: =5*35 -> 175 | N29: 0 | S29: 15 | T29: 0 | U29: 0 | V29: 0 | W29: 0 | X29: 0 | Y29: 0 | Z29: 0 | AA29: 0 | AB29: 0 | AC29: 0 | AD29: 0 | AE29: 0 | AF29: 0 | AG29: 0 | AH29: PAS RECU DE PRODUITS | AK29: =S29/D29 -> 0.375 | AL29: =T29/E29 -> 0 | AM29: =U29/F29 -> 0 | AN29: =V29/G29 -> 0 | AO29: =W29/H29 -> 0 | AS29: =AA29/L29 -> 0
B30: KING CASH | C30: KING CASH MARA | D30: 40 | E30: 20 | F30: 120 | G30: 7 | H30: 4 | I30: 0 | J30: 0 | K30: 0 | L30: =5*35 -> 175 | N30: 0 | S30: 29 | T30: 0 | U30: 0 | V30: 0 | W30: 0 | X30: 0 | Y30: 0 | Z30: 0 | AA30: 0 | AB30: 0 | AC30: 0 | AD30: 0 | AE30: 0 | AF30: 0 | AG30: 0 | AH30: PAS RECU DE PRODUITS | AK30: =S30/D30 -> 0.725 | AL30: =T30/E30 -> 0 | AM30: =U30/F30 -> 0 | AN30: =V30/G30 -> 0 | AO30: =W30/H30 -> 0 | AS30: =AA30/L30 -> 0
B31: KING CASH | C31: KING CASH BONOUA, | D31: 40 | E31: 20 | F31: 120 | G31: 7 | H31: 4 | I31: 0 | J31: 0 | K31: 0 | L31: =5*35 -> 175 | N31: 0 | S31: 15 | T31: 0 | U31: 0 | V31: 0 | W31: 0 | X31: 0 | Y31: 0 | Z31: 0 | AA31: 0 | AB31: 0 | AC31: 0 | AD31: 0 | AE31: 0 | AF31: 0 | AG31: 0 | AH31: PAS RECU DE PRODUITS | AK31: =S31/D31 -> 0.375 | AL31: =T31/E31 -> 0 | AM31: =U31/F31 -> 0 | AN31: =V31/G31 -> 0 | AO31: =W31/H31 -> 0 | AS31: =AA31/L31 -> 0
B32: KING CASH | C32: KING CASH ADIAKE | D32: 40 | E32: 20 | F32: 120 | G32: 7 | H32: 4 | I32: 0 | J32: 0 | K32: 0 | L32: =5*35 -> 175 | N32: 0 | S32: 30 | T32: 0 | U32: 0 | V32: 0 | W32: 0 | X32: 0 | Y32: 0 | Z32: 0 | AA32: 0 | AB32: 0 | AC32: 0 | AD32: 0 | AE32: 0 | AF32: 0 | AG32: 0 | AH32: PAS RECU DE PRODUITS | AK32: =S32/D32 -> 0.75 | AL32: =T32/E32 -> 0 | AM32: =U32/F32 -> 0 | AN32: =V32/G32 -> 0 | AO32: =W32/H32 -> 0 | AS32: =AA32/L32 -> 0
B33: KING CASH | C33: KING CASH BLVD GABON | D33: 40 | E33: 20 | F33: 120 | G33: 7 | H33: 4 | I33: 0 | J33: 0 | K33: 0 | L33: =5*35 -> 175 | N33: 0 | S33: 14 | T33: 0 | U33: 0 | V33: 0 | W33: 0 | X33: 0 | Y33: 0 | Z33: 0 | AA33: 0 | AB33: 0 | AC33: 0 | AD33: 0 | AE33: 0 | AF33: 0 | AG33: 0 | AH33: PAS RECU DE PRODUITS | AK33: =S33/D33 -> 0.35 | AL33: =T33/E33 -> 0 | AM33: =U33/F33 -> 0 | AN33: =V33/G33 -> 0 | AO33: =W33/H33 -> 0 | AS33: =AA33/L33 -> 0
B34: CDCI | C34: CDCI DEMI GROS SAMAKE | D34: 40 | E34: 20 | F34: 120 | G34: 7 | H34: 4 | I34: 0 | J34: 0 | K34: 0 | L34: =5*35 -> 175 | N34: 0 | S34: 34 | T34: 10 | U34: 100 | V34: 4 | W34: 0 | X34: 0 | Y34: 0 | Z34: 0 | AA34: 18 | AB34: 0 | AC34: 0 | AD34: 0 | AE34: 0 | AF34: 0 | AG34: 0 | AH34: PAS RECU DE PRODUITS | AK34: =S34/D34 -> 0.85 | AL34: =T34/E34 -> 0.5 | AM34: =U34/F34 -> 0.83333333 | AN34: =V34/G34 -> 0.57142857 | AO34: =W34/H34 -> 0 | AS34: =AA34/L34 -> 0.10285714
B35: CDCI | C35: CDCI DEMI GROS KOUTE | D35: 40 | E35: 20 | F35: 120 | G35: 7 | H35: 4 | I35: 0 | J35: 0 | K35: 0 | L35: =5*35 -> 175 | N35: 0 | S35: 15 | T35: 5 | U35: 70 | V35: 0 | W35: 0 | X35: 0 | Y35: 0 | Z35: 0 | AA35: 0 | AB35: 0 | AC35: 0 | AD35: 0 | AE35: 0 | AF35: 0 | AG35: 0 | AH35: PAS RECU DE PRODUITS | AK35: =S35/D35 -> 0.375 | AL35: =T35/E35 -> 0.25 | AM35: =U35/F35 -> 0.58333333 | AN35: =V35/G35 -> 0 | AO35: =W35/H35 -> 0 | AS35: =AA35/L35 -> 0
B36: CDCI | C36: CDCI DEMI GROS NIANGON | D36: 40 | E36: 20 | F36: 120 | G36: 7 | H36: 4 | I36: 0 | J36: 0 | K36: 0 | L36: =5*35 -> 175 | N36: 0 | S36: 22 | T36: 0 | U36: 0 | V36: 0 | W36: 0 | X36: 0 | Y36: 0 | Z36: 0 | AA36: 0 | AB36: 0 | AC36: 0 | AD36: 0 | AE36: 0 | AF36: 0 | AG36: 0 | AH36: PAS RECU DE PRODUITS | AK36: =S36/D36 -> 0.55 | AL36: =T36/E36 -> 0 | AM36: =U36/F36 -> 0 | AN36: =V36/G36 -> 0 | AO36: =W36/H36 -> 0 | AS36: =AA36/L36 -> 0
B37: CDCI | C37: CDCI DEMI GROS ABOBO BAOULE | D37: 40 | E37: 20 | F37: 120 | G37: 7 | H37: 4 | I37: 0 | J37: 0 | K37: 0 | L37: =5*35 -> 175 | N37: 0 | S37: 28 | T37: 0 | U37: 0 | V37: 0 | W37: 0 | X37: 0 | Y37: 0 | Z37: 0 | AA37: 0 | AB37: 0 | AC37: 0 | AD37: 0 | AE37: 0 | AF37: 0 | AG37: 0 | AH37: PAS RECU DE PRODUITS | AK37: =S37/D37 -> 0.7 | AL37: =T37/E37 -> 0 | AM37: =U37/F37 -> 0 | AN37: =V37/G37 -> 0 | AO37: =W37/H37 -> 0 | AS37: =AA37/L37 -> 0
B38: CDCI | C38: CDCI DEMI GROS AKEIKOI | D38: 40 | E38: 20 | F38: 120 | G38: 7 | H38: 4 | I38: 0 | J38: 0 | K38: 0 | L38: =5*35 -> 175 | N38: 0 | S38: 35 | T38: 20 | U38: 120 | V38: 5 | W38: 0 | X38: 40 | Y38: 15 | Z38: 0 | AA38: 42 | AB38: 0 | AC38: 0 | AD38: 0 | AE38: 0 | AF38: 0 | AG38: 0 | AH38: PAS RECU DE PRODUITS | AK38: =S38/D38 -> 0.875 | AL38: =T38/E38 -> 1 | AM38: =U38/F38 -> 1 | AN38: =V38/G38 -> 0.71428571 | AO38: =W38/H38 -> 0 | AS38: =AA38/L38 -> 0.24
B39: CDCI | C39: CDCI DEMI GROS 4 ETAGES | D39: 40 | E39: 20 | F39: 120 | G39: 7 | H39: 4 | I39: 0 | J39: 0 | K39: 0 | L39: =5*35 -> 175 | N39: 0 | S39: 40 | T39: 20 | U39: 80 | V39: 1 | W39: 0 | X39: 82 | Y39: 1 | Z39: 0 | AA39: 50 | AB39: 0 | AC39: 0 | AD39: 0 | AE39: 0 | AF39: 0 | AG39: 0 | AH39: PAS RECU DE PRODUITS | AI39: Les clients aiment les produits Biblos | AK39: =S39/D39 -> 1 | AL39: =T39/E39 -> 1 | AM39: =U39/F39 -> 0.66666667 | AN39: =V39/G39 -> 0.14285714 | AO39: =W39/H39 -> 0 | AS39: =AA39/L39 -> 0.28571429
B40: CDCI | C40: CDCI DEMI GROS PK 18 | D40: 40 | E40: 20 | F40: 120 | G40: 7 | H40: 4 | I40: 0 | J40: 0 | K40: 0 | L40: =5*35 -> 175 | N40: 0 | S40: 33 | T40: 0 | AH40: PAS RECU DE PRODUITS | AK40: =S40/D40 -> 0.825 | AL40: =T40/E40 -> 0 | AM40: =U40/F40 -> 0 | AN40: =V40/G40 -> 0 | AO40: =W40/H40 -> 0 | AS40: =AA40/L40 -> 0
B41: CDCI | C41: CDCI DEMI GROS ANYAMA | D41: 40 | E41: 20 | F41: 120 | G41: 7 | H41: 4 | I41: 0 | J41: 0 | K41: 0 | L41: =5*35 -> 175 | N41: 0 | S41: 48 | T41: 32 | U41: 180 | V41: 2 | W41: 0 | X41: 80 | Y41: 5 | Z41: 0 | AA41: 65 | AB41: 0 | AC41: 0 | AD41: 0 | AE41: 0 | AF41: 0 | AG41: 0 | AH41: PAS RECU DE PRODUITS | AK41: =S41/D41 -> 1.2 | AL41: =T41/E41 -> 1.6 | AM41: =U41/F41 -> 1.5 | AN41: =V41/G41 -> 0.28571429 | AO41: =W41/H41 -> 0 | AS41: =AA41/L41 -> 0.37142857
B42: CDCI | C42: CDCI DEMI GROS ANANERAIE | D42: 40 | E42: 20 | F42: 120 | G42: 7 | H42: 4 | I42: 0 | J42: 0 | K42: 0 | L42: =5*35 -> 175 | N42: 0 | S42: 15 | T42: 5 | U42: 0 | V42: 0 | W42: 0 | X42: 30 | Y42: 0 | Z42: 0 | AA42: 0 | AB42: 0 | AC42: 0 | AD42: 0 | AE42: 0 | AF42: 0 | AG42: 0 | AH42: PAS RECU DE PRODUITS | AK42: =S42/D42 -> 0.375 | AL42: =T42/E42 -> 0.25 | AM42: =U42/F42 -> 0 | AN42: =V42/G42 -> 0 | AO42: =W42/H42 -> 0 | AS42: =AA42/L42 -> 0
B43: CDCI | C43: CDCI DEMI GROS EBENEZER | D43: 40 | E43: 20 | F43: 120 | G43: 7 | H43: 4 | I43: 0 | J43: 0 | K43: 0 | L43: =5*35 -> 175 | N43: 0 | S43: 25 | T43: 0 | U43: 0 | V43: 0 | W43: 0 | X43: 0 | Y43: 0 | Z43: 0 | AA43: 0 | AB43: 0 | AC43: 0 | AD43: 0 | AE43: 0 | AF43: 0 | AG43: 0 | AH43: PAS RECU DE PRODUITS | AK43: =S43/D43 -> 0.625 | AL43: =T43/E43 -> 0 | AM43: =U43/F43 -> 0 | AN43: =V43/G43 -> 0 | AO43: =W43/H43 -> 0 | AS43: =AA43/L43 -> 0
B44: CDCI | C44: CDCI DEMI GROS TOIT ROUGE | D44: 40 | E44: 20 | F44: 120 | G44: 7 | H44: 4 | I44: 0 | J44: 0 | K44: 0 | L44: =5*35 -> 175 | N44: 0 | S44: 27 | T44: 0 | U44: 0 | V44: 0 | W44: 0 | X44: 0 | Y44: 0 | Z44: 0 | AA44: 0 | AB44: 0 | AC44: 0 | AD44: 0 | AE44: 0 | AF44: 0 | AG44: 0 | AH44: PAS RECU DE PRODUITS | AK44: =S44/D44 -> 0.675 | AL44: =T44/E44 -> 0 | AM44: =U44/F44 -> 0 | AN44: =V44/G44 -> 0 | AO44: =W44/H44 -> 0 | AS44: =AA44/L44 -> 0
B45: CDCI | C45: CDCI DEMI GROS BANCO 2 | D45: 40 | E45: 20 | F45: 120 | G45: 7 | H45: 4 | I45: 0 | J45: 0 | K45: 0 | L45: =5*35 -> 175 | N45: 0 | S45: 22 | T45: 0 | U45: 0 | V45: 0 | W45: 0 | X45: 0 | Y45: 0 | Z45: 0 | AA45: 0 | AB45: 0 | AC45: 0 | AD45: 0 | AE45: 0 | AF45: 0 | AG45: 0 | AH45: PAS RECU DE PRODUITS | AK45: =S45/D45 -> 0.55 | AL45: =T45/E45 -> 0 | AM45: =U45/F45 -> 0 | AN45: =V45/G45 -> 0 | AO45: =W45/H45 -> 0 | AS45: =AA45/L45 -> 0
B46: CDCI | C46: CDCI DEMI GROS RIVIERA 3 | D46: 40 | E46: 20 | F46: 120 | G46: 7 | H46: 4 | I46: 0 | J46: 0 | K46: 0 | L46: =5*35 -> 175 | N46: 0 | S46: 20 | T46: 0 | U46: 0 | V46: 0 | W46: 0 | X46: 0 | Y46: 0 | Z46: 0 | AA46: 0 | AB46: 0 | AC46: 0 | AD46: 0 | AE46: 0 | AF46: 0 | AG46: 0 | AH46: PAS RECU DE PRODUITS | AK46: =S46/D46 -> 0.5 | AL46: =T46/E46 -> 0 | AM46: =U46/F46 -> 0 | AN46: =V46/G46 -> 0 | AO46: =W46/H46 -> 0 | AS46: =AA46/L46 -> 0
B47: CDCI | C47: CDCI DEMI GROS VGE | D47: 40 | E47: 20 | F47: 120 | G47: 7 | H47: 4 | I47: 0 | J47: 0 | K47: 0 | L47: =5*35 -> 175 | N47: 0 | S47: 25 | T47: 0 | U47: 0 | V47: 0 | W47: 0 | X47: 0 | Y47: 0 | Z47: 0 | AA47: 0 | AB47: 0 | AC47: 0 | AD47: 0 | AE47: 0 | AF47: 0 | AG47: 0 | AH47: PAS RECU DE PRODUITS | AK47: =S47/D47 -> 0.625 | AL47: =T47/E47 -> 0 | AM47: =U47/F47 -> 0 | AN47: =V47/G47 -> 0 | AO47: =W47/H47 -> 0 | AS47: =AA47/L47 -> 0
B48: CDCI | C48: CDCI DEMI GROS ANGRE | D48: 40 | E48: 20 | F48: 120 | G48: 7 | H48: 4 | I48: 0 | J48: 0 | K48: 0 | L48: =5*35 -> 175 | N48: 0 | S48: 36 | T48: 27 | U48: 67 | V48: 10 | W48: 0 | X48: 30 | Y48: 25 | Z48: 0 | AA48: 20 | AB48: 0 | AC48: 0 | AD48: 0 | AE48: 0 | AF48: 0 | AG48: 0 | AH48: PAS RECU DE PRODUITS | AK48: =S48/D48 -> 0.9 | AL48: =T48/E48 -> 1.35 | AM48: =U48/F48 -> 0.55833333 | AN48: =V48/G48 -> 1.4285714 | AO48: =W48/H48 -> 0 | AS48: =AA48/L48 -> 0.11428571
B49: CDCI | C49: CDCI DEMI GROS PALMERAIE 4 | D49: 40 | E49: 20 | F49: 120 | G49: 7 | H49: 4 | I49: 0 | J49: 0 | K49: 0 | L49: =5*35 -> 175 | N49: 0 | S49: 33 | T49: 0 | U49: 0 | V49: 0 | W49: 0 | X49: 0 | Y49: 0 | Z49: 0 | AA49: 0 | AB49: 0 | AC49: 0 | AD49: 0 | AE49: 0 | AF49: 0 | AG49: 0 | AH49: PAS RECU DE PRODUITS | AK49: =S49/D49 -> 0.825 | AL49: =T49/E49 -> 0 | AM49: =U49/F49 -> 0 | AN49: =V49/G49 -> 0 | AO49: =W49/H49 -> 0 | AS49: =AA49/L49 -> 0
B50: CDCI | C50: CDCI DEMI GROS ADO | D50: 40 | E50: 20 | F50: 120 | G50: 7 | H50: 4 | I50: 0 | J50: 0 | K50: 0 | L50: =5*35 -> 175 | N50: 0 | S50: 39 | T50: 0 | U50: 0 | V50: 0 | W50: 0 | X50: 0 | Y50: 0 | Z50: 0 | AA50: 0 | AB50: 0 | AC50: 0 | AD50: 0 | AE50: 0 | AF50: 0 | AG50: 0 | AH50: PAS RECU DE PRODUITS | AK50: =S50/D50 -> 0.975 | AL50: =T50/E50 -> 0 | AM50: =U50/F50 -> 0 | AN50: =V50/G50 -> 0 | AO50: =W50/H50 -> 0 | AS50: =AA50/L50 -> 0
B51: CDCI | C51: CDCI DEMI GROS ANONO | D51: 40 | E51: 20 | F51: 120 | G51: 7 | H51: 4 | I51: 0 | J51: 0 | K51: 0 | L51: =5*35 -> 175 | N51: 0 | S51: 20 | T51: 0 | U51: 0 | V51: 0 | W51: 0 | X51: 0 | Y51: 0 | Z51: 0 | AA51: 0 | AB51: 0 | AC51: 0 | AD51: 0 | AE51: 0 | AF51: 0 | AG51: 0 | AH51: PAS RECU DE PRODUITS | AK51: =S51/D51 -> 0.5 | AL51: =T51/E51 -> 0 | AM51: =U51/F51 -> 0 | AN51: =V51/G51 -> 0 | AO51: =W51/H51 -> 0 | AS51: =AA51/L51 -> 0
B52: CDCI | C52: CDCI DEMI GROS 2 PLATEAUX | D52: 40 | E52: 20 | F52: 120 | G52: 7 | H52: 4 | I52: 0 | J52: 0 | K52: 0 | L52: =5*35 -> 175 | N52: 0 | S52: 30 | T52: 27 | U52: 91 | V52: 8 | W52: 0 | X52: 100 | Y52: 15 | Z52: 0 | AA52: 65 | AB52: 0 | AC52: 0 | AD52: 0 | AE52: 0 | AF52: 0 | AG52: 0 | AH52: PAS RECU DE PRODUITS | AK52: =S52/D52 -> 0.75 | AL52: =T52/E52 -> 1.35 | AM52: =U52/F52 -> 0.75833333 | AN52: =V52/G52 -> 1.1428571 | AO52: =W52/H52 -> 0 | AS52: =AA52/L52 -> 0.37142857
... B54: CDCI | C54: CDCI DEMI GROS GONZAGUEVILLE | D54: 40 | E54: 20 | F54: 120 | G54: 7 | H54: 4 | I54: 0 | J54: 0 | K54: 0 | L54: =5*35 -> 175 | N54: 0 | S54: 50 | T54: 45 | U54: 205 | V54: 1 | W54: 0 | X54: 48 | Y54: 2 | Z54: 0 | AA54: 40 | AB54: 0 | AC54: 0 | AD54: 0 | AE54: 0 | AF54: 0 | AG54: 0 | AH54: PAS RECU DE PRODUITS | AK54: =S54/D54 -> 1.25 | AL54: =T54/E54 -> 2.25 | AM54: =U54/F54 -> 1.7083333 | AN54: =V54/G54 -> 0.14285714 | AO54: =W54/H54 -> 0 | AS54: =AA54/L54 -> 0.22857143
A55: 2 | B55: TOTAL | D55: =SUM(D5:D54) -> 2000 | E55: =SUM(E5:E54) -> 1000 | F55: =SUM(F5:F54) -> 6000 | G55: =SUM(G5:G54) -> 350 | H55: =SUM(H5:H54) -> 200 | I55: =SUM(I5:I54) -> 0 | J55: =SUM(J5:J54) -> 0 | K55: =SUM(K5:K54) -> 0 | ... AG55: =SUM(AG5:AG54) -> 0 | AH55: =SUM(AH5:AH34) -> 0 | AI55: =SUM(AI5:AI34) -> 0 | AK55: =S55/D55 -> 0.6985 | AL55: =T55/E55 -> 0.296 | AM55: =U55/F55 -> 0.21166667 | AN55: =V55/G55 -> 0.28571429 | AO55: =W55/H55 -> 0 | AS55: =AA55/L55 -> 0.045142857
B57: TOTAL EN CARTONS | D57: =D55 -> 2000 | E57: =E55 -> 1000 | F57: =F55/120 -> 50 | G57: =G55/6 -> 58.333333 | H57: =H55/10 -> 20 | I57: =I55/100 -> 0 | J57: =J55/10 -> 0 | K57: =K55/60 -> 0 | L57: =L55/120 -> 72.916667 | M57: =M55/100 -> 0 | N57: =N55/60 -> 0 | O57: =O55 -> 0 | P57: =P55 -> 0 | Q57: =Q55 -> 0 | R57: =R55 -> 0 | S57: =S55 -> 1397 | T57: =T55 -> 296 | U57: =U55/120 -> 10.583333 | V57: =V55/6 -> 16.666667 | W57: =W55/10 -> 0 | X57: =X55/100 -> 4.4 | Y57: =Y55/20 -> 5.9 | Z57: =Z55/60 -> 0 | AA57: =AA55/120 -> 3.2916667 | AB57: =AB55/100 -> 0 | AC57: =AC55/60 -> 0 | AD57: =AD55 -> 0 | AE57: =AE55 -> 0 | AF57: =AF55 -> 0 | AG57: =AG55 -> 0 | AM57: =AM55/120 -> 0.0017638889 | AN57: =AN55/6 -> 0.047619048 | AO57: =AO55/20 -> 0 | AP57: =AP55/100 -> 0 | AR57: =AR55/20 -> 0 | AS57: =AS55/120 -> 0.00037619048 | AU57: =AU55/100 -> 0 | AV57: =AV55/100 -> 0 | AW57: =AW55/100 -> 0 | AX57: =AX55/100 -> 0 | AY57: =AY55/100 -> 0

Sheet JOUR 2
B2: Date | C2: 46109 | D2: OBJECTIFS | S2: REALISATIONS | AK2: TAUX DE REALISATION
B3: Enseigne | C3: Nom du PDV en promotion | D3: Contacts | E3: =T3 -> Acheteurs | F3: Produits (en unités) | L3: Gratuités pour achats (en unités) | S3: Contacts | T3: Acheteurs | U3: Produits | AA3: =L3 -> Gratuités pour achats (en unités) | AD3: GOODIES | AH3: Commentaires | AI3: Impressions des PDV et des clients | AK3: Contacts | AL3: Acheteurs | AM3: Produits | AS3: =AD3 -> GOODIES | AV3: GOODIES
D4: =S4 -> Nombre de personnes ayant été contactées au rayon | E4: =T4 -> Nombre de personnes ayant acheté | F4: Biblos Lait Premium 16g | G4: Biblos Lait Premium 360g | H4: Biblos Lait Excellence | I4: Biblos Flocon d'avoine 50g | J4: Biblos Flocon d'avoine 400g | K4: Biblos 3 en 1 Café au lait | L4: Biblos Lait Premium 16g | M4: Biblos Flocon d'avoine 50g | N4: Biblos 3 en Café au Lait | O4: Goodies 1 | P4: Goodies 2 | Q4: Goodies 3 | R4: Goodie 4 | S4: Nombre de personnes ayant été contactées au rayon | T4: Nombre de personnes ayant acheté | U4: Biblos Lait Premium 16g | V4: Biblos Lait Premium 360g | W4: Biblos Lait Excellence | X4: Biblos Flocon d'avoine 50g | Y4: Biblos Flocon d'avoine 400g | Z4: Biblos 3 en 1 Café au lait | AA4: Biblos Lait Premium 16g | AB4: Biblos Flocon d'avoine 50g | AC4: Biblos 3 en 1 Café au lait | AD4: =O4 -> Goodies 1 | AE4: =P4 -> Goodies 2 | AF4: =Q4 -> Goodies 3 | AG4: =R4 -> Goodie 4 | AK4: Nombre de personnes ayant été contactées au rayon | AL4: Nombre de personnes ayant acheté | AM4: Biblos Lait Premium 16g | AN4: Biblos Lait Premium 360g | AO4: Biblos Lait Excellence | AP4: Biblos Flocon d'avoine 50g | AQ4: Biblos Flocon d'avoine 400g | AR4: Biblos 3 en 1 Café au lait | AS4: Biblos Lait Premium 16g | AT4: Biblos Flocon d'avoine 50g | AU4: Biblos 3 en 1 Café au lait | AV4: Goodies 1 | AW4: Goodies 2 | AX4: Goodies 3 | AY4: Goodies 4
B5: KING CASH | C5: KING CASH PALAIS YOP | D5: 40 | E5: 20 | F5: 120 | G5: 7 | H5: 4 | I5: 0 | J5: 0 | K5: 0 | L5: =5*35 -> 175 | N5: 0 | S5: 25 | T5: 0 | U5: 0 | V5: 0 | W5: 0 | X5: 0 | Y5: 0 | Z5: 0 | AA5: 0 | AB5: 0 | AC5: 0 | AD5: 0 | AE5: 0 | AF5: 0 | AG5: 0 | AH5: PAS RECU DE PRODUITS | AK5: =S5/D5 -> 0.625 | AL5: =T5/E5 -> 0 | AM5: =U5/F5 -> 0 | AN5: =V5/G5 -> 0 | AO5: =W5/H5 -> 0 | AS5: =AA5/L5 -> 0
B6: KING CASH | C6: KING CASH PORT BOUET 2 | D6: 40 | E6: 20 | F6: 120 | G6: 7 | H6: 4 | I6: 0 | J6: 0 | K6: 0 | L6: =5*35 -> 175 | N6: 0 | S6: 18 | T6: 7 | U6: 60 | V6: 0 | W6: 0 | X6: 10 | Y6: 0 | Z6: 0 | AA6: 16 | AB6: 0 | AC6: 0 | AD6: 0 | AE6: 0 | AF6: 0 | AG6: 0 | AK6: =S6/D6 -> 0.45 | AL6: =T6/E6 -> 0.35 | AM6: =U6/F6 -> 0.5 | AN6: =V6/G6 -> 0 | AO6: =W6/H6 -> 0 | AS6: =AA6/L6 -> 0.091428571
B7: KING CASH | C7: KING CASH ABOBO MAIRIE | D7: 40 | E7: 20 | F7: 120 | G7: 7 | H7: 4 | I7: 0 | J7: 0 | K7: 0 | L7: =5*35 -> 175 | N7: 0 | S7: 42 | T7: 29 | U7: 108 | V7: 2 | W7: 0 | X7: 40 | Y7: 21 | Z7: 0 | AA7: 14 | AB7: 0 | AC7: 0 | AD7: 0 | AE7: 0 | AF7: 0 | AG7: 0 | AK7: =S7/D7 -> 1.05 | AL7: =T7/E7 -> 1.45 | AM7: =U7/F7 -> 0.9 | AN7: =V7/G7 -> 0.28571429 | AO7: =W7/H7 -> 0 | AS7: =AA7/L7 -> 0.08
B8: KING CASH | C8: KING CASH SIPOREX | D8: 40 | E8: 20 | F8: 120 | G8: 7 | H8: 4 | I8: 0 | J8: 0 | K8: 0 | L8: =5*35 -> 175 | N8: 0 | S8: 22 | T8: 0 | U8: 0 | V8: 0 | W8: 0 | X8: 0 | Y8: 0 | Z8: 0 | AA8: 0 | AB8: 0 | AC8: 0 | AD8: 0 | AE8: 0 | AF8: 0 | AG8: 0 | AH8: PAS RECU DE PRODUITS | AK8: =S8/D8 -> 0.55 | AL8: =T8/E8 -> 0 | AM8: =U8/F8 -> 0 | AN8: =V8/G8 -> 0 | AO8: =W8/H8 -> 0 | AS8: =AA8/L8 -> 0
B9: KING CASH | C9: KING CASH PRINCES. | D9: 40 | E9: 20 | F9: 120 | G9: 7 | H9: 4 | I9: 0 | J9: 0 | K9: 0 | L9: =5*35 -> 175 | N9: 0 | S9: 35 | T9: 20 | U9: 240 | V9: 0 | W9: 0 | X9: 0 | Y9: 0 | Z9: 0 | AA9: 48 | AB9: 0 | AC9: 0 | AD9: 0 | AE9: 0 | AF9: 0 | AG9: 0 | AK9: =S9/D9 -> 0.875 | AL9: =T9/E9 -> 1 | AM9: =U9/F9 -> 2 | AN9: =V9/G9 -> 0 | AO9: =W9/H9 -> 0 | AS9: =AA9/L9 -> 0.27428571
B10: KING CASH | C10: KING CASH WAKOUBOUE | D10: 40 | E10: 20 | F10: 120 | G10: 7 | H10: 4 | I10: 0 | J10: 0 | K10: 0 | L10: =5*35 -> 175 | N10: 0 | S10: 28 | T10: 0 | U10: 0 | V10: 0 | W10: 0 | X10: 0 | Y10: 0 | Z10: 0 | AA10: 0 | AB10: 0 | AC10: 0 | AD10: 0 | AE10: 0 | AF10: 0 | AG10: 0 | AH10: PAS RECU DE PRODUITS | AK10: =S10/D10 -> 0.7 | AL10: =T10/E10 -> 0 | AM10: =U10/F10 -> 0 | AN10: =V10/G10 -> 0 | AO10: =W10/H10 -> 0 | AS10: =AA10/L10 -> 0
B11: KING CASH | C11: KING CASH ABOBO KAZA | D11: 40 | E11: 20 | F11: 120 | G11: 7 | H11: 4 | I11: 0 | J11: 0 | K11: 0 | L11: =5*35 -> 175 | N11: 0 | S11: 42 | T11: 29 | U11: 108 | V11: 0 | W11: 0 | X11: 40 | Y11: 21 | Z11: 0 | AA11: 14 | AB11: 0 | AC11: 0 | AD11: 0 | AE11: 0 | AF11: 0 | AG11: 0 | AK11: =S11/D11 -> 1.05 | AL11: =T11/E11 -> 1.45 | AM11: =U11/F11 -> 0.9 | AN11: =V11/G11 -> 0 | AO11: =W11/H11 -> 0 | AS11: =AA11/L11 -> 0.08
B12: KING CASH | C12: KING CASH KENEYA | D12: 40 | E12: 20 | F12: 120 | G12: 7 | H12: 4 | I12: 0 | J12: 0 | K12: 0 | L12: =5*35 -> 175 | N12: 0 | S12: 33 | T12: 0 | U12: 0 | V12: 0 | W12: 0 | X12: 0 | Y12: 0 | Z12: 0 | AA12: 0 | AB12: 0 | AC12: 0 | AD12: 0 | AE12: 0 | AF12: 0 | AG12: 0 | AH12: PAS RECU DE PRODUITS | AK12: =S12/D12 -> 0.825 | AL12: =T12/E12 -> 0 | AM12: =U12/F12 -> 0 | AN12: =V12/G12 -> 0 | AO12: =W12/H12 -> 0 | AS12: =AA12/L12 -> 0
B13: KING CASH | C13: KING CASH ABOBO PALAIS 2 | D13: 40 | E13: 20 | F13: 120 | G13: 7 | H13: 4 | I13: 0 | J13: 0 | K13: 0 | L13: =5*35 -> 175 | N13: 0 | S13: 35 | T13: 23 | U13: 113 | V13: 2 | W13: 0 | X13: 40 | Y13: 10 | Z13: 0 | AA13: 51 | AB13: 0 | AC13: 0 | AD13: 0 | AE13: 0 | AF13: 0 | AG13: 0 | AH13: PAS RECU DE PRODUITS | AK13: =S13/D13 -> 0.875 | AL13: =T13/E13 -> 1.15 | AM13: =U13/F13 -> 0.94166667 | AN13: =V13/G13 -> 0.28571429 | AO13: =W13/H13 -> 0 | AS13: =AA13/L13 -> 0.29142857
B14: KING CASH | C14: KING CASH DABOU | D14: 40 | E14: 20 | F14: 120 | G14: 7 | H14: 4 | I14: 0 | J14: 0 | K14: 0 | L14: =5*35 -> 175 | N14: 0 | S14: 20 | T14: 0 | U14: 0 | V14: 0 | W14: 0 | X14: 0 | Y14: 0 | Z14: 0 | AA14: 0 | AB14: 0 | AC14: 0 | AD14: 0 | AE14: 0 | AF14: 0 | AG14: 0 | AH14: PAS RECU DE PRODUITS | AK14: =S14/D14 -> 0.5 | AL14: =T14/E14 -> 0 | AM14: =U14/F14 -> 0 | AN14: =V14/G14 -> 0 | AO14: =W14/H14 -> 0 | AS14: =AA14/L14 -> 0
B15: KING CASH | C15: KING CASH 07 DECEMBRE | D15: 40 | E15: 20 | F15: 120 | G15: 7 | H15: 4 | I15: 0 | J15: 0 | K15: 0 | L15: =5*35 -> 175 | N15: 0 | S15: 28 | T15: 0 | U15: 0 | V15: 0 | W15: 0 | X15: 0 | Y15: 0 | Z15: 0 | AA15: 0 | AB15: 0 | AC15: 0 | AD15: 0 | AE15: 0 | AF15: 0 | AG15: 0 | AH15: PAS RECU DE PRODUITS | AK15: =S15/D15 -> 0.7 | AL15: =T15/E15 -> 0 | AM15: =U15/F15 -> 0 | AN15: =V15/G15 -> 0 | AO15: =W15/H15 -> 0 | AS15: =AA15/L15 -> 0
B16: KING CASH | C16: KING CASH REMBLAIS | D16: 40 | E16: 20 | F16: 120 | G16: 7 | H16: 4 | I16: 0 | J16: 0 | K16: 0 | L16: =5*35 -> 175 | N16: 0 | S16: 37 | T16: 0 | U16: 0 | V16: 0 | W16: 0 | X16: 0 | Y16: 0 | Z16: 0 | AA16: 0 | AB16: 0 | AC16: 0 | AD16: 0 | AE16: 0 | AF16: 0 | AG16: 0 | AH16: PAS RECU DE PRODUITS | AK16: =S16/D16 -> 0.925 | AL16: =T16/E16 -> 0 | AM16: =U16/F16 -> 0 | AN16: =V16/G16 -> 0 | AO16: =W16/H16 -> 0 | AS16: =AA16/L16 -> 0
B17: KING CASH | C17: KING CASH WILLIAMSVILLE | D17: 40 | E17: 20 | F17: 120 | G17: 7 | H17: 4 | I17: 0 | J17: 0 | K17: 0 | L17: =5*35 -> 175 | N17: 0 | S17: 27 | T17: 7 | U17: 0 | V17: 0 | W17: 0 | X17: 2 | Y17: 2 | Z17: 0 | AA17: 12 | AB17: 5 | AC17: 0 | AD17: 0 | AE17: 0 | AF17: 0 | AG17: 0 | AH17: PAS RECU DE PRODUITS | AK17: =S17/D17 -> 0.675 | AL17: =T17/E17 -> 0.35 | AM17: =U17/F17 -> 0 | AN17: =V17/G17 -> 0 | AO17: =W17/H17 -> 0 | AS17: =AA17/L17 -> 0.068571429
B18: KING CASH | C18: KING CASH WASSAKARA | D18: 40 | E18: 20 | F18: 120 | G18: 7 | H18: 4 | I18: 0 | J18: 0 | K18: 0 | L18: =5*35 -> 175 | N18: 0 | S18: 50 | T18: 32 | U18: 138 | V18: 0 | W18: 0 | X18: 0 | Y18: 0 | Z18: 0 | AA18: 54 | AB18: 0 | AC18: 0 | AD18: 0 | AE18: 0 | AF18: 0 | AG18: 0 | AH18: PAS RECU DE PRODUITS | AK18: =S18/D18 -> 1.25 | AL18: =T18/E18 -> 1.6 | AM18: =U18/F18 -> 1.15 | AN18: =V18/G18 -> 0 | AO18: =W18/H18 -> 0 | AS18: =AA18/L18 -> 0.30857143
B19: KING CASH | C19: KING CASH SOGEPHIA YOP | D19: 40 | E19: 20 | F19: 120 | G19: 7 | H19: 4 | I19: 0 | J19: 0 | K19: 0 | L19: =5*35 -> 175 | N19: 0 | S19: 32 | T19: 0 | U19: 0 | V19: 0 | W19: 0 | X19: 0 | Y19: 0 | Z19: 0 | AA19: 0 | AB19: 0 | AC19: 0 | AD19: 0 | AE19: 0 | AF19: 0 | AG19: 0 | AH19: PAS RECU DE PRODUITS | AK19: =S19/D19 -> 0.8 | AL19: =T19/E19 -> 0 | AM19: =U19/F19 -> 0 | AN19: =V19/G19 -> 0 | AO19: =W19/H19 -> 0 | AS19: =AA19/L19 -> 0
B20: KING CASH | C20: KING CASH CAMP MILITAIRE | D20: 40 | E20: 20 | F20: 120 | G20: 7 | H20: 4 | I20: 0 | J20: 0 | K20: 0 | L20: =5*35 -> 175 | N20: 0 | S20: 40 | T20: 32 | U20: 64 | V20: 4 | W20: 0 | X20: 0 | Y20: 0 | Z20: 0 | AA20: 0 | AB20: 0 | AC20: 0 | AD20: 0 | AE20: 0 | AF20: 0 | AG20: 0 | AH20: PAS RECU DE PRODUITS | AK20: =S20/D20 -> 1 | AL20: =T20/E20 -> 1.6 | AM20: =U20/F20 -> 0.53333333 | AN20: =V20/G20 -> 0.57142857 | AO20: =W20/H20 -> 0 | AS20: =AA20/L20 -> 0
B21: KING CASH | C21: KING CASH CAFEIERS | D21: 40 | E21: 20 | F21: 120 | G21: 7 | H21: 4 | I21: 0 | J21: 0 | K21: 0 | L21: =5*35 -> 175 | N21: 0 | S21: 20 | T21: 0 | U21: 0 | V21: 0 | W21: 0 | X21: 0 | Y21: 0 | Z21: 0 | AA21: 0 | AB21: 0 | AC21: 0 | AD21: 0 | AE21: 0 | AF21: 0 | AG21: 0 | AH21: PAS RECU DE PRODUITS | AK21: =S21/D21 -> 0.5 | AL21: =T21/E21 -> 0 | AM21: =U21/F21 -> 0 | AN21: =V21/G21 -> 0 | AO21: =W21/H21 -> 0 | AS21: =AA21/L21 -> 0
B22: KING CASH | C22: KING CASH BLVD CAMEROUN | D22: 40 | E22: 20 | F22: 120 | G22: 7 | H22: 4 | I22: 0 | J22: 0 | K22: 0 | L22: =5*35 -> 175 | N22: 0 | S22: 30 | T22: 0 | U22: 0 | V22: 0 | W22: 0 | X22: 0 | Y22: 0 | Z22: 0 | AA22: 0 | AB22: 0 | AC22: 0 | AD22: 0 | AE22: 0 | AF22: 0 | AG22: 0 | AH22: PAS RECU DE PRODUITS | AK22: =S22/D22 -> 0.75 | AL22: =T22/E22 -> 0 | AM22: =U22/F22 -> 0 | AN22: =V22/G22 -> 0 | AO22: =W22/H22 -> 0 | AS22: =AA22/L22 -> 0
B23: KING CASH | C23: KING CASH BINGERVILLE | D23: 40 | E23: 20 | F23: 120 | G23: 7 | H23: 4 | I23: 0 | J23: 0 | K23: 0 | L23: =5*35 -> 175 | N23: 0 | S23: 34 | T23: 0 | U23: 0 | V23: 0 | W23: 0 | X23: 0 | Y23: 0 | Z23: 0 | AA23: 0 | AB23: 0 | AC23: 0 | AD23: 0 | AE23: 0 | AF23: 0 | AG23: 0 | AH23: PAS RECU DE PRODUITS | AK23: =S23/D23 -> 0.85 | AL23: =T23/E23 -> 0 | AM23: =U23/F23 -> 0 | AN23: =V23/G23 -> 0 | AO23: =W23/H23 -> 0 | AS23: =AA23/L23 -> 0
... B36: CDCI | C36: CDCI DEMI GROS NIANGON | D36: 40 | E36: 20 | F36: 120 | G36: 7 | H36: 4 | I36: 0 | J36: 0 | K36: 0 | L36: =5*35 -> 175 | N36: 0 | S36: 18 | T36: 0 | U36: 0 | V36: 0 | W36: 0 | X36: 0 | Y36: 0 | Z36: 0 | AA36: 0 | AB36: 0 | AC36: 0 | AD36: 0 | AE36: 0 | AF36: 0 | AG36: 0 | AH36: PAS RECU DE PRODUITS | AK36: =S36/D36 -> 0.45 | AL36: =T36/E36 -> 0 | AM36: =U36/F36 -> 0 | AN36: =V36/G36 -> 0 | AO36: =W36/H36 -> 0 | AS36: =AA36/L36 -> 0
B37: CDCI | C37: CDCI DEMI GROS ABOBO BAOULE | D37: 40 | E37: 20 | F37: 120 | G37: 7 | H37: 4 | I37: 0 | J37: 0 | K37: 0 | L37: =5*35 -> 175 | N37: 0 | S37: 41 | T37: 20 | U37: 120 | V37: 0 | W37: 0 | X37: 70 | Y37: 2 | Z37: 0 | AA37: 120 | AB37: 0 | AC37: 0 | AD37: 0 | AE37: 0 | AF37: 0 | AG37: 0 | AK37: =S37/D37 -> 1.025 | AL37: =T37/E37 -> 1 | AM37: =U37/F37 -> 1 | AN37: =V37/G37 -> 0 | AO37: =W37/H37 -> 0 | AS37: =AA37/L37 -> 0.68571429
B38: CDCI | C38: CDCI DEMI GROS AKEIKOr | D38: 40 | E38: 20 | F38: 120 | G38: 7 | H38: 4 | I38: 0 | J38: 0 | K38: 0 | L38: =5*35 -> 175 | N38: 0 | S38: 52 | T38: 38 | U38: 110 | V38: 1 | W38: 0 | X38: 70 | Y38: 7 | Z38: 0 | AA38: 38 | AB38: 0 | AC38: 0 | AD38: 0 | AE38: 0 | AF38: 0 | AG38: 0 | AK38: =S38/D38 -> 1.3 | AL38: =T38/E38 -> 1.9 | AM38: =U38/F38 -> 0.91666667 | AN38: =V38/G38 -> 0.14285714 | AO38: =W38/H38 -> 0 | AS38: =AA38/L38 -> 0.21714286
B39: CDCI | C39: CDCI DEMI GROS 4 ETAGES | D39: 40 | E39: 20 | F39: 120 | G39: 7 | H39: 4 | I39: 0 | J39: 0 | K39: 0 | L39: =5*35 -> 175 | N39: 0 | S39: 36 | T39: 0 | U39: 0 | V39: 0 | W39: 0 | X39: 0 | Y39: 0 | Z39: 0 | AA39: 0 | AB39: 0 | AC39: 0 | AD39: 0 | AE39: 0 | AF39: 0 | AG39: 0 | AH39: PAS RECU DE PRODUITS | AK39: =S39/D39 -> 0.9 | AL39: =T39/E39 -> 0 | AM39: =U39/F39 -> 0 | AN39: =V39/G39 -> 0 | AO39: =W39/H39 -> 0 | AS39: =AA39/L39 -> 0
B40: CDCI | C40: CDCI DEMI GROS PK 18 | D40: 40 | E40: 20 | F40: 120 | G40: 7 | H40: 4 | I40: 0 | J40: 0 | K40: 0 | L40: =5*35 -> 175 | N40: 0 | S40: 20 | T40: 0 | U40: 0 | V40: 0 | W40: 0 | X40: 0 | Y40: 0 | Z40: 0 | AA40: 0 | AB40: 0 | AC40: 0 | AD40: 0 | AE40: 0 | AF40: 0 | AG40: 0 | AH40: PAS RECU DE PRODUITS | AK40: =S40/D40 -> 0.5 | AL40: =T40/E40 -> 0 | AM40: =U40/F40 -> 0 | AN40: =V40/G40 -> 0 | AO40: =W40/H40 -> 0 | AS40: =AA40/L40 -> 0
B41: CDCI | C41: CDCI DEMI GROS ANYAMA | D41: 40 | E41: 20 | F41: 120 | G41: 7 | H41: 4 | I41: 0 | J41: 0 | K41: 0 | L41: =5*35 -> 175 | N41: 0 | S41: 65 | T41: 20 | U41: 105 | V41: 4 | W41: 0 | X41: 42 | Y41: 3 | Z41: 0 | AA41: 50 | AB41: 0 | AC41: 0 | AD41: 0 | AE41: 0 | AF41: 0 | AG41: 0 | AK41: =S41/D41 -> 1.625 | AL41: =T41/E41 -> 1 | AM41: =U41/F41 -> 0.875 | AN41: =V41/G41 -> 0.57142857 | AO41: =W41/H41 -> 0 | AS41: =AA41/L41 -> 0.28571429
B42: CDCI | C42: CDCI DEMI GROS ANANERAIE | D42: 40 | E42: 20 | F42: 120 | G42: 7 | H42: 4 | I42: 0 | J42: 0 | K42: 0 | L42: =5*35 -> 175 | N42: 0 | S42: 25 | T42: 15 | U42: 130 | V42: 0 | W42: 0 | X42: 0 | Y42: 0 | Z42: 0 | AA42: 26 | AB42: 0 | AC42: 0 | AD42: 0 | AE42: 0 | AF42: 0 | AG42: 0 | AK42: =S42/D42 -> 0.625 | AL42: =T42/E42 -> 0.75 | AM42: =U42/F42 -> 1.0833333 | AN42: =V42/G42 -> 0 | AO42: =W42/H42 -> 0 | AS42: =AA42/L42 -> 0.14857143
B43: CDCI | C43: CDCI DEMI GROS EBENEZER | D43: 40 | E43: 20 | F43: 120 | G43: 7 | H43: 4 | I43: 0 | J43: 0 | K43: 0 | L43: =5*35 -> 175 | N43: 0 | S43: 26 | T43: 0 | U43: 0 | V43: 0 | W43: 0 | X43: 0 | Y43: 0 | Z43: 0 | AA43: 0 | AB43: 0 | AC43: 0 | AD43: 0 | AE43: 0 | AF43: 0 | AG43: 0 | AH43: PAS RECU DE PRODUITS | AK43: =S43/D43 -> 0.65 | AL43: =T43/E43 -> 0 | AM43: =U43/F43 -> 0 | AN43: =V43/G43 -> 0 | AO43: =W43/H43 -> 0 | AS43: =AA43/L43 -> 0
B44: CDCI | C44: CDCI DEMI GROS TOIT ROUGE | D44: 40 | E44: 20 | F44: 120 | G44: 7 | H44: 4 | I44: 0 | J44: 0 | K44: 0 | L44: =5*35 -> 175 | N44: 0 | S44: 23 | T44: 0 | U44: 0 | V44: 0 | W44: 0 | X44: 0 | Y44: 0 | Z44: 0 | AA44: 0 | AB44: 0 | AC44: 0 | AD44: 0 | AE44: 0 | AF44: 0 | AG44: 0 | AH44: PAS RECU DE PRODUITS | AK44: =S44/D44 -> 0.575 | AL44: =T44/E44 -> 0 | AM44: =U44/F44 -> 0 | AN44: =V44/G44 -> 0 | AO44: =W44/H44 -> 0 | AS44: =AA44/L44 -> 0
B45: CDCI | C45: CDCI DEMI GROS BANCO 2 | D45: 40 | E45: 20 | F45: 120 | G45: 7 | H45: 4 | I45: 0 | J45: 0 | K45: 0 | L45: =5*35 -> 175 | N45: 0 | S45: 34 | T45: 0 | U45: 0 | V45: 0 | W45: 0 | X45: 0 | Y45: 0 | Z45: 0 | AA45: 0 | AB45: 0 | AC45: 0 | AD45: 0 | AE45: 0 | AF45: 0 | AG45: 0 | AH45: PAS RECU DE PRODUITS | AK45: =S45/D45 -> 0.85 | AL45: =T45/E45 -> 0 | AM45: =U45/F45 -> 0 | AN45: =V45/G45 -> 0 | AO45: =W45/H45 -> 0 | AS45: =AA45/L45 -> 0
B46: CDCI | C46: CDCI DEMI GROS RIVIERA 3 | D46: 40 | E46: 20 | F46: 120 | G46: 7 | H46: 4 | I46: 0 | J46: 0 | K46: 0 | L46: =5*35 -> 175 | N46: 0 | S46: 30 | T46: 0 | U46: 0 | V46: 0 | W46: 0 | X46: 0 | Y46: 0 | Z46: 0 | AA46: 0 | AB46: 0 | AC46: 0 | AD46: 0 | AE46: 0 | AF46: 0 | AG46: 0 | AH46: PAS RECU DE PRODUITS | AK46: =S46/D46 -> 0.75 | AL46: =T46/E46 -> 0 | AM46: =U46/F46 -> 0 | AN46: =V46/G46 -> 0 | AO46: =W46/H46 -> 0 | AS46: =AA46/L46 -> 0
B47: CDCI | C47: CDCI DEMI GROS VGE | D47: 40 | E47: 20 | F47: 120 | G47: 7 | H47: 4 | I47: 0 | J47: 0 | K47: 0 | L47: =5*35 -> 175 | N47: 0 | S47: 20 | T47: 0 | U47: 0 | V47: 0 | W47: 0 | X47: 0 | Y47: 0 | Z47: 0 | AA47: 0 | AB47: 0 | AC47: 0 | AD47: 0 | AE47: 0 | AF47: 0 | AG47: 0 | AH47: PAS RECU DE PRODUITS | AK47: =S47/D47 -> 0.5 | AL47: =T47/E47 -> 0 | AM47: =U47/F47 -> 0 | AN47: =V47/G47 -> 0 | AO47: =W47/H47 -> 0 | AS47: =AA47/L47 -> 0
B48: CDCI | C48: CDCI DEMI GROS ANGRE | D48: 40 | E48: 20 | F48: 120 | G48: 7 | H48: 4 | I48: 0 | J48: 0 | K48: 0 | L48: =5*35 -> 175 | N48: 0 | S48: 50 | T48: 38 | U48: 125 | V48: 7 | W48: 0 | X48: 100 | Y48: 0 | Z48: 0 | AA48: 39 | AB48: 0 | AC48: 0 | AD48: 0 | AE48: 0 | AF48: 0 | AG48: 0 | AH48: PAS RECU DE PRODUITS | AK48: =S48/D48 -> 1.25 | AL48: =T48/E48 -> 1.9 | AM48: =U48/F48 -> 1.0416667 | AN48: =V48/G48 -> 1 | AO48: =W48/H48 -> 0 | AS48: =AA48/L48 -> 0.22285714
B49: CDCI | C49: CDCI DEMI GROS PALMERAIE 4 | D49: 40 | E49: 20 | F49: 120 | G49: 7 | H49: 4 | I49: 0 | J49: 0 | K49: 0 | L49: =5*35 -> 175 | N49: 0 | S49: 30 | T49: 0 | U49: 0 | V49: 0 | W49: 0 | X49: 0 | Y49: 0 | Z49: 0 | AA49: 0 | AB49: 0 | AC49: 0 | AD49: 0 | AE49: 0 | AF49: 0 | AG49: 0 | AH49: PAS RECU DE PRODUITS | AK49: =S49/D49 -> 0.75 | AL49: =T49/E49 -> 0 | AM49: =U49/F49 -> 0 | AN49: =V49/G49 -> 0 | AO49: =W49/H49 -> 0 | AS49: =AA49/L49 -> 0
B50: CDCI | C50: CDCI DEMI GROS ADO | D50: 40 | E50: 20 | F50: 120 | G50: 7 | H50: 4 | I50: 0 | J50: 0 | K50: 0 | L50: =5*35 -> 175 | N50: 0 | S50: 20 | T50: 0 | U50: 0 | V50: 0 | W50: 0 | X50: 0 | Y50: 0 | Z50: 0 | AA50: 0 | AB50: 0 | AC50: 0 | AD50: 0 | AE50: 0 | AF50: 0 | AG50: 0 | AH50: PAS RECU DE PRODUITS | AK50: =S50/D50 -> 0.5 | AL50: =T50/E50 -> 0 | AM50: =U50/F50 -> 0 | AN50: =V50/G50 -> 0 | AO50: =W50/H50 -> 0 | AS50: =AA50/L50 -> 0
B51: CDCI | C51: CDCI DEMI GROS ANONO | D51: 40 | E51: 20 | F51: 120 | G51: 7 | H51: 4 | I51: 0 | J51: 0 | K51: 0 | L51: =5*35 -> 175 | N51: 0 | S51: 27 | T51: 22 | U51: 111 | V51: 0 | W51: 0 | X51: 35 | Y51: 11 | Z51: 0 | AA51: 0 | AB51: 0 | AC51: 0 | AD51: 0 | AE51: 0 | AF51: 0 | AG51: 0 | AK51: =S51/D51 -> 0.675 | AL51: =T51/E51 -> 1.1 | AM51: =U51/F51 -> 0.925 | AN51: =V51/G51 -> 0 | AO51: =W51/H51 -> 0 | AS51: =AA51/L51 -> 0
B52: CDCI | C52: CDCI DEMI GROS 2 PLATEAUX | D52: 40 | E52: 20 | F52: 120 | G52: 7 | H52: 4 | I52: 0 | J52: 0 | K52: 0 | L52: =5*35 -> 175 | N52: 0 | S52: 39 | T52: 30 | U52: 90 | V52: 10 | W52: 0 | X52: 20 | Y52: 9 | Z52: 0 | AA52: 90 | AB52: 20 | AC52: 0 | AD52: 0 | AE52: 0 | AF52: 0 | AG52: 0 | AK52: =S52/D52 -> 0.975 | AL52: =T52/E52 -> 1.5 | AM52: =U52/F52 -> 0.75 | AN52: =V52/G52 -> 1.4285714 | AO52: =W52/H52 -> 0 | AS52: =AA52/L52 -> 0.51428571
B53: CDCI | C53: CDCI DEMI GROS PORT | D53: 40 | E53: 20 | F53: 120 | G53: 7 | H53: 4 | I53: 0 | J53: 0 | K53: 0 | L53: =5*35 -> 175 | N53: 0 | S53: 30 | T53: 20 | U53: 120 | V53: 1 | W53: 0 | X53: 3 | Y53: 5 | Z53: 0 | AA53: 90 | AB53: 0 | AC53: 0 | AD53: 0 | AE53: 0 | AF53: 0 | AG53: 0 | AK53: =S53/D53 -> 0.75 | AL53: =T53/E53 -> 1 | AM53: =U53/F53 -> 1 | AN53: =V53/G53 -> 0.14285714 | AO53: =W53/H53 -> 0 | AS53: =AA53/L53 -> 0.51428571
B54: CDCI | C54: CDCI DEMI GROS GONZAGUEVILLE | D54: 40 | E54: 20 | F54: 120 | G54: 7 | H54: 4 | I54: 0 | J54: 0 | K54: 0 | L54: =5*35 -> 175 | N54: 0 | S54: 20 | T54: 0 | U54: 0 | V54: 0 | W54: 0 | X54: 0 | Y54: 0 | Z54: 0 | AA54: 0 | AB54: 0 | AC54: 0 | AD54: 0 | AE54: 0 | AF54: 0 | AG54: 0 | AH54: PAS RECU DE PRODUITS | AK54: =S54/D54 -> 0.5 | AL54: =T54/E54 -> 0 | AM54: =U54/F54 -> 0 | AN54: =V54/G54 -> 0 | AO54: =W54/H54 -> 0 | AS54: =AA54/L54 -> 0
A55: 2 | B55: TOTAL | D55: =SUM(D5:D54) -> 2000 | E55: =SUM(E5:E54) -> 1000 | F55: =SUM(F5:F54) -> 6000 | G55: =SUM(G5:G54) -> 350 | H55: =SUM(H5:H54) -> 200 | I55: =SUM(I5:I54) -> 0 | J55: =SUM(J5:J54) -> 0 | K55: =SUM(K5:K54) -> 0 | ... AG55: =SUM(AG5:AG54) -> 0 | AH55: =SUM(AH5:AH34) -> 0 | AI55: =SUM(AI5:AI34) -> 0 | AK55: =S55/D55 -> 0.7725 | AL55: =T55/E55 -> 0.421 | AM55: =U55/F55 -> 0.3265 | AN55: =V55/G55 -> 0.094285714 | AO55: =W55/H55 -> 0 | AS55: =AA55/L55 -> 0.079771429
B57: TOTAL EN CARTONS | D57: =D55 -> 2000 | E57: =E55 -> 1000 | F57: =F55/120 -> 50 | G57: =G55/6 -> 58.333333 | H57: =H55/10 -> 20 | I57: =I55/100 -> 0 | J57: =J55/10 -> 0 | K57: =K55/60 -> 0 | L57: =L55/120 -> 72.916667 | M57: =M55/100 -> 0 | N57: =N55/60 -> 0 | O57: =O55 -> 0 | P57: =P55 -> 0 | Q57: =Q55 -> 0 | R57: =R55 -> 0 | S57: =S55 -> 1545 | T57: =T55 -> 421 | U57: =U55/120 -> 16.325 | V57: =V55/6 -> 5.5 | W57: =W55/10 -> 0 | X57: =X55/100 -> 4.72 | Y57: =Y55/20 -> 4.9 | Z57: =Z55/60 -> 0 | AA57: =AA55/120 -> 5.8166667 | AB57: =AB55/100 -> 0.25 | AC57: =AC55/60 -> 0 | AD57: =AD55 -> 0 | AE57: =AE55 -> 0 | AF57: =AF55 -> 0 | AG57: =AG55 -> 0 | AM57: =AM55/120 -> 0.0027208333 | AN57: =AN55/6 -> 0.015714286 | AO57: =AO55/20 -> 0 | AP57: =AP55/100 -> 0 | AR57: =AR55/20 -> 0 | AS57: =AS55/120 -> 0.0006647619 | AU57: =AU55/100 -> 0 | AV57: =AV55/100 -> 0 | AW57: =AW55/100 -> 0 | AX57: =AX55/100 -> 0 | AY57: =AY55/100 -> 0

Sheet JOUR 3
B2: Date | C2: 46111 | D2: OBJECTIFS | S2: REALISATIONS | AK2: TAUX DE REALISATION
B3: Enseigne | C3: Nom du PDV en promotion | D3: Contacts | E3: =T3 -> Acheteurs | F3: Produits (en unités) | L3: Gratuités pour achats (en unités) | S3: Contacts | T3: Acheteurs | U3: Produits | AA3: =L3 -> Gratuités pour achats (en unités) | AD3: GOODIES | AH3: Commentaires | AI3: Impressions des PDV et des clients | AK3: Contacts | AL3: Acheteurs | AM3: Produits | AS3: =AD3 -> GOODIES | AV3: GOODIES
D4: =S4 -> Nombre de personnes ayant été contactées au rayon | E4: =T4 -> Nombre de personnes ayant acheté | F4: Biblos Lait Premium 16g | G4: Biblos Lait Premium 360g | H4: Biblos Lait Excellence | I4: Biblos Flocon d'avoine 50g | J4: Biblos Flocon d'avoine 400g | K4: Biblos 3 en 1 Café au lait | L4: Biblos Lait Premium 16g | M4: Biblos Flocon d'avoine 50g | N4: Biblos 3 en Café au Lait | O4: Goodies 1 | P4: Goodies 2 | Q4: Goodies 3 | R4: Goodie 4 | S4: Nombre de personnes ayant été contactées au rayon | T4: Nombre de personnes ayant acheté | U4: Biblos Lait Premium 16g | V4: Biblos Lait Premium 360g | W4: Biblos Lait Excellence | X4: Biblos Flocon d'avoine 50g | Y4: Biblos Flocon d'avoine 400g | Z4: Biblos 3 en 1 Café au lait | AA4: Biblos Lait Premium 16g | AB4: Biblos Flocon d'avoine 50g | AC4: Biblos 3 en 1 Café au lait | AD4: =O4 -> Goodies 1 | AE4: =P4 -> Goodies 2 | AF4: =Q4 -> Goodies 3 | AG4: =R4 -> Goodie 4 | AK4: Nombre de personnes ayant été contactées au rayon | AL4: Nombre de personnes ayant acheté | AM4: Biblos Lait Premium 16g | AN4: Biblos Lait Premium 360g | AO4: Biblos Lait Excellence | AP4: Biblos Flocon d'avoine 50g | AQ4: Biblos Flocon d'avoine 400g | AR4: Biblos 3 en 1 Café au lait | AS4: Biblos Lait Premium 16g | AT4: Biblos Flocon d'avoine 50g | AU4: Biblos 3 en 1 Café au lait | AV4: Goodies 1 | AW4: Goodies 2 | AX4: Goodies 3 | AY4: Goodies 4
B5: KING CASH | C5: KING CASH PALAIS YOP | D5: 40 | E5: 20 | F5: 120 | G5: 7 | H5: 4 | I5: 0 | J5: 0 | K5: 0 | L5: =5*35 -> 175 | N5: 0 | AH5: PAS RECU LES PRODUITS | AK5: =S5/D5 -> 0 | AL5: =T5/E5 -> 0 | AM5: =U5/F5 -> 0 | AN5: =V5/G5 -> 0 | AO5: =W5/H5 -> 0 | AS5: =AA5/L5 -> 0
B6: KING CASH | C6: KING CASH PORT BOUET 2 | D6: 40 | E6: 20 | F6: 120 | G6: 7 | H6: 4 | I6: 0 | J6: 0 | K6: 0 | L6: =5*35 -> 175 | N6: 0 | S6: 30 | T6: 20 | U6: 90 | V6: 0 | W6: 0 | X6: 86 | Y6: 0 | Z6: 0 | AA6: 37 | AB6: 0 | AC6: 0 | AD6: 0 | AE6: 0 | AF6: 0 | AG6: 0 | AK6: =S6/D6 -> 0.75 | AL6: =T6/E6 -> 1 | AM6: =U6/F6 -> 0.75 | AN6: =V6/G6 -> 0 | AO6: =W6/H6 -> 0 | AS6: =AA6/L6 -> 0.21142857
B7: KING CASH | C7: KING CASH ABOBO MAIRIE | D7: 40 | E7: 20 | F7: 120 | G7: 7 | H7: 4 | I7: 0 | J7: 0 | K7: 0 | L7: =5*35 -> 175 | N7: 0 | S7: 39 | T7: 24 | U7: 110 | V7: 4 | W7: 0 | X7: 30 | Y7: 0 | Z7: 0 | AA7: 14 | AB7: 0 | AC7: 0 | AD7: 0 | AE7: 0 | AF7: 0 | AG7: 0 | AK7: =S7/D7 -> 0.975 | AL7: =T7/E7 -> 1.2 | AM7: =U7/F7 -> 0.91666667 | AN7: =V7/G7 -> 0.57142857 | AO7: =W7/H7 -> 0 | AS7: =AA7/L7 -> 0.08
B8: KING CASH | C8: KING CASH SIPOREX | D8: 40 | E8: 20 | F8: 120 | G8: 7 | H8: 4 | I8: 0 | J8: 0 | K8: 0 | L8: =5*35 -> 175 | N8: 0 | S8: 45 | T8: 21 | U8: 200 | V8: 0 | W8: 0 | X8: 0 | Y8: 0 | Z8: 0 | AA8: 22 | AB8: 0 | AC8: 0 | AD8: 0 | AE8: 0 | AF8: 0 | AG8: 0 | AK8: =S8/D8 -> 1.125 | AL8: =T8/E8 -> 1.05 | AM8: =U8/F8 -> 1.6666667 | AN8: =V8/G8 -> 0 | AO8: =W8/H8 -> 0 | AS8: =AA8/L8 -> 0.12571429
B9: KING CASH | C9: KING CASH PRINCES. | D9: 40 | E9: 20 | F9: 120 | G9: 7 | H9: 4 | I9: 0 | J9: 0 | K9: 0 | L9: =5*35 -> 175 | N9: 0 | S9: 40 | T9: 35 | U9: 250 | V9: 4 | W9: 0 | X9: 50 | Y9: 0 | Z9: 0 | AA9: 200 | AB9: 0 | AC9: 0 | AD9: 0 | AE9: 0 | AF9: 0 | AG9: 0 | AK9: =S9/D9 -> 1 | AL9: =T9/E9 -> 1.75 | AM9: =U9/F9 -> 2.0833333 | AN9: =V9/G9 -> 0.57142857 | AO9: =W9/H9 -> 0 | AS9: =AA9/L9 -> 1.1428571
B10: KING CASH | C10: KING CASH WAKOUBOUE | D10: 40 | E10: 20 | F10: 120 | G10: 7 | H10: 4 | I10: 0 | J10: 0 | K10: 0 | L10: =5*35 -> 175 | N10: 0 | S10: 30 | T10: 19 | U10: 255 | V10: 4 | W10: 0 | X10: 136 | Y10: 0 | Z10: 0 | AA10: 81 | AB10: 0 | AC10: 0 | AD10: 0 | AE10: 0 | AF10: 0 | AG10: 0 | AK10: =S10/D10 -> 0.75 | AL10: =T10/E10 -> 0.95 | AM10: =U10/F10 -> 2.125 | AN10: =V10/G10 -> 0.57142857 | AO10: =W10/H10 -> 0 | AS10: =AA10/L10 -> 0.46285714
B11: KING CASH | C11: KING CASH ABOBO KAZA | D11: 40 | E11: 20 | F11: 120 | G11: 7 | H11: 4 | I11: 0 | J11: 0 | K11: 0 | L11: =5*35 -> 175 | N11: 0 | S11: 40 | T11: 22 | U11: 110 | V11: 4 | W11: 0 | X11: 30 | Y11: 0 | Z11: 0 | AA11: 14 | AB11: 0 | AC11: 0 | AD11: 0 | AE11: 0 | AF11: 0 | AG11: 0 | AK11: =S11/D11 -> 1 | AL11: =T11/E11 -> 1.1 | AM11: =U11/F11 -> 0.91666667 | AN11: =V11/G11 -> 0.57142857 | AO11: =W11/H11 -> 0 | AS11: =AA11/L11 -> 0.08
B12: KING CASH | C12: KING CASH KENEYA | D12: 40 | E12: 20 | F12: 120 | G12: 7 | H12: 4 | I12: 0 | J12: 0 | K12: 0 | L12: =5*35 -> 175 | N12: 0 | S12: 10 | T12: 5 | U12: 30 | V12: 0 | W12: 0 | X12: 50 | Y12: 1 | Z12: 0 | AA12: 16 | AB12: 0 | AC12: 0 | AD12: 0 | AE12: 0 | AF12: 0 | AG12: 0 | AK12: =S12/D12 -> 0.25 | AL12: =T12/E12 -> 0.25 | AM12: =U12/F12 -> 0.25 | AN12: =V12/G12 -> 0 | AO12: =W12/H12 -> 0 | AS12: =AA12/L12 -> 0.091428571
B13: KING CASH | C13: KING CASH ABOBO PALAIS 2 | D13: 40 | E13: 20 | F13: 120 | G13: 7 | H13: 4 | I13: 0 | J13: 0 | K13: 0 | L13: =5*35 -> 175 | N13: 0 | S13: 20 | T13: 11 | U13: 70 | V13: 1 | W13: 0 | X13: 30 | Y13: 8 | Z13: 0 | AA13: 32 | AB13: 0 | AC13: 0 | AD13: 0 | AE13: 0 | AF13: 0 | AG13: 0 | AK13: =S13/D13 -> 0.5 | AL13: =T13/E13 -> 0.55 | AM13: =U13/F13 -> 0.58333333 | AN13: =V13/G13 -> 0.14285714 | AO13: =W13/H13 -> 0 | AS13: =AA13/L13 -> 0.18285714
B14: KING CASH | C14: KING CASH DABOU | D14: 40 | E14: 20 | F14: 120 | G14: 7 | H14: 4 | I14: 0 | J14: 0 | K14: 0 | L14: =5*35 -> 175 | N14: 0 | S14: 30 | T14: 20 | U14: 60 | V14: 3 | W14: 0 | X14: 70 | Y14: 45 | Z14: 0 | AA14: 0 | AB14: 0 | AC14: 0 | AD14: 0 | AE14: 0 | AF14: 0 | AG14: 0 | AK14: =S14/D14 -> 0.75 | AL14: =T14/E14 -> 1 | AM14: =U14/F14 -> 0.5 | AN14: =V14/G14 -> 0.42857143 | AO14: =W14/H14 -> 0 | AS14: =AA14/L14 -> 0
B15: KING CASH | C15: KING CASH 07 DECEMBRE | D15: 40 | E15: 20 | F15: 120 | G15: 7 | H15: 4 | I15: 0 | J15: 0 | K15: 0 | L15: =5*35 -> 175 | N15: 0 | S15: 30 | T15: 20 | U15: 12 | V15: 3 | W15: 0 | X15: 4 | Y15: 3 | Z15: 0 | AA15: 20 | AB15: 0 | AC15: 0 | AD15: 0 | AE15: 0 | AF15: 0 | AG15: 0 | AK15: =S15/D15 -> 0.75 | AL15: =T15/E15 -> 1 | AM15: =U15/F15 -> 0.1 | AN15: =V15/G15 -> 0.42857143 | AO15: =W15/H15 -> 0 | AS15: =AA15/L15 -> 0.11428571
B16: KING CASH | C16: KING CASH REMBLAIS | D16: 40 | E16: 20 | F16: 120 | G16: 7 | H16: 4 | I16: 0 | J16: 0 | K16: 0 | L16: =5*35 -> 175 | N16: 0 | S16: 30 | T16: 10 | U16: 100 | V16: 4 | W16: 0 | X16: 15 | Y16: 0 | Z16: 0 | AA16: 24 | AB16: 0 | AC16: 0 | AD16: 0 | AE16: 0 | AF16: 0 | AG16: 0 | AK16: =S16/D16 -> 0.75 | AL16: =T16/E16 -> 0.5 | AM16: =U16/F16 -> 0.83333333 | AN16: =V16/G16 -> 0.57142857 | AO16: =W16/H16 -> 0 | AS16: =AA16/L16 -> 0.13714286
B17: KING CASH | C17: KING CASH WILLIAMSVILLE | D17: 40 | E17: 20 | F17: 120 | G17: 7 | H17: 4 | I17: 0 | J17: 0 | K17: 0 | L17: =5*35 -> 175 | N17: 0 | S17: 21 | T17: 5 | U17: 0 | V17: 0 | W17: 0 | X17: 0 | Y17: 10 | Z17: 0 | AA17: 48 | AB17: 0 | AC17: 0 | AD17: 0 | AE17: 0 | AF17: 0 | AG17: 0 | AK17: =S17/D17 -> 0.525 | AL17: =T17/E17 -> 0.25 | AM17: =U17/F17 -> 0 | AN17: =V17/G17 -> 0 | AO17: =W17/H17 -> 0 | AS17: =AA17/L17 -> 0.27428571
... B19: KING CASH | C19: KING CASH SOGEPHIA YOP | D19: 40 | E19: 20 | F19: 120 | G19: 7 | H19: 4 | I19: 0 | J19: 0 | K19: 0 | L19: =5*35 -> 175 | N19: 0 | S19: 40 | T19: 25 | U19: 300 | V19: 2 | W19: 0 | X19: 30 | Y19: 15 | Z19: 0 | AA19: 20 | AB19: 0 | AC19: 0 | AD19: 0 | AE19: 0 | AF19: 0 | AG19: 0 | AK19: =S19/D19 -> 1 | AL19: =T19/E19 -> 1.25 | AM19: =U19/F19 -> 2.5 | AN19: =V19/G19 -> 0.28571429 | AO19: =W19/H19 -> 0 | AS19: =AA19/L19 -> 0.11428571
B20: KING CASH | C20: KING CASH CAMP MILITAIRE | D20: 40 | E20: 20 | F20: 120 | G20: 7 | H20: 4 | I20: 0 | J20: 0 | K20: 0 | L20: =5*35 -> 175 | N20: 0 | S20: 46 | T20: 38 | U20: 67 | V20: 3 | W20: 0 | X20: 0 | Y20: 0 | Z20: 0 | AA20: 0 | AB20: 0 | AC20: 0 | AD20: 0 | AE20: 0 | AF20: 0 | AG20: 0 | AH20: RATTRAPER LE 17/04 | AK20: =S20/D20 -> 1.15 | AL20: =T20/E20 -> 1.9 | AM20: =U20/F20 -> 0.55833333 | AN20: =V20/G20 -> 0.42857143 | AO20: =W20/H20 -> 0 | AS20: =AA20/L20 -> 0
B21: KING CASH | C21: KING CASH CAFEIERS | D21: 40 | E21: 20 | F21: 120 | G21: 7 | H21: 4 | I21: 0 | J21: 0 | K21: 0 | L21: =5*35 -> 175 | N21: 0 | S21: 30 | T21: 10 | U21: 80 | V21: 1 | W21: 0 | X21: 30 | Y21: 5 | Z21: 0 | AA21: 40 | AB21: 0 | AC21: 0 | AD21: 0 | AE21: 0 | AF21: 0 | AG21: 0 | AK21: =S21/D21 -> 0.75 | AL21: =T21/E21 -> 0.5 | AM21: =U21/F21 -> 0.66666667 | AN21: =V21/G21 -> 0.14285714 | AO21: =W21/H21 -> 0 | AS21: =AA21/L21 -> 0.22857143
B22: KING CASH | C22: KING CASH BLVD CAMEROUN | D22: 40 | E22: 20 | F22: 120 | G22: 7 | H22: 4 | I22: 0 | J22: 0 | K22: 0 | L22: =5*35 -> 175 | N22: 0 | AH22: PAS RECU LES PRODUITS | AK22: =S22/D22 -> 0 | AL22: =T22/E22 -> 0 | AM22: =U22/F22 -> 0 | AN22: =V22/G22 -> 0 | AO22: =W22/H22 -> 0 | AS22: =AA22/L22 -> 0
B23: KING CASH | C23: KING CASH BINGERVILLE | D23: 40 | E23: 20 | F23: 120 | G23: 7 | H23: 4 | I23: 0 | J23: 0 | K23: 0 | L23: =5*35 -> 175 | N23: 0 | S23: 25 | T23: 6 | U23: 61 | V23: 0 | W23: 0 | X23: 2 | Y23: 3 | Z23: 0 | AA23: 11 | AB23: 0 | AC23: 0 | AD23: 0 | AE23: 0 | AF23: 0 | AG23: 0 | AK23: =S23/D23 -> 0.625 | AL23: =T23/E23 -> 0.3 | AM23: =U23/F23 -> 0.50833333 | AN23: =V23/G23 -> 0 | AO23: =W23/H23 -> 0 | AS23: =AA23/L23 -> 0.062857143
B24: KING CASH | C24: ING CASH JULES VERNE | D24: 40 | E24: 20 | F24: 120 | G24: 7 | H24: 4 | I24: 0 | J24: 0 | K24: 0 | L24: =5*35 -> 175 | N24: 0 | S24: 31 | T24: 10 | U24: 52 | V24: 0 | W24: 0 | X24: 0 | Y24: 5 | Z24: 0 | AA24: 15 | AB24: 0 | AC24: 0 | AD24: 0 | AE24: 0 | AF24: 0 | AG24: 0 | AK24: =S24/D24 -> 0.775 | AL24: =T24/E24 -> 0.5 | AM24: =U24/F24 -> 0.43333333 | AN24: =V24/G24 -> 0 | AO24: =W24/H24 -> 0 | AS24: =AA24/L24 -> 0.085714286
B25: KING CASH | C25: ING CASH BASSAM | D25: 40 | E25: 20 | F25: 120 | G25: 7 | H25: 4 | I25: 0 | J25: 0 | K25: 0 | L25: =5*35 -> 175 | N25: 0 | S25: 50 | T25: 30 | U25: 70 | V25: 2 | W25: 0 | X25: 40 | Y25: 8 | Z25: 0 | AA25: 30 | AB25: 0 | AC25: 0 | AD25: 0 | AE25: 0 | AF25: 0 | AG25: 0 | AK25: =S25/D25 -> 1.25 | AL25: =T25/E25 -> 1.5 | AM25: =U25/F25 -> 0.58333333 | AN25: =V25/G25 -> 0.28571429 | AO25: =W25/H25 -> 0 | AS25: =AA25/L25 -> 0.17142857
B26: KING CASH | C26: KING CASH KOUMASSI 05 | D26: 40 | E26: 20 | F26: 120 | G26: 7 | H26: 4 | I26: 0 | J26: 0 | K26: 0 | L26: =5*35 -> 175 | N26: 0 | AH26: PAS RECU LES PRODUITS | AK26: =S26/D26 -> 0 | AL26: =T26/E26 -> 0 | AM26: =U26/F26 -> 0 | AN26: =V26/G26 -> 0 | AO26: =W26/H26 -> 0 | AS26: =AA26/L26 -> 0
B27: KING CASH | C27: KING CASH PORT BOUET | D27: 40 | E27: 20 | F27: 120 | G27: 7 | H27: 4 | I27: 0 | J27: 0 | K27: 0 | L27: =5*35 -> 175 | N27: 0 | S27: 26 | T27: 18 | U27: 270 | V27: 0 | W27: 0 | X27: 260 | Y27: 22 | Z27: 0 | AA27: 23 | AB27: 0 | AC27: 0 | AD27: 0 | AE27: 0 | AF27: 0 | AG27: 0 | AK27: =S27/D27 -> 0.65 | AL27: =T27/E27 -> 0.9 | AM27: =U27/F27 -> 2.25 | AN27: =V27/G27 -> 0 | AO27: =W27/H27 -> 0 | AS27: =AA27/L27 -> 0.13142857
B28: KING CASH | C28: KING CASH AVENUE 16 | D28: 40 | E28: 20 | F28: 120 | G28: 7 | H28: 4 | I28: 0 | J28: 0 | K28: 0 | L28: =5*35 -> 175 | N28: 0 | S28: 30 | T28: 11 | U28: 90 | V28: 5 | W28: 0 | X28: 0 | Y28: 6 | Z28: 0 | AA28: 10 | AB28: 0 | AC28: 0 | AD28: 0 | AE28: 0 | AF28: 0 | AG28: 0 | AK28: =S28/D28 -> 0.75 | AL28: =T28/E28 -> 0.55 | AM28: =U28/F28 -> 0.75 | AN28: =V28/G28 -> 0.71428571 | AO28: =W28/H28 -> 0 | AS28: =AA28/L28 -> 0.057142857
B29: KING CASH | C29: IKING CASH ANOUMANBO | D29: 40 | E29: 20 | F29: 120 | G29: 7 | H29: 4 | I29: 0 | J29: 0 | K29: 0 | L29: =5*35 -> 175 | N29: 0 | S29: 40 | T29: 20 | U29: 35 | V29: 2 | W29: 0 | X29: 40 | Y29: 15 | Z29: 0 | AA29: 15 | AB29: 0 | AC29: 0 | AD29: 0 | AE29: 0 | AF29: 0 | AG29: 0 | AK29: =S29/D29 -> 1 | AL29: =T29/E29 -> 1 | AM29: =U29/F29 -> 0.29166667 | AN29: =V29/G29 -> 0.28571429 | AO29: =W29/H29 -> 0 | AS29: =AA29/L29 -> 0.085714286
B30: KING CASH | C30: KING CASH MARA | D30: 40 | E30: 20 | F30: 120 | G30: 7 | H30: 4 | I30: 0 | J30: 0 | K30: 0 | L30: =5*35 -> 175 | N30: 0 | AH30: PAS RECU LES PRODUITS | AK30: =S30/D30 -> 0 | AL30: =T30/E30 -> 0 | AM30: =U30/F30 -> 0 | AN30: =V30/G30 -> 0 | AO30: =W30/H30 -> 0 | AS30: =AA30/L30 -> 0
B31: KING CASH | C31: KING CASH BONOUA, | D31: 40 | E31: 20 | F31: 120 | G31: 7 | H31: 4 | I31: 0 | J31: 0 | K31: 0 | L31: =5*35 -> 175 | N31: 0 | S31: 29 | T31: 18 | U31: 90 | V31: 0 | W31: 0 | X31: 35 | Y31: 2 | Z31: 0 | AA31: 0 | AB31: 0 | AC31: 0 | AD31: 0 | AE31: 0 | AF31: 0 | AG31: 0 | AK31: =S31/D31 -> 0.725 | AL31: =T31/E31 -> 0.9 | AM31: =U31/F31 -> 0.75 | AN31: =V31/G31 -> 0 | AO31: =W31/H31 -> 0 | AS31: =AA31/L31 -> 0
B32: KING CASH | C32: KING CASH ADIAKE | D32: 40 | E32: 20 | F32: 120 | G32: 7 | H32: 4 | I32: 0 | J32: 0 | K32: 0 | L32: =5*35 -> 175 | N32: 0 | S32: 20 | T32: 15 | U32: 120 | V32: 0 | W32: 0 | X32: 20 | Y32: 10 | Z32: 0 | AA32: 20 | AB32: 0 | AC32: 0 | AD32: 0 | AE32: 0 | AF32: 0 | AG32: 0 | AK32: =S32/D32 -> 0.5 | AL32: =T32/E32 -> 0.75 | AM32: =U32/F32 -> 1 | AN32: =V32/G32 -> 0 | AO32: =W32/H32 -> 0 | AS32: =AA32/L32 -> 0.11428571
B33: KING CASH | C33: KING CASH BLVD GABON | D33: 40 | E33: 20 | F33: 120 | G33: 7 | H33: 4 | I33: 0 | J33: 0 | K33: 0 | L33: =5*35 -> 175 | N33: 0 | S33: 30 | T33: 10 | U33: 67 | V33: 0 | W33: 0 | X33: 0 | Y33: 0 | Z33: 0 | AA33: 15 | AB33: 0 | AC33: 0 | AD33: 0 | AE33: 0 | AF33: 0 | AG33: 0 | AK33: =S33/D33 -> 0.75 | AL33: =T33/E33 -> 0.5 | AM33: =U33/F33 -> 0.55833333 | AN33: =V33/G33 -> 0 | AO33: =W33/H33 -> 0 | AS33: =AA33/L33 -> 0.085714286
B34: CDCI | C34: CDCI DEMI GROS SAMAKE | D34: 40 | E34: 20 | F34: 120 | G34: 7 | H34: 4 | I34: 0 | J34: 0 | K34: 0 | L34: =5*35 -> 175 | N34: 0 | S34: 28 | T34: 13 | U34: 120 | V34: 2 | W34: 0 | X34: 30 | Y34: 0 | Z34: 0 | AA34: 32 | AB34: 0 | AC34: 0 | AD34: 0 | AE34: 0 | AF34: 0 | AG34: 0 | AH34: RUPTURE DU LAIT 900G ET FLOCON D'AVOINE 400G | AK34: =S34/D34 -> 0.7 | AL34: =T34/E34 -> 0.65 | AM34: =U34/F34 -> 1 | AN34: =V34/G34 -> 0.28571429 | AO34: =W34/H34 -> 0 | AS34: =AA34/L34 -> 0.18285714
B35: CDCI | C35: CDCI DEMI GROS KOUTE | D35: 40 | E35: 20 | F35: 120 | G35: 7 | H35: 4 | I35: 0 | J35: 0 | K35: 0 | L35: =5*35 -> 175 | N35: 0 | S35: 20 | T35: 5 | U35: 30 | V35: 0 | W35: 0 | X35: 0 | Y35: 0 | Z35: 0 | AA35: 0 | AB35: 0 | AC35: 0 | AD35: 0 | AE35: 0 | AF35: 0 | AG35: 0 | AK35: =S35/D35 -> 0.5 | AL35: =T35/E35 -> 0.25 | AM35: =U35/F35 -> 0.25 | AN35: =V35/G35 -> 0 | AO35: =W35/H35 -> 0 | AS35: =AA35/L35 -> 0
B36: CDCI | C36: CDCI DEMI GROS NIANGON | D36: 40 | E36: 20 | F36: 120 | G36: 7 | H36: 4 | I36: 0 | J36: 0 | K36: 0 | L36: =5*35 -> 175 | N36: 0 | S36: 25 | T36: 20 | U36: 20 | V36: 1 | W36: 0 | X36: 30 | Y36: 12 | Z36: 0 | AA36: 16 | AB36: 0 | AC36: 0 | AD36: 0 | AE36: 0 | AF36: 0 | AG36: 0 | AK36: =S36/D36 -> 0.625 | AL36: =T36/E36 -> 1 | AM36: =U36/F36 -> 0.16666667 | AN36: =V36/G36 -> 0.14285714 | AO36: =W36/H36 -> 0 | AS36: =AA36/L36 -> 0.091428571
B37: CDCI | C37: CDCI DEMI GROS ABOBO BAOULE | D37: 40 | E37: 20 | F37: 120 | G37: 7 | H37: 4 | I37: 0 | J37: 0 | K37: 0 | L37: =5*35 -> 175 | N37: 0 | S37: 45 | T37: 30 | U37: 80 | V37: 2 | W37: 0 | X37: 30 | Y37: 4 | Z37: 0 | AA37: 52 | AB37: 0 | AC37: 0 | AD37: 0 | AE37: 0 | AF37: 0 | AG37: 0 | AK37: =S37/D37 -> 1.125 | AL37: =T37/E37 -> 1.5 | AM37: =U37/F37 -> 0.66666667 | AN37: =V37/G37 -> 0.28571429 | AO37: =W37/H37 -> 0 | AS37: =AA37/L37 -> 0.29714286
B38: CDCI | C38: CDCI DEMI GROS AKEIKOr | D38: 40 | E38: 20 | F38: 120 | G38: 7 | H38: 4 | I38: 0 | J38: 0 | K38: 0 | L38: =5*35 -> 175 | N38: 0 | S38: 48 | T38: 31 | U38: 100 | V38: 1 | W38: 0 | X38: 50 | Y38: 0 | Z38: 0 | AA38: 30 | AB38: 0 | AC38: 0 | AD38: 0 | AE38: 0 | AF38: 0 | AG38: 0 | AK38: =S38/D38 -> 1.2 | AL38: =T38/E38 -> 1.55 | AM38: =U38/F38 -> 0.83333333 | AN38: =V38/G38 -> 0.14285714 | AO38: =W38/H38 -> 0 | AS38: =AA38/L38 -> 0.17142857
B39: CDCI | C39: CDCI DEMI GROS 4 ETAGES | D39: 40 | E39: 20 | F39: 120 | G39: 7 | H39: 4 | I39: 0 | J39: 0 | K39: 0 | L39: =5*35 -> 175 | N39: 0 | S39: 35 | T39: 25 | U39: 250 | V39: 1 | W39: 0 | X39: 22 | Y39: 3 | Z39: 0 | AA39: 30 | AB39: 0 | AC39: 0 | AD39: 0 | AE39: 0 | AF39: 0 | AG39: 0 | AK39: =S39/D39 -> 0.875 | AL39: =T39/E39 -> 1.25 | AM39: =U39/F39 -> 2.0833333 | AN39: =V39/G39 -> 0.14285714 | AO39: =W39/H39 -> 0 | AS39: =AA39/L39 -> 0.17142857
B40: CDCI | C40: CDCI DEMI GROS PK 18 | D40: 40 | E40: 20 | F40: 120 | G40: 7 | H40: 4 | I40: 0 | J40: 0 | K40: 0 | L40: =5*35 -> 175 | N40: 0 | S40: 36 | T40: 30 | U40: 300 | V40: 3 | W40: 0 | X40: 50 | Y40: 20 | Z40: 0 | AA40: 40 | AB40: 0 | AC40: 0 | AD40: 0 | AE40: 0 | AF40: 0 | AG40: 0 | AK40: =S40/D40 -> 0.9 | AL40: =T40/E40 -> 1.5 | AM40: =U40/F40 -> 2.5 | AN40: =V40/G40 -> 0.42857143 | AO40: =W40/H40 -> 0 | AS40: =AA40/L40 -> 0.22857143
B41: CDCI | C41: CDCI DEMI GROS ANYAMA | D41: 40 | E41: 20 | F41: 120 | G41: 7 | H41: 4 | I41: 0 | J41: 0 | K41: 0 | L41: =5*35 -> 175 | N41: 0 | S41: 50 | T41: 30 | U41: 80 | V41: 4 | W41: 0 | X41: 30 | Y41: 5 | Z41: 0 | AA41: 65 | AB41: 0 | AC41: 0 | AD41: 0 | AE41: 0 | AF41: 0 | AG41: 0 | AK41: =S41/D41 -> 1.25 | AL41: =T41/E41 -> 1.5 | AM41: =U41/F41 -> 0.66666667 | AN41: =V41/G41 -> 0.57142857 | AO41: =W41/H41 -> 0 | AS41: =AA41/L41 -> 0.37142857
B42: CDCI | C42: CDCI DEMI GROS ANANERAIE | D42: 40 | E42: 20 | F42: 120 | G42: 7 | H42: 4 | I42: 0 | J42: 0 | K42: 0 | L42: =5*35 -> 175 | N42: 0 | S42: 30 | T42: 20 | U42: 280 | V42: 2 | W42: 0 | X42: 70 | Y42: 18 | Z42: 0 | AA42: 40 | AB42: 0 | AC42: 0 | AD42: 0 | AE42: 0 | AF42: 0 | AG42: 0 | AK42: =S42/D42 -> 0.75 | AL42: =T42/E42 -> 1 | AM42: =U42/F42 -> 2.3333333 | AN42: =V42/G42 -> 0.28571429 | AO42: =W42/H42 -> 0 | AS42: =AA42/L42 -> 0.22857143
B43: CDCI | C43: CDCI DEMI GROS EBENEZER | D43: 40 | E43: 20 | F43: 120 | G43: 7 | H43: 4 | I43: 0 | J43: 0 | K43: 0 | L43: =5*35 -> 175 | N43: 0 | S43: 10 | T43: 5 | U43: 40 | V43: 1 | W43: 0 | X43: 0 | Y43: 0 | Z43: 0 | AA43: 14 | AB43: 0 | AC43: 0 | AD43: 0 | AE43: 0 | AF43: 0 | AG43: 0 | AK43: =S43/D43 -> 0.25 | AL43: =T43/E43 -> 0.25 | AM43: =U43/F43 -> 0.33333333 | AN43: =V43/G43 -> 0.14285714 | AO43: =W43/H43 -> 0 | AS43: =AA43/L43 -> 0.08
B44: CDCI | C44: CDCI DEMI GROS TOIT ROUGE | D44: 40 | E44: 20 | F44: 120 | G44: 7 | H44: 4 | I44: 0 | J44: 0 | K44: 0 | L44: =5*35 -> 175 | N44: 0 | S44: 30 | T44: 10 | U44: 40 | V44: 2 | W44: 0 | X44: 0 | Y44: 0 | Z44: 0 | AA44: 15 | AB44: 0 | AC44: 0 | AD44: 0 | AE44: 0 | AF44: 0 | AG44: 0 | AK44: =S44/D44 -> 0.75 | AL44: =T44/E44 -> 0.5 | AM44: =U44/F44 -> 0.33333333 | AN44: =V44/G44 -> 0.28571429 | AO44: =W44/H44 -> 0 | AS44: =AA44/L44 -> 0.085714286
B45: CDCI | C45: CDCI DEMI GROS BANCO 2 | D45: 40 | E45: 20 | F45: 120 | G45: 7 | H45: 4 | I45: 0 | J45: 0 | K45: 0 | L45: =5*35 -> 175 | N45: 0 | S45: 15 | T45: 5 | U45: 20 | V45: 0 | W45: 0 | X45: 0 | Y45: 0 | Z45: 0 | AA45: 32 | AB45: 0 | AC45: 0 | AD45: 0 | AE45: 0 | AF45: 0 | AG45: 0 | AK45: =S45/D45 -> 0.375 | AL45: =T45/E45 -> 0.25 | AM45: =U45/F45 -> 0.16666667 | AN45: =V45/G45 -> 0 | AO45: =W45/H45 -> 0 | AS45: =AA45/L45 -> 0.18285714
B46: CDCI | C46: CDCI DEMI GROS RIVIERA 3 | D46: 40 | E46: 20 | F46: 120 | G46: 7 | H46: 4 | I46: 0 | J46: 0 | K46: 0 | L46: =5*35 -> 175 | N46: 0 | S46: 40 | T46: 33 | U46: 350 | V46: 3 | W46: 0 | X46: 40 | Y46: 60 | Z46: 0 | AA46: 55 | AB46: 0 | AC46: 0 | AD46: 0 | AE46: 0 | AF46: 0 | AG46: 0 | AK46: =S46/D46 -> 1 | AL46: =T46/E46 -> 1.65 | AM46: =U46/F46 -> 2.9166667 | AN46: =V46/G46 -> 0.42857143 | AO46: =W46/H46 -> 0 | AS46: =AA46/L46 -> 0.31428571
... B48: CDCI | C48: CDCI DEMI GROS ANGRE | D48: 40 | E48: 20 | F48: 120 | G48: 7 | H48: 4 | I48: 0 | J48: 0 | K48: 0 | L48: =5*35 -> 175 | N48: 0 | S48: 28 | T48: 17 | U48: 0 | V48: 8 | W48: 0 | X48: 90 | Y48: 0 | Z48: 0 | AA48: 29 | AB48: 0 | AC48: 0 | AD48: 0 | AE48: 0 | AF48: 0 | AG48: 0 | AK48: =S48/D48 -> 0.7 | AL48: =T48/E48 -> 0.85 | AM48: =U48/F48 -> 0 | AN48: =V48/G48 -> 1.1428571 | AO48: =W48/H48 -> 0 | AS48: =AA48/L48 -> 0.16571429
B49: CDCI | C49: CDCI DEMI GROS PALMERAIE 4 | D49: 40 | E49: 20 | F49: 120 | G49: 7 | H49: 4 | I49: 0 | J49: 0 | K49: 0 | L49: =5*35 -> 175 | N49: 0 | S49: 30 | T49: 18 | U49: 210 | V49: 12 | W49: 0 | X49: 100 | Y49: 23 | Z49: 0 | AA49: 45 | AB49: 0 | AC49: 0 | AD49: 0 | AE49: 0 | AF49: 0 | AG49: 0 | AH49: PAS RECU LES PRODUITS | AK49: =S49/D49 -> 0.75 | AL49: =T49/E49 -> 0.9 | AM49: =U49/F49 -> 1.75 | AN49: =V49/G49 -> 1.7142857 | AO49: =W49/H49 -> 0 | AS49: =AA49/L49 -> 0.25714286
B50: CDCI | C50: CDCI DEMI GROS ADO | D50: 40 | E50: 20 | F50: 120 | G50: 7 | H50: 4 | I50: 0 | J50: 0 | K50: 0 | L50: =5*35 -> 175 | N50: 0 | S50: 40 | T50: 25 | U50: 300 | V50: 8 | W50: 0 | X50: 20 | Y50: 30 | Z50: 0 | AA50: 30 | AB50: 0 | AC50: 0 | AD50: 0 | AE50: 0 | AF50: 0 | AG50: 0 | AK50: =S50/D50 -> 1 | AL50: =T50/E50 -> 1.25 | AM50: =U50/F50 -> 2.5 | AN50: =V50/G50 -> 1.1428571 | AO50: =W50/H50 -> 0 | AS50: =AA50/L50 -> 0.17142857
B51: CDCI | C51: CDCI DEMI GROS ANONO | D51: 40 | E51: 20 | F51: 120 | G51: 7 | H51: 4 | I51: 0 | J51: 0 | K51: 0 | L51: =5*35 -> 175 | N51: 0 | S51: 27 | T51: 22 | U51: 111 | V51: 0 | W51: 0 | X51: 35 | Y51: 11 | Z51: 0 | AA51: 0 | AB51: 0 | AC51: 0 | AD51: 0 | AE51: 0 | AF51: 0 | AG51: 0 | AK51: =S51/D51 -> 0.675 | AL51: =T51/E51 -> 1.1 | AM51: =U51/F51 -> 0.925 | AN51: =V51/G51 -> 0 | AO51: =W51/H51 -> 0 | AS51: =AA51/L51 -> 0
B52: CDCI | C52: CDCI DEMI GROS 2 PLATEAUX | D52: 40 | E52: 20 | F52: 120 | G52: 7 | H52: 4 | I52: 0 | J52: 0 | K52: 0 | L52: =5*35 -> 175 | N52: 0 | S52: 40 | T52: 29 | U52: 70 | V52: 8 | W52: 0 | X52: 30 | Y52: 8 | Z52: 0 | AA52: 47 | AB52: 0 | AC52: 0 | AD52: 0 | AE52: 0 | AF52: 0 | AG52: 0 | AK52: =S52/D52 -> 1 | AL52: =T52/E52 -> 1.45 | AM52: =U52/F52 -> 0.58333333 | AN52: =V52/G52 -> 1.1428571 | AO52: =W52/H52 -> 0 | AS52: =AA52/L52 -> 0.26857143
B53: CDCI | C53: CDCI DEMI GROS PORT | D53: 40 | E53: 20 | F53: 120 | G53: 7 | H53: 4 | I53: 0 | J53: 0 | K53: 0 | L53: =5*35 -> 175 | N53: 0 | S53: 40 | T53: 13 | U53: 10 | V53: 0 | W53: 0 | X53: 0 | Y53: 30 | Z53: 0 | AA53: 150 | AB53: 0 | AC53: 0 | AD53: 0 | AE53: 0 | AF53: 0 | AG53: 0 | AK53: =S53/D53 -> 1 | AL53: =T53/E53 -> 0.65 | AM53: =U53/F53 -> 0.083333333 | AN53: =V53/G53 -> 0 | AO53: =W53/H53 -> 0 | AS53: =AA53/L53 -> 0.85714286
B54: CDCI | C54: CDCI DEMI GROS GONZAGUEVILLE | D54: 40 | E54: 20 | F54: 120 | G54: 7 | H54: 4 | I54: 0 | J54: 0 | K54: 0 | L54: =5*35 -> 175 | N54: 0 | S54: 30 | T54: 19 | U54: 70 | V54: 2 | W54: 0 | X54: 40 | Y54: 0 | Z54: 0 | AA54: 20 | AB54: 0 | AC54: 0 | AD54: 0 | AE54: 0 | AF54: 0 | AG54: 0 | AK54: =S54/D54 -> 0.75 | AL54: =T54/E54 -> 0.95 | AM54: =U54/F54 -> 0.58333333 | AN54: =V54/G54 -> 0.28571429 | AO54: =W54/H54 -> 0 | AS54: =AA54/L54 -> 0.11428571
A55: 2 | B55: TOTAL | D55: =SUM(D5:D54) -> 2000 | E55: =SUM(E5:E54) -> 1000 | F55: =SUM(F5:F54) -> 6000 | G55: =SUM(G5:G54) -> 350 | H55: =SUM(H5:H54) -> 200 | I55: =SUM(I5:I54) -> 0 | J55: =SUM(J5:J54) -> 0 | K55: =SUM(K5:K54) -> 0 | ... AG55: =SUM(AG5:AG54) -> 0 | AH55: =SUM(AH5:AH34) -> 0 | AI55: =SUM(AI5:AI34) -> 0 | AK55: =S55/D55 -> 0.7345 | AL55: =T55/E55 -> 0.855 | AM55: =U55/F55 -> 0.86666667 | AN55: =V55/G55 -> 0.29142857 | AO55: =W55/H55 -> 0 | AS55: =AA55/L55 -> 0.17451429
B57: TOTAL EN CARTONS | D57: =D55 -> 2000 | E57: =E55 -> 1000 | F57: =F55/120 -> 50 | G57: =G55/6 -> 58.333333 | H57: =H55/10 -> 20 | I57: =I55/100 -> 0 | J57: =J55/10 -> 0 | K57: =K55/60 -> 0 | L57: =L55/120 -> 72.916667 | M57: =M55/100 -> 0 | N57: =N55/60 -> 0 | O57: =O55 -> 0 | P57: =P55 -> 0 | Q57: =Q55 -> 0 | R57: =R55 -> 0 | S57: =S55 -> 1469 | T57: =T55 -> 855 | U57: =U55/120 -> 43.333333 | V57: =V55/6 -> 17 | W57: =W55/10 -> 0 | X57: =X55/100 -> 16.66 | Y57: =Y55/20 -> 19.1 | Z57: =Z55/60 -> 0 | AA57: =AA55/120 -> 12.725 | AB57: =AB55/100 -> 0 | AC57: =AC55/60 -> 0 | AD57: =AD55 -> 0 | AE57: =AE55 -> 0 | AF57: =AF55 -> 0 | AG57: =AG55 -> 0 | AM57: =AM55/120 -> 0.0072222222 | AN57: =AN55/6 -> 0.048571429 | AO57: =AO55/20 -> 0 | AP57: =AP55/100 -> 0 | AR57: =AR55/20 -> 0 | AS57: =AS55/120 -> 0.0014542857 | AU57: =AU55/100 -> 0 | AV57: =AV55/100 -> 0 | AW57: =AW55/100 -> 0 | AX57: =AX55/100 -> 0 | AY57: =AY55/100 -> 0

Sheet JOUR 4
B2: Date | C2: 46112 | D2: OBJECTIFS | S2: REALISATIONS | AK2: TAUX DE REALISATION
B3: Enseigne | C3: Nom du PDV en promotion | D3: Contacts | E3: =T3 -> Acheteurs | F3: Produits (en unités) | L3: Gratuités pour achats (en unités) | S3: Contacts | T3: Acheteurs | U3: Produits | AA3: =L3 -> Gratuités pour achats (en unités) | AD3: GOODIES | AH3: Commentaires | AI3: Impressions des PDV et des clients | AK3: Contacts | AL3: Acheteurs | AM3: Produits | AS3: =AD3 -> GOODIES | AV3: GOODIES
D4: =S4 -> Nombre de personnes ayant été contactées au rayon | E4: =T4 -> Nombre de personnes ayant acheté | F4: Biblos Lait Premium 16g | G4: Biblos Lait Premium 360g | H4: Biblos Lait Excellence | I4: Biblos Flocon d'avoine 50g | J4: Biblos Flocon d'avoine 400g | K4: Biblos 3 en 1 Café au lait | L4: Biblos Lait Premium 16g | M4: Biblos Flocon d'avoine 50g | N4: Biblos 3 en Café au Lait | O4: Goodies 1 | P4: Goodies 2 | Q4: Goodies 3 | R4: Goodie 4 | S4: Nombre de personnes ayant été contactées au rayon | T4: Nombre de personnes ayant acheté | U4: Biblos Lait Premium 16g | V4: Biblos Lait Premium 360g | W4: Biblos Lait Excellence | X4: Biblos Flocon d'avoine 50g | Y4: Biblos Flocon d'avoine 400g | Z4: Biblos 3 en 1 Café au lait | AA4: Biblos Lait Premium 16g | AB4: Biblos Flocon d'avoine 50g | AC4: Biblos 3 en 1 Café au lait | AD4: =O4 -> Goodies 1 | AE4: =P4 -> Goodies 2 | AF4: =Q4 -> Goodies 3 | AG4: =R4 -> Goodie 4 | AK4: Nombre de personnes ayant été contactées au rayon | AL4: Nombre de personnes ayant acheté | AM4: Biblos Lait Premium 16g | AN4: Biblos Lait Premium 360g | AO4: Biblos Lait Excellence | AP4: Biblos Flocon d'avoine 50g | AQ4: Biblos Flocon d'avoine 400g | AR4: Biblos 3 en 1 Café au lait | AS4: Biblos Lait Premium 16g | AT4: Biblos Flocon d'avoine 50g | AU4: Biblos 3 en 1 Café au lait | AV4: Goodies 1 | AW4: Goodies 2 | AX4: Goodies 3 | AY4: Goodies 4
B5: KING CASH | C5: KING CASH PALAIS YOP | D5: 40 | E5: 20 | F5: 120 | G5: 7 | H5: 4 | I5: 0 | J5: 0 | K5: 0 | L5: =5*35 -> 175 | N5: 0 | AK5: =S5/D5 -> 0 | AL5: =T5/E5 -> 0 | AM5: =U5/F5 -> 0 | AN5: =V5/G5 -> 0 | AO5: =W5/H5 -> 0 | AS5: =AA5/L5 -> 0
B6: KING CASH | C6: KING CASH PORT BOUET 2 | D6: 40 | E6: 20 | F6: 120 | G6: 7 | H6: 4 | I6: 0 | J6: 0 | K6: 0 | L6: =5*35 -> 175 | N6: 0 | S6: 27 | T6: 20 | U6: 100 | V6: 1 | W6: 0 | X6: 70 | Y6: 0 | Z6: 0 | AA6: 44 | AB6: 0 | AC6: 0 | AD6: 0 | AE6: 0 | AF6: 0 | AG6: 0 | AK6: =S6/D6 -> 0.675 | AL6: =T6/E6 -> 1 | AM6: =U6/F6 -> 0.83333333 | AN6: =V6/G6 -> 0.14285714 | AO6: =W6/H6 -> 0 | AS6: =AA6/L6 -> 0.25142857
B7: KING CASH | C7: KING CASH ABOBO MAIRIE | D7: 40 | E7: 20 | F7: 120 | G7: 7 | H7: 4 | I7: 0 | J7: 0 | K7: 0 | L7: =5*35 -> 175 | N7: 0 | S7: 42 | T7: 24 | U7: 200 | V7: 5 | W7: 0 | X7: 40 | Y7: 0 | Z7: 0 | AA7: 10 | AB7: 0 | AC7: 0 | AD7: 0 | AE7: 0 | AF7: 0 | AG7: 0 | AK7: =S7/D7 -> 1.05 | AL7: =T7/E7 -> 1.2 | AM7: =U7/F7 -> 1.6666667 | AN7: =V7/G7 -> 0.71428571 | AO7: =W7/H7 -> 0 | AS7: =AA7/L7 -> 0.057142857
B8: KING CASH | C8: KING CASH SIPOREX | D8: 40 | E8: 20 | F8: 120 | G8: 7 | H8: 4 | I8: 0 | J8: 0 | K8: 0 | L8: =5*35 -> 175 | N8: 0 | S8: 13 | T8: 8 | U8: 140 | V8: 2 | W8: 0 | X8: 20 | Y8: 6 | Z8: 0 | AA8: 54 | AB8: 0 | AC8: 0 | AD8: 0 | AE8: 0 | AF8: 0 | AG8: 0 | AH8: RUPTURE 400G | AK8: =S8/D8 -> 0.325 | AL8: =T8/E8 -> 0.4 | AM8: =U8/F8 -> 1.1666667 | AN8: =V8/G8 -> 0.28571429 | AO8: =W8/H8 -> 0 | AS8: =AA8/L8 -> 0.30857143
B9: KING CASH | C9: KING CASH PRINCES. | D9: 40 | E9: 20 | F9: 120 | G9: 7 | H9: 4 | I9: 0 | J9: 0 | K9: 0 | L9: =5*35 -> 175 | N9: 0 | S9: 45 | T9: 30 | U9: 125 | V9: 5 | W9: 0 | X9: 30 | Y9: 0 | Z9: 0 | AA9: 70 | AB9: 0 | AC9: 0 | AD9: 0 | AE9: 0 | AF9: 0 | AG9: 0 | AK9: =S9/D9 -> 1.125 | AL9: =T9/E9 -> 1.5 | AM9: =U9/F9 -> 1.0416667 | AN9: =V9/G9 -> 0.71428571 | AO9: =W9/H9 -> 0 | AS9: =AA9/L9 -> 0.4
B10: KING CASH | C10: KING CASH WAKOUBOUE | D10: 40 | E10: 20 | F10: 120 | G10: 7 | H10: 4 | I10: 0 | J10: 0 | K10: 0 | L10: =5*35 -> 175 | N10: 0 | S10: 19 | T10: 13 | U10: 170 | V10: 3 | W10: 0 | X10: 35 | Y10: 0 | Z10: 0 | AA10: 49 | AB10: 0 | AC10: 0 | AD10: 0 | AE10: 0 | AF10: 0 | AG10: 0 | AK10: =S10/D10 -> 0.475 | AL10: =T10/E10 -> 0.65 | AM10: =U10/F10 -> 1.4166667 | AN10: =V10/G10 -> 0.42857143 | AO10: =W10/H10 -> 0 | AS10: =AA10/L10 -> 0.28
B11: KING CASH | C11: KING CASH ABOBO KAZA | D11: 40 | E11: 20 | F11: 120 | G11: 7 | H11: 4 | I11: 0 | J11: 0 | K11: 0 | L11: =5*35 -> 175 | N11: 0 | S11: 36 | T11: 21 | U11: 110 | V11: 4 | W11: 0 | X11: 30 | Y11: 0 | Z11: 0 | AA11: 14 | AB11: 0 | AC11: 0 | AD11: 0 | AE11: 0 | AF11: 0 | AG11: 0 | AK11: =S11/D11 -> 0.9 | AL11: =T11/E11 -> 1.05 | AM11: =U11/F11 -> 0.91666667 | AN11: =V11/G11 -> 0.57142857 | AO11: =W11/H11 -> 0 | AS11: =AA11/L11 -> 0.08
B12: KING CASH | C12: KING CASH KENEYA | D12: 40 | E12: 20 | F12: 120 | G12: 7 | H12: 4 | I12: 0 | J12: 0 | K12: 0 | L12: =5*35 -> 175 | N12: 0 | S12: 10 | T12: 5 | U12: 60 | V12: 0 | W12: 0 | X12: 15 | Y12: 3 | Z12: 0 | AA12: 12 | AB12: 0 | AC12: 0 | AD12: 0 | AE12: 0 | AF12: 0 | AG12: 0 | AK12: =S12/D12 -> 0.25 | AL12: =T12/E12 -> 0.25 | AM12: =U12/F12 -> 0.5 | AN12: =V12/G12 -> 0 | AO12: =W12/H12 -> 0 | AS12: =AA12/L12 -> 0.068571429
B13: KING CASH | C13: KING CASH ABOBO PALAIS 2 | D13: 40 | E13: 20 | F13: 120 | G13: 7 | H13: 4 | I13: 0 | J13: 0 | K13: 0 | L13: =5*35 -> 175 | N13: 0 | S13: 50 | T13: 20 | U13: 120 | V13: 2 | W13: 0 | X13: 66 | Y13: 3 | Z13: 0 | AA13: 36 | AB13: 0 | AC13: 0 | AD13: 0 | AE13: 0 | AF13: 0 | AG13: 0 | AK13: =S13/D13 -> 1.25 | AL13: =T13/E13 -> 1 | AM13: =U13/F13 -> 1 | AN13: =V13/G13 -> 0.28571429 | AO13: =W13/H13 -> 0 | AS13: =AA13/L13 -> 0.20571429
B14: KING CASH | C14: KING CASH DABOU | D14: 40 | E14: 20 | F14: 120 | G14: 7 | H14: 4 | I14: 0 | J14: 0 | K14: 0 | L14: =5*35 -> 175 | N14: 0 | S14: 60 | T14: 50 | U14: 590 | V14: 0 | W14: 0 | X14: 260 | Y14: 0 | Z14: 0 | AA14: 0 | AB14: 0 | AC14: 0 | AD14: 0 | AE14: 0 | AF14: 0 | AG14: 0 | AK14: =S14/D14 -> 1.5 | AL14: =T14/E14 -> 2.5 | AM14: =U14/F14 -> 4.9166667 | AN14: =V14/G14 -> 0 | AO14: =W14/H14 -> 0 | AS14: =AA14/L14 -> 0
B15: KING CASH | C15: KING CASH 07 DECEMBRE | D15: 40 | E15: 20 | F15: 120 | G15: 7 | H15: 4 | I15: 0 | J15: 0 | K15: 0 | L15: =5*35 -> 175 | N15: 0 | S15: 20 | T15: 15 | U15: 22 | V15: 2 | W15: 0 | X15: 27 | Y15: 0 | Z15: 0 | AA15: 92 | AB15: 0 | AC15: 0 | AD15: 0 | AE15: 0 | AF15: 0 | AG15: 0 | AK15: =S15/D15 -> 0.5 | AL15: =T15/E15 -> 0.75 | AM15: =U15/F15 -> 0.18333333 | AN15: =V15/G15 -> 0.28571429 | AO15: =W15/H15 -> 0 | AS15: =AA15/L15 -> 0.52571429
B16: KING CASH | C16: KING CASH REMBLAIS | D16: 40 | E16: 20 | F16: 120 | G16: 7 | H16: 4 | I16: 0 | J16: 0 | K16: 0 | L16: =5*35 -> 175 | N16: 0 | S16: 45 | T16: 25 | U16: 40 | V16: 5 | W16: 0 | X16: 10 | Y16: 0 | Z16: 0 | AA16: 15 | AB16: 0 | AC16: 0 | AD16: 0 | AE16: 0 | AF16: 0 | AG16: 0 | AK16: =S16/D16 -> 1.125 | AL16: =T16/E16 -> 1.25 | AM16: =U16/F16 -> 0.33333333 | AN16: =V16/G16 -> 0.71428571 | AO16: =W16/H16 -> 0 | AS16: =AA16/L16 -> 0.085714286
B17: KING CASH | C17: KING CASH WILLIAMSVILLE | D17: 40 | E17: 20 | F17: 120 | G17: 7 | H17: 4 | I17: 0 | J17: 0 | K17: 0 | L17: =5*35 -> 175 | N17: 0 | S17: 21 | T17: 10 | U17: 0 | V17: 0 | W17: 0 | X17: 4 | Y17: 12 | Z17: 0 | AA17: 10 | AB17: 0 | AC17: 0 | AD17: 0 | AE17: 0 | AF17: 0 | AG17: 0 | AK17: =S17/D17 -> 0.525 | AL17: =T17/E17 -> 0.5 | AM17: =U17/F17 -> 0 | AN17: =V17/G17 -> 0 | AO17: =W17/H17 -> 0 | AS17: =AA17/L17 -> 0.057142857
B18: KING CASH | C18: KING CASH WASSAKARA | D18: 40 | E18: 20 | F18: 120 | G18: 7 | H18: 4 | I18: 0 | J18: 0 | K18: 0 | L18: =5*35 -> 175 | N18: 0 | S18: 38 | T18: 25 | U18: 123 | V18: 0 | W18: 0 | X18: 0 | Y18: 0 | Z18: 0 | AA18: 24 | AB18: 0 | AC18: 0 | AD18: 0 | AE18: 0 | AF18: 0 | AG18: 0 | AK18: =S18/D18 -> 0.95 | AL18: =T18/E18 -> 1.25 | AM18: =U18/F18 -> 1.025 | AN18: =V18/G18 -> 0 | AO18: =W18/H18 -> 0 | AS18: =AA18/L18 -> 0.13714286
B19: KING CASH | C19: KING CASH SOGEPHIA YOP | D19: 40 | E19: 20 | F19: 120 | G19: 7 | H19: 4 | I19: 0 | J19: 0 | K19: 0 | L19: =5*35 -> 175 | N19: 0 | S19: 25 | T19: 10 | U19: 25 | V19: 0 | W19: 0 | X19: 16 | Y19: 0 | Z19: 0 | AA19: 10 | AB19: 0 | AC19: 0 | AD19: 0 | AE19: 0 | AF19: 0 | AG19: 0 | AK19: =S19/D19 -> 0.625 | AL19: =T19/E19 -> 0.5 | AM19: =U19/F19 -> 0.20833333 | AN19: =V19/G19 -> 0 | AO19: =W19/H19 -> 0 | AS19: =AA19/L19 -> 0.057142857
B20: KING CASH | C20: KING CASH CAMP MILITAIRE | D20: 40 | E20: 20 | F20: 120 | G20: 7 | H20: 4 | I20: 0 | J20: 0 | K20: 0 | L20: =5*35 -> 175 | N20: 0 | S20: 38 | T20: 28 | U20: 130 | V20: 0 | W20: 0 | X20: 0 | Y20: 0 | Z20: 0 | AA20: 0 | AB20: 0 | AC20: 0 | AD20: 0 | AE20: 0 | AF20: 0 | AG20: 0 | AK20: =S20/D20 -> 0.95 | AL20: =T20/E20 -> 1.4 | AM20: =U20/F20 -> 1.0833333 | AN20: =V20/G20 -> 0 | AO20: =W20/H20 -> 0 | AS20: =AA20/L20 -> 0
B21: KING CASH | C21: KING CASH CAFEIERS | D21: 40 | E21: 20 | F21: 120 | G21: 7 | H21: 4 | I21: 0 | J21: 0 | K21: 0 | L21: =5*35 -> 175 | N21: 0 | S21: 20 | T21: 9 | U21: 121 | V21: 2 | W21: 0 | X21: 50 | Y21: 8 | Z21: 0 | AA21: 70 | AB21: 0 | AC21: 0 | AD21: 0 | AE21: 0 | AF21: 0 | AG21: 0 | AK21: =S21/D21 -> 0.5 | AL21: =T21/E21 -> 0.45 | AM21: =U21/F21 -> 1.0083333 | AN21: =V21/G21 -> 0.28571429 | AO21: =W21/H21 -> 0 | AS21: =AA21/L21 -> 0.4
B22: KING CASH | C22: KING CASH BLVD CAMEROUN | D22: 40 | E22: 20 | F22: 120 | G22: 7 | H22: 4 | I22: 0 | J22: 0 | K22: 0 | L22: =5*35 -> 175 | N22: 0 | AH22: PAS RECU DE PRODUITS | AK22: =S22/D22 -> 0 | AL22: =T22/E22 -> 0 | AM22: =U22/F22 -> 0 | AN22: =V22/G22 -> 0 | AO22: =W22/H22 -> 0 | AS22: =AA22/L22 -> 0
B23: KING CASH | C23: KING CASH BINGERVILLE | D23: 40 | E23: 20 | F23: 120 | G23: 7 | H23: 4 | I23: 0 | J23: 0 | K23: 0 | L23: =5*35 -> 175 | N23: 0 | S23: 30 | T23: 12 | U23: 75 | V23: 1 | W23: 0 | X23: 4 | Y23: 4 | Z23: 0 | AA23: 18 | AB23: 0 | AC23: 0 | AD23: 0 | AE23: 0 | AF23: 0 | AG23: 0 | AK23: =S23/D23 -> 0.75 | AL23: =T23/E23 -> 0.6 | AM23: =U23/F23 -> 0.625 | AN23: =V23/G23 -> 0.14285714 | AO23: =W23/H23 -> 0 | AS23: =AA23/L23 -> 0.10285714
B24: KING CASH | C24: ING CASH JULES VERNE | D24: 40 | E24: 20 | F24: 120 | G24: 7 | H24: 4 | I24: 0 | J24: 0 | K24: 0 | L24: =5*35 -> 175 | N24: 0 | S24: 39 | T24: 10 | U24: 67 | V24: 0 | W24: 0 | X24: 3 | Y24: 7 | Z24: 0 | AA24: 19 | AB24: 0 | AC24: 0 | AD24: 0 | AE24: 0 | AF24: 0 | AG24: 0 | AK24: =S24/D24 -> 0.975 | AL24: =T24/E24 -> 0.5 | AM24: =U24/F24 -> 0.55833333 | AN24: =V24/G24 -> 0 | AO24: =W24/H24 -> 0 | AS24: =AA24/L24 -> 0.10857143
B25: KING CASH | C25: ING CASH BASSAM | D25: 40 | E25: 20 | F25: 120 | G25: 7 | H25: 4 | I25: 0 | J25: 0 | K25: 0 | L25: =5*35 -> 175 | N25: 0 | S25: 39 | T25: 26 | U25: 95 | V25: 3 | W25: 0 | X25: 50 | Y25: 10 | Z25: 0 | AA25: 50 | AB25: 0 | AC25: 0 | AD25: 0 | AE25: 0 | AF25: 0 | AG25: 0 | AK25: =S25/D25 -> 0.975 | AL25: =T25/E25 -> 1.3 | AM25: =U25/F25 -> 0.79166667 | AN25: =V25/G25 -> 0.42857143 | AO25: =W25/H25 -> 0 | AS25: =AA25/L25 -> 0.28571429
B26: KING CASH | C26: KING CASH KOUMASSI 05 | D26: 40 | E26: 20 | F26: 120 | G26: 7 | H26: 4 | I26: 0 | J26: 0 | K26: 0 | L26: =5*35 -> 175 | N26: 0 | S26: 30 | T26: 25 | U26: 55 | V26: 3 | W26: 0 | X26: 56 | Y26: 0 | Z26: 0 | AA26: 90 | AB26: 0 | AC26: 0 | AD26: 0 | AE26: 0 | AF26: 0 | AG26: 0 | AK26: =S26/D26 -> 0.75 | AL26: =T26/E26 -> 1.25 | AM26: =U26/F26 -> 0.45833333 | AN26: =V26/G26 -> 0.42857143 | AO26: =W26/H26 -> 0 | AS26: =AA26/L26 -> 0.51428571
B27: KING CASH | C27: KING CASH PORT BOUET | D27: 40 | E27: 20 | F27: 120 | G27: 7 | H27: 4 | I27: 0 | J27: 0 | K27: 0 | L27: =5*35 -> 175 | N27: 0 | S27: 30 | T27: 23 | U27: 205 | V27: 8 | W27: 0 | X27: 155 | Y27: 32 | Z27: 0 | AA27: 47 | AB27: 0 | AC27: 0 | AD27: 0 | AE27: 0 | AF27: 0 | AG27: 0 | AK27: =S27/D27 -> 0.75 | AL27: =T27/E27 -> 1.15 | AM27: =U27/F27 -> 1.7083333 | AN27: =V27/G27 -> 1.1428571 | AO27: =W27/H27 -> 0 | AS27: =AA27/L27 -> 0.26857143
B28: KING CASH | C28: KING CASH AVENUE 16 | D28: 40 | E28: 20 | F28: 120 | G28: 7 | H28: 4 | I28: 0 | J28: 0 | K28: 0 | L28: =5*35 -> 175 | N28: 0 | S28: 38 | T28: 20 | U28: 310 | V28: 7 | W28: 0 | X28: 0 | Y28: 7 | Z28: 0 | AA28: 30 | AB28: 0 | AC28: 0 | AD28: 0 | AE28: 0 | AF28: 0 | AG28: 0 | AK28: =S28/D28 -> 0.95 | AL28: =T28/E28 -> 1 | AM28: =U28/F28 -> 2.5833333 | AN28: =V28/G28 -> 1 | AO28: =W28/H28 -> 0 | AS28: =AA28/L28 -> 0.17142857
B29: KING CASH | C29: IKING CASH ANOUMANBO | D29: 40 | E29: 20 | F29: 120 | G29: 7 | H29: 4 | I29: 0 | J29: 0 | K29: 0 | L29: =5*35 -> 175 | N29: 0 | S29: 30 | T29: 12 | U29: 40 | V29: 3 | W29: 0 | X29: 20 | Y29: 30 | Z29: 0 | AA29: 20 | AB29: 0 | AC29: 0 | AD29: 0 | AE29: 0 | AF29: 0 | AG29: 0 | AK29: =S29/D29 -> 0.75 | AL29: =T29/E29 -> 0.6 | AM29: =U29/F29 -> 0.33333333 | AN29: =V29/G29 -> 0.42857143 | AO29: =W29/H29 -> 0 | AS29: =AA29/L29 -> 0.11428571
B30: KING CASH | C30: KING CASH MARA | D30: 40 | E30: 20 | F30: 120 | G30: 7 | H30: 4 | I30: 0 | J30: 0 | K30: 0 | L30: =5*35 -> 175 | N30: 0 | AH30: PAS RECU DE PRODUITS | AK30: =S30/D30 -> 0 | AL30: =T30/E30 -> 0 | AM30: =U30/F30 -> 0 | AN30: =V30/G30 -> 0 | AO30: =W30/H30 -> 0 | AS30: =AA30/L30 -> 0
B31: KING CASH | C31: KING CASH BONOUA, | D31: 40 | E31: 20 | F31: 120 | G31: 7 | H31: 4 | I31: 0 | J31: 0 | K31: 0 | L31: =5*35 -> 175 | N31: 0 | S31: 49 | T31: 36 | U31: 218 | V31: 3 | W31: 0 | X31: 25 | Y31: 9 | Z31: 0 | AA31: 210 | AB31: 0 | AC31: 0 | AD31: 0 | AE31: 0 | AF31: 0 | AG31: 0 | AK31: =S31/D31 -> 1.225 | AL31: =T31/E31 -> 1.8 | AM31: =U31/F31 -> 1.8166667 | AN31: =V31/G31 -> 0.42857143 | AO31: =W31/H31 -> 0 | AS31: =AA31/L31 -> 1.2
B32: KING CASH | C32: KING CASH ADIAKE | D32: 40 | E32: 20 | F32: 120 | G32: 7 | H32: 4 | I32: 0 | J32: 0 | K32: 0 | L32: =5*35 -> 175 | N32: 0 | S32: 20 | T32: 5 | U32: 0 | V32: 4 | W32: 0 | X32: 0 | Y32: 0 | Z32: 0 | AA32: 17 | AB32: 0 | AC32: 0 | AD32: 0 | AE32: 0 | AF32: 0 | AG32: 0 | AH32: RUPTURE DE STOCK | AK32: =S32/D32 -> 0.5 | AL32: =T32/E32 -> 0.25 | AM32: =U32/F32 -> 0 | AN32: =V32/G32 -> 0.57142857 | AO32: =W32/H32 -> 0 | AS32: =AA32/L32 -> 0.097142857
B33: KING CASH | C33: KING CASH BLVD GABON | D33: 40 | E33: 20 | F33: 120 | G33: 7 | H33: 4 | I33: 0 | J33: 0 | K33: 0 | L33: =5*35 -> 175 | N33: 0 | S33: 40 | T33: 10 | U33: 37 | V33: 0 | W33: 0 | X33: 0 | Y33: 0 | Z33: 0 | AA33: 0 | AB33: 0 | AC33: 0 | AD33: 0 | AE33: 0 | AF33: 0 | AG33: 0 | AK33: =S33/D33 -> 1 | AL33: =T33/E33 -> 0.5 | AM33: =U33/F33 -> 0.30833333 | AN33: =V33/G33 -> 0 | AO33: =W33/H33 -> 0 | AS33: =AA33/L33 -> 0
B34: CDCI | C34: CDCI DEMI GROS SAMAKE | D34: 40 | E34: 20 | F34: 120 | G34: 7 | H34: 4 | I34: 0 | J34: 0 | K34: 0 | L34: =5*35 -> 175 | N34: 0 | S34: 20 | T34: 10 | U34: 95 | V34: 0 | W34: 0 | X34: 50 | Y34: 0 | Z34: 0 | AA34: 28 | AB34: 0 | AC34: 0 | AD34: 0 | AE34: 0 | AF34: 0 | AG34: 0 | AK34: =S34/D34 -> 0.5 | AL34: =T34/E34 -> 0.5 | AM34: =U34/F34 -> 0.79166667 | AN34: =V34/G34 -> 0 | AO34: =W34/H34 -> 0 | AS34: =AA34/L34 -> 0.16
B35: CDCI | C35: CDCI DEMI GROS KOUTE | D35: 40 | E35: 20 | F35: 120 | G35: 7 | H35: 4 | I35: 0 | J35: 0 | K35: 0 | L35: =5*35 -> 175 | N35: 0 | S35: 25 | T35: 4 | U35: 40 | V35: 0 | W35: 0 | X35: 0 | Y35: 0 | Z35: 0 | AA35: 0 | AB35: 0 | AC35: 0 | AD35: 0 | AE35: 0 | AF35: 0 | AG35: 0 | AK35: =S35/D35 -> 0.625 | AL35: =T35/E35 -> 0.2 | AM35: =U35/F35 -> 0.33333333 | AN35: =V35/G35 -> 0 | AO35: =W35/H35 -> 0 | AS35: =AA35/L35 -> 0
B36: CDCI | C36: CDCI DEMI GROS NIANGON | D36: 40 | E36: 20 | F36: 120 | G36: 7 | H36: 4 | I36: 0 | J36: 0 | K36: 0 | L36: =5*35 -> 175 | N36: 0 | S36: 27 | T36: 14 | U36: 220 | V36: 0 | W36: 0 | X36: 60 | Y36: 0 | Z36: 0 | AA36: 48 | AB36: 0 | AC36: 0 | AD36: 0 | AE36: 0 | AF36: 0 | AG36: 0 | AK36: =S36/D36 -> 0.675 | AL36: =T36/E36 -> 0.7 | AM36: =U36/F36 -> 1.8333333 | AN36: =V36/G36 -> 0 | AO36: =W36/H36 -> 0 | AS36: =AA36/L36 -> 0.27428571
B37: CDCI | C37: CDCI DEMI GROS ABOBO BAOULE | D37: 40 | E37: 20 | F37: 120 | G37: 7 | H37: 4 | I37: 0 | J37: 0 | K37: 0 | L37: =5*35 -> 175 | N37: 0 | S37: 34 | T37: 21 | U37: 120 | V37: 2 | W37: 0 | X37: 120 | Y37: 6 | Z37: 0 | AA37: 120 | AB37: 0 | AC37: 0 | AD37: 0 | AE37: 0 | AF37: 0 | AG37: 0 | AK37: =S37/D37 -> 0.85 | AL37: =T37/E37 -> 1.05 | AM37: =U37/F37 -> 1 | AN37: =V37/G37 -> 0.28571429 | AO37: =W37/H37 -> 0 | AS37: =AA37/L37 -> 0.68571429
B38: CDCI | C38: CDCI DEMI GROS AKEIKOr | D38: 40 | E38: 20 | F38: 120 | G38: 7 | H38: 4 | I38: 0 | J38: 0 | K38: 0 | L38: =5*35 -> 175 | N38: 0 | S38: 32 | T38: 28 | U38: 50 | V38: 2 | W38: 0 | X38: 100 | Y38: 0 | Z38: 0 | AA38: 33 | AB38: 0 | AC38: 0 | AD38: 0 | AE38: 0 | AF38: 0 | AG38: 0 | AK38: =S38/D38 -> 0.8 | AL38: =T38/E38 -> 1.4 | AM38: =U38/F38 -> 0.41666667 | AN38: =V38/G38 -> 0.28571429 | AO38: =W38/H38 -> 0 | AS38: =AA38/L38 -> 0.18857143
B39: CDCI | C39: CDCI DEMI GROS 4 ETAGES | D39: 40 | E39: 20 | F39: 120 | G39: 7 | H39: 4 | I39: 0 | J39: 0 | K39: 0 | L39: =5*35 -> 175 | N39: 0 | S39: 26 | T39: 15 | U39: 145 | V39: 1 | W39: 0 | X39: 30 | Y39: 6 | Z39: 0 | AA39: 50 | AB39: 0 | AC39: 0 | AD39: 0 | AE39: 0 | AF39: 0 | AG39: 0 | AK39: =S39/D39 -> 0.65 | AL39: =T39/E39 -> 0.75 | AM39: =U39/F39 -> 1.2083333 | AN39: =V39/G39 -> 0.14285714 | AO39: =W39/H39 -> 0 | AS39: =AA39/L39 -> 0.28571429
B40: CDCI | C40: CDCI DEMI GROS PK 18 | D40: 40 | E40: 20 | F40: 120 | G40: 7 | H40: 4 | I40: 0 | J40: 0 | K40: 0 | L40: =5*35 -> 175 | N40: 0 | S40: 50 | T40: 39 | U40: 350 | V40: 8 | W40: 0 | X40: 7 | Y40: 0 | Z40: 0 | AA40: 102 | AB40: 0 | AC40: 0 | AD40: 0 | AE40: 0 | AF40: 0 | AG40: 0 | AK40: =S40/D40 -> 1.25 | AL40: =T40/E40 -> 1.95 | AM40: =U40/F40 -> 2.9166667 | AN40: =V40/G40 -> 1.1428571 | AO40: =W40/H40 -> 0 | AS40: =AA40/L40 -> 0.58285714
B41: CDCI | C41: CDCI DEMI GROS ANYAMA | D41: 40 | E41: 20 | F41: 120 | G41: 7 | H41: 4 | I41: 0 | J41: 0 | K41: 0 | L41: =5*35 -> 175 | N41: 0 | S41: 28 | T41: 15 | U41: 0 | V41: 0 | W41: 0 | X41: 10 | Y41: 7 | Z41: 0 | AA41: 10 | AB41: 0 | AC41: 0 | AD41: 0 | AE41: 0 | AF41: 0 | AG41: 0 | AK41: =S41/D41 -> 0.7 | AL41: =T41/E41 -> 0.75 | AM41: =U41/F41 -> 0 | AN41: =V41/G41 -> 0 | AO41: =W41/H41 -> 0 | AS41: =AA41/L41 -> 0.057142857
B42: CDCI | C42: CDCI DEMI GROS ANANERAIE | D42: 40 | E42: 20 | F42: 120 | G42: 7 | H42: 4 | I42: 0 | J42: 0 | K42: 0 | L42: =5*35 -> 175 | N42: 0 | S42: 20 | T42: 16 | U42: 43 | V42: 2 | W42: 0 | X42: 30 | Y42: 0 | Z42: 0 | AA42: 20 | AB42: 0 | AC42: 0 | AD42: 0 | AE42: 0 | AF42: 0 | AG42: 0 | AK42: =S42/D42 -> 0.5 | AL42: =T42/E42 -> 0.8 | AM42: =U42/F42 -> 0.35833333 | AN42: =V42/G42 -> 0.28571429 | AO42: =W42/H42 -> 0 | AS42: =AA42/L42 -> 0.11428571
B43: CDCI | C43: CDCI DEMI GROS EBENEZER | D43: 40 | E43: 20 | F43: 120 | G43: 7 | H43: 4 | I43: 0 | J43: 0 | K43: 0 | L43: =5*35 -> 175 | N43: 0 | S43: 10 | T43: 6 | U43: 70 | V43: 2 | W43: 0 | X43: 0 | Y43: 0 | Z43: 0 | AA43: 14 | AB43: 0 | AC43: 0 | AD43: 0 | AE43: 0 | AF43: 0 | AG43: 0 | AK43: =S43/D43 -> 0.25 | AL43: =T43/E43 -> 0.3 | AM43: =U43/F43 -> 0.58333333 | AN43: =V43/G43 -> 0.28571429 | AO43: =W43/H43 -> 0 | AS43: =AA43/L43 -> 0.08
B44: CDCI | C44: CDCI DEMI GROS TOIT ROUGE | D44: 40 | E44: 20 | F44: 120 | G44: 7 | H44: 4 | I44: 0 | J44: 0 | K44: 0 | L44: =5*35 -> 175 | N44: 0 | S44: 30 | T44: 19 | U44: 160 | V44: 5 | W44: 0 | X44: 0 | Y44: 0 | Z44: 0 | AA44: 30 | AB44: 0 | AC44: 0 | AD44: 0 | AE44: 0 | AF44: 0 | AG44: 0 | AK44: =S44/D44 -> 0.75 | AL44: =T44/E44 -> 0.95 | AM44: =U44/F44 -> 1.3333333 | AN44: =V44/G44 -> 0.71428571 | AO44: =W44/H44 -> 0 | AS44: =AA44/L44 -> 0.17142857
... B47: CDCI | C47: CDCI DEMI GROS VGE | D47: 40 | E47: 20 | F47: 120 | G47: 7 | H47: 4 | I47: 0 | J47: 0 | K47: 0 | L47: =5*35 -> 175 | N47: 0 | S47: 32 | T47: 15 | U47: 76 | V47: 2 | W47: 0 | X47: 51 | Y47: 0 | Z47: 0 | AA47: 84 | AB47: 0 | AC47: 0 | AD47: 0 | AE47: 0 | AF47: 0 | AG47: 0 | AK47: =S47/D47 -> 0.8 | AL47: =T47/E47 -> 0.75 | AM47: =U47/F47 -> 0.63333333 | AN47: =V47/G47 -> 0.28571429 | AO47: =W47/H47 -> 0 | AS47: =AA47/L47 -> 0.48
B48: CDCI | C48: CDCI DEMI GROS ANGRE | D48: 40 | E48: 20 | F48: 120 | G48: 7 | H48: 4 | I48: 0 | J48: 0 | K48: 0 | L48: =5*35 -> 175 | N48: 0 | S48: 42 | T48: 23 | U48: 0 | V48: 8 | W48: 0 | X48: 55 | Y48: 0 | Z48: 0 | AA48: 21 | AB48: 0 | AC48: 0 | AD48: 0 | AE48: 0 | AF48: 0 | AG48: 0 | AH48: PAS RECU DE PRODUITS | AK48: =S48/D48 -> 1.05 | AL48: =T48/E48 -> 1.15 | AM48: =U48/F48 -> 0 | AN48: =V48/G48 -> 1.1428571 | AO48: =W48/H48 -> 0 | AS48: =AA48/L48 -> 0.12
B49: CDCI | C49: CDCI DEMI GROS PALMERAIE 4 | D49: 40 | E49: 20 | F49: 120 | G49: 7 | H49: 4 | I49: 0 | J49: 0 | K49: 0 | L49: =5*35 -> 175 | N49: 0 | S49: 20 | T49: 12 | U49: 120 | V49: 0 | W49: 0 | X49: 6 | Y49: 0 | Z49: 0 | AA49: 30 | AB49: 0 | AC49: 0 | AD49: 0 | AE49: 0 | AF49: 0 | AG49: 0 | AK49: =S49/D49 -> 0.5 | AL49: =T49/E49 -> 0.6 | AM49: =U49/F49 -> 1 | AN49: =V49/G49 -> 0 | AO49: =W49/H49 -> 0 | AS49: =AA49/L49 -> 0.17142857
B50: CDCI | C50: CDCI DEMI GROS ADO | D50: 40 | E50: 20 | F50: 120 | G50: 7 | H50: 4 | I50: 0 | J50: 0 | K50: 0 | L50: =5*35 -> 175 | N50: 0 | S50: 30 | T50: 15 | U50: 100 | V50: 0 | W50: 0 | X50: 20 | Y50: 30 | Z50: 0 | AA50: 50 | AB50: 0 | AC50: 0 | AD50: 0 | AE50: 0 | AF50: 0 | AG50: 0 | AK50: =S50/D50 -> 0.75 | AL50: =T50/E50 -> 0.75 | AM50: =U50/F50 -> 0.83333333 | AN50: =V50/G50 -> 0 | AO50: =W50/H50 -> 0 | AS50: =AA50/L50 -> 0.28571429
B51: CDCI | C51: CDCI DEMI GROS ANONO | D51: 40 | E51: 20 | F51: 120 | G51: 7 | H51: 4 | I51: 0 | J51: 0 | K51: 0 | L51: =5*35 -> 175 | N51: 0 | S51: 20 | T51: 15 | U51: 83 | V51: 0 | W51: 0 | X51: 1 | Y51: 42 | Z51: 0 | AA51: 23 | AB51: 0 | AC51: 0 | AD51: 0 | AE51: 0 | AF51: 0 | AG51: 0 | AK51: =S51/D51 -> 0.5 | AL51: =T51/E51 -> 0.75 | AM51: =U51/F51 -> 0.69166667 | AN51: =V51/G51 -> 0 | AO51: =W51/H51 -> 0 | AS51: =AA51/L51 -> 0.13142857
B52: CDCI | C52: CDCI DEMI GROS 2 PLATEAUX | D52: 40 | E52: 20 | F52: 120 | G52: 7 | H52: 4 | I52: 0 | J52: 0 | K52: 0 | L52: =5*35 -> 175 | N52: 0 | S52: 50 | T52: 40 | U52: 100 | V52: 5 | W52: 0 | X52: 52 | Y52: 11 | Z52: 0 | AA52: 60 | AB52: 0 | AC52: 0 | AD52: 0 | AE52: 0 | AF52: 0 | AG52: 0 | AK52: =S52/D52 -> 1.25 | AL52: =T52/E52 -> 2 | AM52: =U52/F52 -> 0.83333333 | AN52: =V52/G52 -> 0.71428571 | AO52: =W52/H52 -> 0 | AS52: =AA52/L52 -> 0.34285714
B53: CDCI | C53: CDCI DEMI GROS PORT | D53: 40 | E53: 20 | F53: 120 | G53: 7 | H53: 4 | I53: 0 | J53: 0 | K53: 0 | L53: =5*35 -> 175 | N53: 0 | S53: 28 | T53: 20 | U53: 0 | V53: 4 | W53: 0 | X53: 120 | Y53: 4 | Z53: 0 | AA53: 30 | AB53: 0 | AC53: 0 | AD53: 0 | AE53: 0 | AF53: 0 | AG53: 0 | AK53: =S53/D53 -> 0.7 | AL53: =T53/E53 -> 1 | AM53: =U53/F53 -> 0 | AN53: =V53/G53 -> 0.57142857 | AO53: =W53/H53 -> 0 | AS53: =AA53/L53 -> 0.17142857
B54: CDCI | C54: CDCI DEMI GROS GONZAGUEVILLE | D54: 40 | E54: 20 | F54: 120 | G54: 7 | H54: 4 | I54: 0 | J54: 0 | K54: 0 | L54: =5*35 -> 175 | N54: 0 | S54: 30 | T54: 7 | U54: 70 | V54: 1 | W54: 0 | X54: 20 | Y54: 0 | Z54: 0 | AA54: 70 | AB54: 0 | AC54: 0 | AD54: 0 | AE54: 0 | AF54: 0 | AG54: 0 | AK54: =S54/D54 -> 0.75 | AL54: =T54/E54 -> 0.35 | AM54: =U54/F54 -> 0.58333333 | AN54: =V54/G54 -> 0.14285714 | AO54: =W54/H54 -> 0 | AS54: =AA54/L54 -> 0.4
A55: 2 | B55: TOTAL | D55: =SUM(D5:D54) -> 2000 | E55: =SUM(E5:E54) -> 1000 | F55: =SUM(F5:F54) -> 6000 | G55: =SUM(G5:G54) -> 350 | H55: =SUM(H5:H54) -> 200 | I55: =SUM(I5:I54) -> 0 | J55: =SUM(J5:J54) -> 0 | K55: =SUM(K5:K54) -> 0 | ... AG55: =SUM(AG5:AG54) -> 0 | AH55: =SUM(AH5:AH34) -> 0 | AI55: =SUM(AI5:AI34) -> 0 | AK55: =S55/D55 -> 0.7285 | AL55: =T55/E55 -> 0.862 | AM55: =U55/F55 -> 0.86883333 | AN55: =V55/G55 -> 0.31142857 | AO55: =W55/H55 -> 0 | AS55: =AA55/L55 -> 0.22445714
B57: TOTAL EN CARTONS | D57: =D55 -> 2000 | E57: =E55 -> 1000 | F57: =F55/120 -> 50 | G57: =G55/6 -> 58.333333 | H57: =H55/10 -> 20 | I57: =I55/100 -> 0 | J57: =J55/10 -> 0 | K57: =K55/60 -> 0 | L57: =L55/120 -> 72.916667 | M57: =M55/100 -> 0 | N57: =N55/60 -> 0 | O57: =O55 -> 0 | P57: =P55 -> 0 | Q57: =Q55 -> 0 | R57: =R55 -> 0 | S57: =S55 -> 1457 | T57: =T55 -> 862 | U57: =U55/120 -> 43.441667 | V57: =V55/6 -> 18.166667 | W57: =W55/10 -> 0 | X57: =X55/100 -> 18.06 | Y57: =Y55/20 -> 12.25 | Z57: =Z55/60 -> 0 | AA57: =AA55/120 -> 16.366667 | AB57: =AB55/100 -> 0 | AC57: =AC55/60 -> 0 | AD57: =AD55 -> 0 | AE57: =AE55 -> 0 | AF57: =AF55 -> 0 | AG57: =AG55 -> 0 | AM57: =AM55/120 -> 0.0072402778 | AN57: =AN55/6 -> 0.051904762 | AO57: =AO55/20 -> 0 | AP57: =AP55/100 -> 0 | AR57: =AR55/20 -> 0 | AS57: =AS55/120 -> 0.0018704762 | AU57: =AU55/100 -> 0 | AV57: =AV55/100 -> 0 | AW57: =AW55/100 -> 0 | AX57: =AX55/100 -> 0 | AY57: =AY55/100 -> 0

Sheet JOUR 5
B2: Date | C2: 46113 | D2: OBJECTIFS | S2: REALISATIONS | AK2: TAUX DE REALISATION
B3: Enseigne | C3: Nom du PDV en promotion | D3: Contacts | E3: =T3 -> Acheteurs | F3: Produits (en unités) | L3: Gratuités pour achats (en unités) | S3: Contacts | T3: Acheteurs | U3: Produits | AA3: =L3 -> Gratuités pour achats (en unités) | AD3: GOODIES | AH3: Commentaires | AI3: Impressions des PDV et des clients | AK3: Contacts | AL3: Acheteurs | AM3: Produits | AS3: =AD3 -> GOODIES | AV3: GOODIES
D4: =S4 -> Nombre de personnes ayant été contactées au rayon | E4: =T4 -> Nombre de personnes ayant acheté | F4: Biblos Lait Premium 16g | G4: Biblos Lait Premium 360g | H4: Biblos Lait Excellence | I4: Biblos Flocon d'avoine 50g | J4: Biblos Flocon d'avoine 400g | K4: Biblos 3 en 1 Café au lait | L4: Biblos Lait Premium 16g | M4: Biblos Flocon d'avoine 50g | N4: Biblos 3 en Café au Lait | O4: Goodies 1 | P4: Goodies 2 | Q4: Goodies 3 | R4: Goodie 4 | S4: Nombre de personnes ayant été contactées au rayon | T4: Nombre de personnes ayant acheté | U4: Biblos Lait Premium 16g | V4: Biblos Lait Premium 360g | W4: Biblos Lait Excellence | X4: Biblos Flocon d'avoine 50g | Y4: Biblos Flocon d'avoine 400g | Z4: Biblos 3 en 1 Café au lait | AA4: Biblos Lait Premium 16g | AB4: Biblos Flocon d'avoine 50g | AC4: Biblos 3 en 1 Café au lait | AD4: =O4 -> Goodies 1 | AE4: =P4 -> Goodies 2 | AF4: =Q4 -> Goodies 3 | AG4: =R4 -> Goodie 4 | AK4: Nombre de personnes ayant été contactées au rayon | AL4: Nombre de personnes ayant acheté | AM4: Biblos Lait Premium 16g | AN4: Biblos Lait Premium 360g | AO4: Biblos Lait Excellence | AP4: Biblos Flocon d'avoine 50g | AQ4: Biblos Flocon d'avoine 400g | AR4: Biblos 3 en 1 Café au lait | AS4: Biblos Lait Premium 16g | AT4: Biblos Flocon d'avoine 50g | AU4: Biblos 3 en 1 Café au lait | AV4: Goodies 1 | AW4: Goodies 2 | AX4: Goodies 3 | AY4: Goodies 4
B5: KING CASH | C5: KING CASH PALAIS YOP | D5: 40 | E5: 20 | F5: 120 | G5: 7 | H5: 4 | I5: 0 | J5: 0 | K5: 0 | L5: =5*35 -> 175 | N5: 0 | AH5: PAS DE PRODUITS | AK5: =S5/D5 -> 0 | AL5: =T5/E5 -> 0 | AM5: =U5/F5 -> 0 | AN5: =V5/G5 -> 0 | AO5: =W5/H5 -> 0 | AS5: =AA5/L5 -> 0
B6: KING CASH | C6: KING CASH PORT BOUET 2 | D6: 40 | E6: 20 | F6: 120 | G6: 7 | H6: 4 | I6: 0 | J6: 0 | K6: 0 | L6: =5*35 -> 175 | N6: 0 | S6: 25 | T6: 18 | U6: 70 | V6: 0 | W6: 0 | X6: 60 | Y6: 0 | Z6: 0 | AA6: 20 | AB6: 0 | AC6: 0 | AD6: 0 | AE6: 0 | AF6: 0 | AG6: 0 | AK6: =S6/D6 -> 0.625 | AL6: =T6/E6 -> 0.9 | AM6: =U6/F6 -> 0.58333333 | AN6: =V6/G6 -> 0 | AO6: =W6/H6 -> 0 | AS6: =AA6/L6 -> 0.11428571
B7: KING CASH | C7: KING CASH ABOBO MAIRIE | D7: 40 | E7: 20 | F7: 120 | G7: 7 | H7: 4 | I7: 0 | J7: 0 | K7: 0 | L7: =5*35 -> 175 | N7: 0 | S7: 37 | T7: 23 | U7: 300 | V7: 3 | W7: 0 | X7: 50 | Y7: 0 | Z7: 0 | AA7: 12 | AB7: 0 | AC7: 0 | AD7: 0 | AE7: 0 | AF7: 0 | AG7: 0 | AK7: =S7/D7 -> 0.925 | AL7: =T7/E7 -> 1.15 | AM7: =U7/F7 -> 2.5 | AN7: =V7/G7 -> 0.42857143 | AO7: =W7/H7 -> 0 | AS7: =AA7/L7 -> 0.068571429
B8: KING CASH | C8: KING CASH SIPOREX | D8: 40 | E8: 20 | F8: 120 | G8: 7 | H8: 4 | I8: 0 | J8: 0 | K8: 0 | L8: =5*35 -> 175 | N8: 0 | S8: 23 | T8: 19 | U8: 150 | V8: 0 | W8: 0 | X8: 100 | Y8: 0 | Z8: 0 | AA8: 50 | AB8: 0 | AC8: 0 | AD8: 0 | AE8: 0 | AF8: 0 | AG8: 0 | AK8: =S8/D8 -> 0.575 | AL8: =T8/E8 -> 0.95 | AM8: =U8/F8 -> 1.25 | AN8: =V8/G8 -> 0 | AO8: =W8/H8 -> 0 | AS8: =AA8/L8 -> 0.28571429
B9: KING CASH | C9: KING CASH PRINCES. | D9: 40 | E9: 20 | F9: 120 | G9: 7 | H9: 4 | I9: 0 | J9: 0 | K9: 0 | L9: =5*35 -> 175 | N9: 0 | S9: 50 | T9: 33 | U9: 302 | V9: 6 | W9: 0 | X9: 60 | Y9: 0 | Z9: 0 | AA9: 200 | AB9: 0 | AC9: 0 | AD9: 0 | AE9: 0 | AF9: 0 | AG9: 0 | AK9: =S9/D9 -> 1.25 | AL9: =T9/E9 -> 1.65 | AM9: =U9/F9 -> 2.5166667 | AN9: =V9/G9 -> 0.85714286 | AO9: =W9/H9 -> 0 | AS9: =AA9/L9 -> 1.1428571
B10: KING CASH | C10: KING CASH WAKOUBOUE | D10: 40 | E10: 20 | F10: 120 | G10: 7 | H10: 4 | I10: 0 | J10: 0 | K10: 0 | L10: =5*35 -> 175 | N10: 0 | S10: 20 | T10: 14 | U10: 290 | V10: 3 | W10: 0 | X10: 75 | Y10: 3 | Z10: 0 | AA10: 79 | AB10: 0 | AC10: 0 | AD10: 0 | AE10: 0 | AF10: 0 | AG10: 0 | AK10: =S10/D10 -> 0.5 | AL10: =T10/E10 -> 0.7 | AM10: =U10/F10 -> 2.4166667 | AN10: =V10/G10 -> 0.42857143 | AO10: =W10/H10 -> 0 | AS10: =AA10/L10 -> 0.45142857
B11: KING CASH | C11: KING CASH ABOBO KAZA | D11: 40 | E11: 20 | F11: 120 | G11: 7 | H11: 4 | I11: 0 | J11: 0 | K11: 0 | L11: =5*35 -> 175 | N11: 0 | S11: 40 | T11: 20 | U11: 200 | V11: 4 | W11: 0 | X11: 40 | Y11: 0 | Z11: 0 | AA11: 30 | AB11: 0 | AC11: 0 | AD11: 0 | AE11: 0 | AF11: 0 | AG11: 0 | AK11: =S11/D11 -> 1 | AL11: =T11/E11 -> 1 | AM11: =U11/F11 -> 1.6666667 | AN11: =V11/G11 -> 0.57142857 | AO11: =W11/H11 -> 0 | AS11: =AA11/L11 -> 0.17142857
B12: KING CASH | C12: KING CASH KENEYA | D12: 40 | E12: 20 | F12: 120 | G12: 7 | H12: 4 | I12: 0 | J12: 0 | K12: 0 | L12: =5*35 -> 175 | N12: 0 | S12: 40 | T12: 35 | U12: 100 | V12: 2 | W12: 0 | X12: 20 | Y12: 0 | Z12: 0 | AA12: 30 | AB12: 0 | AC12: 0 | AD12: 0 | AE12: 0 | AF12: 0 | AG12: 0 | AK12: =S12/D12 -> 1 | AL12: =T12/E12 -> 1.75 | AM12: =U12/F12 -> 0.83333333 | AN12: =V12/G12 -> 0.28571429 | AO12: =W12/H12 -> 0 | AS12: =AA12/L12 -> 0.17142857
B13: KING CASH | C13: KING CASH ABOBO PALAIS 2 | D13: 40 | E13: 20 | F13: 120 | G13: 7 | H13: 4 | I13: 0 | J13: 0 | K13: 0 | L13: =5*35 -> 175 | N13: 0 | S13: 28 | T13: 7 | U13: 50 | V13: 0 | W13: 0 | X13: 20 | Y13: 4 | Z13: 0 | AA13: 17 | AB13: 0 | AC13: 0 | AD13: 0 | AE13: 0 | AF13: 0 | AG13: 0 | AK13: =S13/D13 -> 0.7 | AL13: =T13/E13 -> 0.35 | AM13: =U13/F13 -> 0.41666667 | AN13: =V13/G13 -> 0 | AO13: =W13/H13 -> 0 | AS13: =AA13/L13 -> 0.097142857
B14: KING CASH | C14: KING CASH DABOU | D14: 40 | E14: 20 | F14: 120 | G14: 7 | H14: 4 | I14: 0 | J14: 0 | K14: 0 | L14: =5*35 -> 175 | N14: 0 | S14: 30 | T14: 22 | U14: 160 | V14: 0 | W14: 0 | X14: 120 | Y14: 0 | Z14: 0 | AA14: 0 | AB14: 0 | AC14: 0 | AD14: 0 | AE14: 0 | AF14: 0 | AG14: 0 | AK14: =S14/D14 -> 0.75 | AL14: =T14/E14 -> 1.1 | AM14: =U14/F14 -> 1.3333333 | AN14: =V14/G14 -> 0 | AO14: =W14/H14 -> 0 | AS14: =AA14/L14 -> 0
B15: KING CASH | C15: KING CASH 07 DECEMBRE | D15: 40 | E15: 20 | F15: 120 | G15: 7 | H15: 4 | I15: 0 | J15: 0 | K15: 0 | L15: =5*35 -> 175 | N15: 0 | S15: 15 | T15: 10 | U15: 23 | V15: 3 | W15: 0 | X15: 16 | Y15: 14 | Z15: 0 | AA15: 30 | AB15: 0 | AC15: 0 | AD15: 0 | AE15: 0 | AF15: 0 | AG15: 0 | AK15: =S15/D15 -> 0.375 | AL15: =T15/E15 -> 0.5 | AM15: =U15/F15 -> 0.19166667 | AN15: =V15/G15 -> 0.42857143 | AO15: =W15/H15 -> 0 | AS15: =AA15/L15 -> 0.17142857
B16: KING CASH | C16: KING CASH REMBLAIS | D16: 40 | E16: 20 | F16: 120 | G16: 7 | H16: 4 | I16: 0 | J16: 0 | K16: 0 | L16: =5*35 -> 175 | N16: 0 | S16: 45 | T16: 25 | U16: 180 | V16: 7 | W16: 0 | X16: 10 | Y16: 0 | Z16: 0 | AA16: 61 | AB16: 0 | AC16: 0 | AD16: 0 | AE16: 0 | AF16: 0 | AG16: 0 | AH16: PAS DE PRODUITS | AK16: =S16/D16 -> 1.125 | AL16: =T16/E16 -> 1.25 | AM16: =U16/F16 -> 1.5 | AN16: =V16/G16 -> 1 | AO16: =W16/H16 -> 0 | AS16: =AA16/L16 -> 0.34857143
B17: KING CASH | C17: KING CASH WILLIAMSVILLE | D17: 40 | E17: 20 | F17: 120 | G17: 7 | H17: 4 | I17: 0 | J17: 0 | K17: 0 | L17: =5*35 -> 175 | N17: 0 | S17: 28 | T17: 7 | U17: 10 | V17: 0 | W17: 0 | X17: 5 | Y17: 0 | Z17: 0 | AA17: 10 | AB17: 0 | AC17: 0 | AD17: 0 | AE17: 0 | AF17: 0 | AG17: 0 | AH17: PAS ASSEZ DE PRODUITS | AK17: =S17/D17 -> 0.7 | AL17: =T17/E17 -> 0.35 | AM17: =U17/F17 -> 0.083333333 | AN17: =V17/G17 -> 0 | AO17: =W17/H17 -> 0 | AS17: =AA17/L17 -> 0.057142857
B18: KING CASH | C18: KING CASH WASSAKARA | D18: 40 | E18: 20 | F18: 120 | G18: 7 | H18: 4 | I18: 0 | J18: 0 | K18: 0 | L18: =5*35 -> 175 | N18: 0 | S18: 32 | T18: 20 | U18: 120 | V18: 0 | W18: 0 | X18: 0 | Y18: 0 | Z18: 0 | AA18: 22 | AB18: 0 | AC18: 0 | AD18: 0 | AE18: 0 | AF18: 0 | AG18: 0 | AK18: =S18/D18 -> 0.8 | AL18: =T18/E18 -> 1 | AM18: =U18/F18 -> 1 | AN18: =V18/G18 -> 0 | AO18: =W18/H18 -> 0 | AS18: =AA18/L18 -> 0.12571429
B19: KING CASH | C19: KING CASH SOGEPHIA YOP | D19: 40 | E19: 20 | F19: 120 | G19: 7 | H19: 4 | I19: 0 | J19: 0 | K19: 0 | L19: =5*35 -> 175 | N19: 0 | S19: 22 | T19: 10 | U19: 44 | V19: 2 | W19: 0 | X19: 26 | Y19: 0 | Z19: 0 | AA19: 21 | AB19: 0 | AC19: 0 | AD19: 0 | AE19: 0 | AF19: 0 | AG19: 0 | AK19: =S19/D19 -> 0.55 | AL19: =T19/E19 -> 0.5 | AM19: =U19/F19 -> 0.36666667 | AN19: =V19/G19 -> 0.28571429 | AO19: =W19/H19 -> 0 | AS19: =AA19/L19 -> 0.12
B20: KING CASH | C20: KING CASH CAMP MILITAIRE | D20: 40 | E20: 20 | F20: 120 | G20: 7 | H20: 4 | I20: 0 | J20: 0 | K20: 0 | L20: =5*35 -> 175 | N20: 0 | S20: 42 | T20: 33 | U20: 120 | V20: 0 | W20: 0 | X20: 0 | Y20: 0 | Z20: 0 | AA20: 0 | AB20: 0 | AC20: 0 | AD20: 0 | AE20: 0 | AF20: 0 | AG20: 0 | AK20: =S20/D20 -> 1.05 | AL20: =T20/E20 -> 1.65 | AM20: =U20/F20 -> 1 | AN20: =V20/G20 -> 0 | AO20: =W20/H20 -> 0 | AS20: =AA20/L20 -> 0
B21: KING CASH | C21: KING CASH CAFEIERS | D21: 40 | E21: 20 | F21: 120 | G21: 7 | H21: 4 | I21: 0 | J21: 0 | K21: 0 | L21: =5*35 -> 175 | N21: 0 | S21: 30 | T21: 10 | U21: 120 | V21: 3 | W21: 0 | X21: 60 | Y21: 10 | Z21: 0 | AA21: 85 | AB21: 0 | AC21: 0 | AD21: 0 | AE21: 0 | AF21: 0 | AG21: 0 | AK21: =S21/D21 -> 0.75 | AL21: =T21/E21 -> 0.5 | AM21: =U21/F21 -> 1 | AN21: =V21/G21 -> 0.42857143 | AO21: =W21/H21 -> 0 | AS21: =AA21/L21 -> 0.48571429
B22: KING CASH | C22: KING CASH BLVD CAMEROUN | D22: 40 | E22: 20 | F22: 120 | G22: 7 | H22: 4 | I22: 0 | J22: 0 | K22: 0 | L22: =5*35 -> 175 | N22: 0 | AH22: PAS DE PRODUITS | AK22: =S22/D22 -> 0 | AL22: =T22/E22 -> 0 | AM22: =U22/F22 -> 0 | AN22: =V22/G22 -> 0 | AO22: =W22/H22 -> 0 | AS22: =AA22/L22 -> 0
B23: KING CASH | C23: KING CASH BINGERVILLE | D23: 40 | E23: 20 | F23: 120 | G23: 7 | H23: 4 | I23: 0 | J23: 0 | K23: 0 | L23: =5*35 -> 175 | N23: 0 | S23: 33 | T23: 12 | U23: 20 | V23: 2 | W23: 0 | X23: 61 | Y23: 0 | Z23: 0 | AA23: 17 | AB23: 0 | AC23: 0 | AD23: 0 | AE23: 0 | AF23: 0 | AG23: 0 | AH23: RUPTURE 16G | AK23: =S23/D23 -> 0.825 | AL23: =T23/E23 -> 0.6 | AM23: =U23/F23 -> 0.16666667 | AN23: =V23/G23 -> 0.28571429 | AO23: =W23/H23 -> 0 | AS23: =AA23/L23 -> 0.097142857
B24: KING CASH | C24: ING CASH JULES VERNE | D24: 40 | E24: 20 | F24: 120 | G24: 7 | H24: 4 | I24: 0 | J24: 0 | K24: 0 | L24: =5*35 -> 175 | N24: 0 | S24: 28 | T24: 10 | U24: 40 | V24: 1 | W24: 0 | X24: 15 | Y24: 8 | Z24: 0 | AA24: 25 | AB24: 0 | AC24: 0 | AD24: 0 | AE24: 0 | AF24: 0 | AG24: 0 | AK24: =S24/D24 -> 0.7 | AL24: =T24/E24 -> 0.5 | AM24: =U24/F24 -> 0.33333333 | AN24: =V24/G24 -> 0.14285714 | AO24: =W24/H24 -> 0 | AS24: =AA24/L24 -> 0.14285714
B25: KING CASH | C25: ING CASH BASSAM | D25: 40 | E25: 20 | F25: 120 | G25: 7 | H25: 4 | I25: 0 | J25: 0 | K25: 0 | L25: =5*35 -> 175 | N25: 0 | S25: 30 | T25: 25 | U25: 90 | V25: 3 | W25: 0 | X25: 50 | Y25: 10 | Z25: 0 | AA25: 60 | AB25: 0 | AH25: PAS DE PRODUITS | AK25: =S25/D25 -> 0.75 | AL25: =T25/E25 -> 1.25 | AM25: =U25/F25 -> 0.75 | AN25: =V25/G25 -> 0.42857143 | AO25: =W25/H25 -> 0 | AS25: =AA25/L25 -> 0.34285714
B26: KING CASH | C26: KING CASH KOUMASSI 05 | D26: 40 | E26: 20 | F26: 120 | G26: 7 | H26: 4 | I26: 0 | J26: 0 | K26: 0 | L26: =5*35 -> 175 | N26: 0 | S26: 30 | T26: 25 | U26: 89 | V26: 2 | W26: 0 | X26: 58 | Y26: 0 | Z26: 0 | AA26: 56 | AB26: 0 | AC26: 0 | AD26: 0 | AE26: 0 | AF26: 0 | AG26: 0 | AK26: =S26/D26 -> 0.75 | AL26: =T26/E26 -> 1.25 | AM26: =U26/F26 -> 0.74166667 | AN26: =V26/G26 -> 0.28571429 | AO26: =W26/H26 -> 0 | AS26: =AA26/L26 -> 0.32
B27: KING CASH | C27: KING CASH PORT BOUET | D27: 40 | E27: 20 | F27: 120 | G27: 7 | H27: 4 | I27: 0 | J27: 0 | K27: 0 | L27: =5*35 -> 175 | N27: 0 | S27: 22 | T27: 18 | U27: 220 | V27: 11 | W27: 0 | X27: 110 | Y27: 18 | Z27: 0 | AA27: 32 | AB27: 0 | AC27: 0 | AD27: 0 | AE27: 0 | AF27: 0 | AG27: 0 | AK27: =S27/D27 -> 0.55 | AL27: =T27/E27 -> 0.9 | AM27: =U27/F27 -> 1.8333333 | AN27: =V27/G27 -> 1.5714286 | AO27: =W27/H27 -> 0 | AS27: =AA27/L27 -> 0.18285714
B28: KING CASH | C28: KING CASH AVENUE 16 | D28: 40 | E28: 20 | F28: 120 | G28: 7 | H28: 4 | I28: 0 | J28: 0 | K28: 0 | L28: =5*35 -> 175 | N28: 0 | S28: 30 | T28: 9 | U28: 150 | V28: 0 | W28: 0 | X28: 0 | Y28: 0 | Z28: 0 | AA28: 30 | AB28: 0 | AC28: 0 | AD28: 0 | AE28: 0 | AF28: 0 | AG28: 0 | AK28: =S28/D28 -> 0.75 | AL28: =T28/E28 -> 0.45 | AM28: =U28/F28 -> 1.25 | AN28: =V28/G28 -> 0 | AO28: =W28/H28 -> 0 | AS28: =AA28/L28 -> 0.17142857
B29: KING CASH | C29: IKING CASH ANOUMANBO | D29: 40 | E29: 20 | F29: 120 | G29: 7 | H29: 4 | I29: 0 | J29: 0 | K29: 0 | L29: =5*35 -> 175 | N29: 0 | S29: 22 | T29: 15 | U29: 30 | V29: 2 | W29: 0 | X29: 38 | Y29: 20 | Z29: 0 | AA29: 0 | AB29: 0 | AC29: 0 | AD29: 0 | AE29: 0 | AF29: 0 | AG29: 0 | AK29: =S29/D29 -> 0.55 | AL29: =T29/E29 -> 0.75 | AM29: =U29/F29 -> 0.25 | AN29: =V29/G29 -> 0.28571429 | AO29: =W29/H29 -> 0 | AS29: =AA29/L29 -> 0
B30: KING CASH | C30: KING CASH MARA | D30: 40 | E30: 20 | F30: 120 | G30: 7 | H30: 4 | I30: 0 | J30: 0 | K30: 0 | L30: =5*35 -> 175 | N30: 0 | AH30: PAS DE PRODUITS | AK30: =S30/D30 -> 0 | AL30: =T30/E30 -> 0 | AM30: =U30/F30 -> 0 | AN30: =V30/G30 -> 0 | AO30: =W30/H30 -> 0 | AS30: =AA30/L30 -> 0
B31: KING CASH | C31: KING CASH BONOUA, | D31: 40 | E31: 20 | F31: 120 | G31: 7 | H31: 4 | I31: 0 | J31: 0 | K31: 0 | L31: =5*35 -> 175 | N31: 0 | S31: 25 | T31: 12 | U31: 115 | V31: 1 | W31: 0 | X31: 20 | Y31: 3 | Z31: 0 | AA31: 120 | AB31: 0 | AC31: 0 | AD31: 0 | AE31: 0 | AF31: 0 | AG31: 0 | AK31: =S31/D31 -> 0.625 | AL31: =T31/E31 -> 0.6 | AM31: =U31/F31 -> 0.95833333 | AN31: =V31/G31 -> 0.14285714 | AO31: =W31/H31 -> 0 | AS31: =AA31/L31 -> 0.68571429
B32: KING CASH | C32: KING CASH ADIAKE | D32: 40 | E32: 20 | F32: 120 | G32: 7 | H32: 4 | I32: 0 | J32: 0 | K32: 0 | L32: =5*35 -> 175 | N32: 0 | S32: 30 | T32: 20 | U32: 240 | V32: 2 | W32: 0 | X32: 30 | Y32: 5 | Z32: 0 | AA32: 30 | AB32: 0 | AC32: 0 | AD32: 0 | AE32: 0 | AF32: 0 | AG32: 0 | AK32: =S32/D32 -> 0.75 | AL32: =T32/E32 -> 1 | AM32: =U32/F32 -> 2 | AN32: =V32/G32 -> 0.28571429 | AO32: =W32/H32 -> 0 | AS32: =AA32/L32 -> 0.17142857
B33: KING CASH | C33: KING CASH BLVD GABON | D33: 40 | E33: 20 | F33: 120 | G33: 7 | H33: 4 | I33: 0 | J33: 0 | K33: 0 | L33: =5*35 -> 175 | N33: 0 | S33: 30 | T33: 27 | U33: 50 | V33: 1 | W33: 0 | X33: 6 | Y33: 0 | Z33: 0 | AA33: 66 | AB33: 0 | AC33: 0 | AD33: 0 | AE33: 0 | AF33: 0 | AG33: 0 | AK33: =S33/D33 -> 0.75 | AL33: =T33/E33 -> 1.35 | AM33: =U33/F33 -> 0.41666667 | AN33: =V33/G33 -> 0.14285714 | AO33: =W33/H33 -> 0 | AS33: =AA33/L33 -> 0.37714286
B34: CDCI | C34: CDCI DEMI GROS SAMAKE | D34: 40 | E34: 20 | F34: 120 | G34: 7 | H34: 4 | I34: 0 | J34: 0 | K34: 0 | L34: =5*35 -> 175 | N34: 0 | S34: 31 | T34: 25 | U34: 95 | V34: 1 | W34: 0 | X34: 45 | Y34: 0 | Z34: 0 | AA34: 34 | AB34: 0 | AC34: 0 | AD34: 0 | AE34: 0 | AF34: 0 | AG34: 0 | AK34: =S34/D34 -> 0.775 | AL34: =T34/E34 -> 1.25 | AM34: =U34/F34 -> 0.79166667 | AN34: =V34/G34 -> 0.14285714 | AO34: =W34/H34 -> 0 | AS34: =AA34/L34 -> 0.19428571
B35: CDCI | C35: CDCI DEMI GROS KOUTE | D35: 40 | E35: 20 | F35: 120 | G35: 7 | H35: 4 | I35: 0 | J35: 0 | K35: 0 | L35: =5*35 -> 175 | N35: 0 | S35: 10 | T35: 5 | U35: 50 | V35: 0 | W35: 0 | X35: 0 | Y35: 0 | Z35: 0 | AA35: 0 | AB35: 0 | AC35: 0 | AD35: 0 | AE35: 0 | AF35: 0 | AG35: 0 | AK35: =S35/D35 -> 0.25 | AL35: =T35/E35 -> 0.25 | AM35: =U35/F35 -> 0.41666667 | AN35: =V35/G35 -> 0 | AO35: =W35/H35 -> 0 | AS35: =AA35/L35 -> 0
B36: CDCI | C36: CDCI DEMI GROS NIANGON | D36: 40 | E36: 20 | F36: 120 | G36: 7 | H36: 4 | I36: 0 | J36: 0 | K36: 0 | L36: =5*35 -> 175 | N36: 0 | S36: 26 | T36: 6 | U36: 35 | V36: 2 | W36: 0 | X36: 30 | Y36: 0 | Z36: 0 | AA36: 31 | AB36: 0 | AC36: 0 | AD36: 0 | AE36: 0 | AF36: 0 | AG36: 0 | AK36: =S36/D36 -> 0.65 | AL36: =T36/E36 -> 0.3 | AM36: =U36/F36 -> 0.29166667 | AN36: =V36/G36 -> 0.28571429 | AO36: =W36/H36 -> 0 | AS36: =AA36/L36 -> 0.17714286
B37: CDCI | C37: CDCI DEMI GROS ABOBO BAOULE | D37: 40 | E37: 20 | F37: 120 | G37: 7 | H37: 4 | I37: 0 | J37: 0 | K37: 0 | L37: =5*35 -> 175 | N37: 0 | S37: 31 | T37: 25 | U37: 120 | V37: 1 | W37: 0 | X37: 70 | Y37: 2 | Z37: 0 | AA37: 30 | AB37: 0 | AC37: 0 | AD37: 0 | AE37: 0 | AF37: 0 | AG37: 0 | AK37: =S37/D37 -> 0.775 | AL37: =T37/E37 -> 1.25 | AM37: =U37/F37 -> 1 | AN37: =V37/G37 -> 0.14285714 | AO37: =W37/H37 -> 0 | AS37: =AA37/L37 -> 0.17142857
B38: CDCI | C38: CDCI DEMI GROS AKEIKOr | D38: 40 | E38: 20 | F38: 120 | G38: 7 | H38: 4 | I38: 0 | J38: 0 | K38: 0 | L38: =5*35 -> 175 | N38: 0 | S38: 40 | T38: 27 | U38: 110 | V38: 4 | W38: 0 | X38: 30 | Y38: 0 | Z38: 0 | AA38: 14 | AB38: 0 | AC38: 0 | AD38: 0 | AE38: 0 | AF38: 0 | AG38: 0 | AK38: =S38/D38 -> 1 | AL38: =T38/E38 -> 1.35 | AM38: =U38/F38 -> 0.91666667 | AN38: =V38/G38 -> 0.57142857 | AO38: =W38/H38 -> 0 | AS38: =AA38/L38 -> 0.08
B39: CDCI | C39: CDCI DEMI GROS 4 ETAGES | D39: 40 | E39: 20 | F39: 120 | G39: 7 | H39: 4 | I39: 0 | J39: 0 | K39: 0 | L39: =5*35 -> 175 | N39: 0 | S39: 15 | T39: 7 | U39: 140 | V39: 0 | W39: 0 | X39: 0 | Y39: 0 | Z39: 0 | AA39: 50 | AB39: 0 | AC39: 0 | AD39: 0 | AE39: 0 | AF39: 0 | AG39: 0 | AK39: =S39/D39 -> 0.375 | AL39: =T39/E39 -> 0.35 | AM39: =U39/F39 -> 1.1666667 | AN39: =V39/G39 -> 0 | AO39: =W39/H39 -> 0 | AS39: =AA39/L39 -> 0.28571429
B40: CDCI | C40: CDCI DEMI GROS PK 18 | D40: 40 | E40: 20 | F40: 120 | G40: 7 | H40: 4 | I40: 0 | J40: 0 | K40: 0 | L40: =5*35 -> 175 | N40: 0 | S40: 28 | T40: 20 | U40: 200 | V40: 3 | W40: 0 | X40: 20 | Y40: 30 | Z40: 0 | AA40: 50 | AB40: 0 | AC40: 0 | AD40: 0 | AE40: 0 | AF40: 0 | AG40: 0 | AK40: =S40/D40 -> 0.7 | AL40: =T40/E40 -> 1 | AM40: =U40/F40 -> 1.6666667 | AN40: =V40/G40 -> 0.42857143 | AO40: =W40/H40 -> 0 | AS40: =AA40/L40 -> 0.28571429
B41: CDCI | C41: CDCI DEMI GROS ANYAMA | D41: 40 | E41: 20 | F41: 120 | G41: 7 | H41: 4 | I41: 0 | J41: 0 | K41: 0 | L41: =5*35 -> 175 | N41: 0 | S41: 35 | T41: 10 | U41: 0 | V41: 0 | W41: 0 | X41: 55 | Y41: 5 | Z41: 0 | AA41: 10 | AB41: 0 | AC41: 0 | AD41: 0 | AE41: 0 | AF41: 0 | AG41: 0 | AK41: =S41/D41 -> 0.875 | AL41: =T41/E41 -> 0.5 | AM41: =U41/F41 -> 0 | AN41: =V41/G41 -> 0 | AO41: =W41/H41 -> 0 | AS41: =AA41/L41 -> 0.057142857
B42: CDCI | C42: CDCI DEMI GROS ANANERAIE | D42: 40 | E42: 20 | F42: 120 | G42: 7 | H42: 4 | I42: 0 | J42: 0 | K42: 0 | L42: =5*35 -> 175 | N42: 0 | S42: 26 | T42: 20 | U42: 170 | V42: 2 | W42: 0 | X42: 45 | Y42: 20 | Z42: 0 | AA42: 20 | AB42: 0 | AC42: 0 | AD42: 0 | AE42: 0 | AF42: 0 | AG42: 0 | AK42: =S42/D42 -> 0.65 | AL42: =T42/E42 -> 1 | AM42: =U42/F42 -> 1.4166667 | AN42: =V42/G42 -> 0.28571429 | AO42: =W42/H42 -> 0 | AS42: =AA42/L42 -> 0.11428571
... B46: CDCI | C46: CDCI DEMI GROS RIVIERA 3 | D46: 40 | E46: 20 | F46: 120 | G46: 7 | H46: 4 | I46: 0 | J46: 0 | K46: 0 | L46: =5*35 -> 175 | N46: 0 | S46: 50 | T46: 30 | U46: 200 | V46: 0 | W46: 0 | X46: 60 | Y46: 14 | Z46: 0 | AA46: 0 | AB46: 0 | AC46: 0 | AD46: 0 | AE46: 0 | AF46: 0 | AG46: 0 | AK46: =S46/D46 -> 1.25 | AL46: =T46/E46 -> 1.5 | AM46: =U46/F46 -> 1.6666667 | AN46: =V46/G46 -> 0 | AO46: =W46/H46 -> 0 | AS46: =AA46/L46 -> 0
B47: CDCI | C47: CDCI DEMI GROS VGE | D47: 40 | E47: 20 | F47: 120 | G47: 7 | H47: 4 | I47: 0 | J47: 0 | K47: 0 | L47: =5*35 -> 175 | N47: 0 | S47: 26 | T47: 8 | U47: 25 | V47: 0 | W47: 25 | X47: 0 | Y47: 0 | Z47: 0 | AA47: 84 | AB47: 0 | AH47: PAS DE PRODUITS | AK47: =S47/D47 -> 0.65 | AL47: =T47/E47 -> 0.4 | AM47: =U47/F47 -> 0.20833333 | AN47: =V47/G47 -> 0 | AO47: =W47/H47 -> 6.25 | AS47: =AA47/L47 -> 0.48
B48: CDCI | C48: CDCI DEMI GROS ANGRE | D48: 40 | E48: 20 | F48: 120 | G48: 7 | H48: 4 | I48: 0 | J48: 0 | K48: 0 | L48: =5*35 -> 175 | N48: 0 | S48: 28 | T48: 7 | U48: 0 | V48: 12 | W48: 0 | X48: 75 | Y48: 6 | Z48: 0 | AA48: 25 | AB48: 0 | AC48: 0 | AD48: 0 | AE48: 0 | AF48: 0 | AG48: 0 | AK48: =S48/D48 -> 0.7 | AL48: =T48/E48 -> 0.35 | AM48: =U48/F48 -> 0 | AN48: =V48/G48 -> 1.7142857 | AO48: =W48/H48 -> 0 | AS48: =AA48/L48 -> 0.14285714
B49: CDCI | C49: CDCI DEMI GROS PALMERAIE 4 | D49: 40 | E49: 20 | F49: 120 | G49: 7 | H49: 4 | I49: 0 | J49: 0 | K49: 0 | L49: =5*35 -> 175 | N49: 0 | S49: 25 | T49: 15 | U49: 174 | V49: 4 | W49: 0 | X49: 100 | Y49: 9 | Z49: 0 | AA49: 20 | AB49: 0 | AC49: 0 | AD49: 0 | AE49: 0 | AF49: 0 | AG49: 0 | AK49: =S49/D49 -> 0.625 | AL49: =T49/E49 -> 0.75 | AM49: =U49/F49 -> 1.45 | AN49: =V49/G49 -> 0.57142857 | AO49: =W49/H49 -> 0 | AS49: =AA49/L49 -> 0.11428571
B50: CDCI | C50: CDCI DEMI GROS ADO | D50: 40 | E50: 20 | F50: 120 | G50: 7 | H50: 4 | I50: 0 | J50: 0 | K50: 0 | L50: =5*35 -> 175 | N50: 0 | S50: 28 | T50: 17 | U50: 106 | V50: 4 | W50: 0 | X50: 30 | Y50: 20 | Z50: 0 | AA50: 15 | AB50: 0 | AC50: 0 | AD50: 0 | AE50: 0 | AF50: 0 | AG50: 0 | AK50: =S50/D50 -> 0.7 | AL50: =T50/E50 -> 0.85 | AM50: =U50/F50 -> 0.88333333 | AN50: =V50/G50 -> 0.57142857 | AO50: =W50/H50 -> 0 | AS50: =AA50/L50 -> 0.085714286
B51: CDCI | C51: CDCI DEMI GROS ANONO | D51: 40 | E51: 20 | F51: 120 | G51: 7 | H51: 4 | I51: 0 | J51: 0 | K51: 0 | L51: =5*35 -> 175 | N51: 0 | S51: 30 | T51: 20 | U51: 105 | V51: 0 | W51: 0 | X51: 19 | Y51: 0 | Z51: 0 | AA51: 31 | AB51: 0 | AC51: 0 | AD51: 0 | AE51: 0 | AF51: 0 | AG51: 0 | AK51: =S51/D51 -> 0.75 | AL51: =T51/E51 -> 1 | AM51: =U51/F51 -> 0.875 | AN51: =V51/G51 -> 0 | AO51: =W51/H51 -> 0 | AS51: =AA51/L51 -> 0.17714286
B52: CDCI | C52: CDCI DEMI GROS 2 PLATEAUX | D52: 40 | E52: 20 | F52: 120 | G52: 7 | H52: 4 | I52: 0 | J52: 0 | K52: 0 | L52: =5*35 -> 175 | N52: 0 | S52: 30 | T52: 15 | U52: 70 | V52: 5 | W52: 0 | X52: 52 | Y52: 10 | Z52: 0 | AA52: 42 | AB52: 0 | AC52: 0 | AD52: 0 | AE52: 0 | AF52: 0 | AG52: 0 | AK52: =S52/D52 -> 0.75 | AL52: =T52/E52 -> 0.75 | AM52: =U52/F52 -> 0.58333333 | AN52: =V52/G52 -> 0.71428571 | AO52: =W52/H52 -> 0 | AS52: =AA52/L52 -> 0.24
B53: CDCI | C53: CDCI DEMI GROS PORT | D53: 40 | E53: 20 | F53: 120 | G53: 7 | H53: 4 | I53: 0 | J53: 0 | K53: 0 | L53: =5*35 -> 175 | N53: 0 | S53: 40 | T53: 12 | U53: 10 | V53: 5 | W53: 0 | X53: 120 | Y53: 0 | Z53: 0 | AA53: 20 | AB53: 0 | AC53: 0 | AD53: 0 | AE53: 0 | AF53: 0 | AG53: 0 | AK53: =S53/D53 -> 1 | AL53: =T53/E53 -> 0.6 | AM53: =U53/F53 -> 0.083333333 | AN53: =V53/G53 -> 0.71428571 | AO53: =W53/H53 -> 0 | AS53: =AA53/L53 -> 0.11428571
B54: CDCI | C54: CDCI DEMI GROS GONZAGUEVILLE | D54: 40 | E54: 20 | F54: 120 | G54: 7 | H54: 4 | I54: 0 | J54: 0 | K54: 0 | L54: =5*35 -> 175 | N54: 0 | S54: 40 | T54: 20 | U54: 100 | V54: 2 | W54: 0 | X54: 20 | Y54: 0 | Z54: 0 | AA54: 90 | AB54: 0 | AC54: 0 | AD54: 0 | AE54: 0 | AF54: 0 | AG54: 0 | AH54: PAS DE PRODUITS | AK54: =S54/D54 -> 1 | AL54: =T54/E54 -> 1 | AM54: =U54/F54 -> 0.83333333 | AN54: =V54/G54 -> 0.28571429 | AO54: =W54/H54 -> 0 | AS54: =AA54/L54 -> 0.51428571
A55: 2 | B55: TOTAL | D55: =SUM(D5:D54) -> 2000 | E55: =SUM(E5:E54) -> 1000 | F55: =SUM(F5:F54) -> 6000 | G55: =SUM(G5:G54) -> 350 | H55: =SUM(H5:H54) -> 200 | I55: =SUM(I5:I54) -> 0 | J55: =SUM(J5:J54) -> 0 | K55: =SUM(K5:K54) -> 0 | ... AG55: =SUM(AG5:AG54) -> 0 | AH55: =SUM(AH5:AH34) -> 0 | AI55: =SUM(AI5:AI34) -> 0 | AK55: =S55/D55 -> 0.6965 | AL55: =T55/E55 -> 0.801 | AM55: =U55/F55 -> 0.86416667 | AN55: =V55/G55 -> 0.3 | AO55: =W55/H55 -> 0.125 | AS55: =AA55/L55 -> 0.20925714
B57: TOTAL EN CARTONS | D57: =D55 -> 2000 | E57: =E55 -> 1000 | F57: =F55/120 -> 50 | G57: =G55/6 -> 58.333333 | H57: =H55/10 -> 20 | I57: =I55/100 -> 0 | J57: =J55/10 -> 0 | K57: =K55/60 -> 0 | L57: =L55/120 -> 72.916667 | M57: =M55/100 -> 0 | N57: =N55/60 -> 0 | O57: =O55 -> 0 | P57: =P55 -> 0 | Q57: =Q55 -> 0 | R57: =R55 -> 0 | S57: =S55 -> 1393 | T57: =T55 -> 801 | U57: =U55/120 -> 43.208333 | V57: =V55/6 -> 17.5 | W57: =W55/10 -> 2.5 | X57: =X55/100 -> 19.36 | Y57: =Y55/20 -> 11.1 | Z57: =Z55/60 -> 0 | AA57: =AA55/120 -> 15.258333 | AB57: =AB55/100 -> 0 | AC57: =AC55/60 -> 0 | AD57: =AD55 -> 0 | AE57: =AE55 -> 0 | AF57: =AF55 -> 0 | AG57: =AG55 -> 0 | AM57: =AM55/120 -> 0.0072013889 | AN57: =AN55/6 -> 0.05 | AO57: =AO55/20 -> 0.00625 | AP57: =AP55/100 -> 0 | AR57: =AR55/20 -> 0 | AS57: =AS55/120 -> 0.0017438095 | AU57: =AU55/100 -> 0 | AV57: =AV55/100 -> 0 | AW57: =AW55/100 -> 0 | AX57: =AX55/100 -> 0 | AY57: =AY55/100 -> 0

Sheet JOUR 6
B2: Date | C2: 46114 | D2: OBJECTIFS | S2: REALISATIONS | AK2: TAUX DE REALISATION
B3: Enseigne | C3: Nom du PDV en promotion | D3: Contacts | E3: =T3 -> Acheteurs | F3: Produits (en unités) | L3: Gratuités pour achats (en unités) | S3: Contacts | T3: Acheteurs | U3: Produits | AA3: =L3 -> Gratuités pour achats (en unités) | AD3: GOODIES | AH3: Commentaires | AI3: Impressions des PDV et des clients | AK3: Contacts | AL3: Acheteurs | AM3: Produits | AS3: =AD3 -> GOODIES | AV3: GOODIES
D4: =S4 -> Nombre de personnes ayant été contactées au rayon | E4: =T4 -> Nombre de personnes ayant acheté | F4: Biblos Lait Premium 16g | G4: Biblos Lait Premium 360g | H4: Biblos Lait Excellence | I4: Biblos Flocon d'avoine 50g | J4: Biblos Flocon d'avoine 400g | K4: Biblos 3 en 1 Café au lait | L4: Biblos Lait Premium 16g | M4: Biblos Flocon d'avoine 50g | N4: Biblos 3 en Café au Lait | O4: Goodies 1 | P4: Goodies 2 | Q4: Goodies 3 | R4: Goodie 4 | S4: Nombre de personnes ayant été contactées au rayon | T4: Nombre de personnes ayant acheté | U4: Biblos Lait Premium 16g | V4: Biblos Lait Premium 360g | W4: Biblos Lait Excellence | X4: Biblos Flocon d'avoine 50g | Y4: Biblos Flocon d'avoine 400g | Z4: Biblos 3 en 1 Café au lait | AA4: Biblos Lait Premium 16g | AB4: Biblos Flocon d'avoine 50g | AC4: Biblos 3 en 1 Café au lait | AD4: =O4 -> Goodies 1 | AE4: =P4 -> Goodies 2 | AF4: =Q4 -> Goodies 3 | AG4: =R4 -> Goodie 4 | AK4: Nombre de personnes ayant été contactées au rayon | AL4: Nombre de personnes ayant acheté | AM4: Biblos Lait Premium 16g | AN4: Biblos Lait Premium 360g | AO4: Biblos Lait Excellence | AP4: Biblos Flocon d'avoine 50g | AQ4: Biblos Flocon d'avoine 400g | AR4: Biblos 3 en 1 Café au lait | AS4: Biblos Lait Premium 16g | AT4: Biblos Flocon d'avoine 50g | AU4: Biblos 3 en 1 Café au lait | AV4: Goodies 1 | AW4: Goodies 2 | AX4: Goodies 3 | AY4: Goodies 4
B5: KING CASH | C5: KING CASH PALAIS YOP | D5: 60 | E5: 35 | F5: 180 | G5: 12 | H5: 5 | I5: 0 | J5: 0 | K5: 0 | L5: =5*35 -> 175 | N5: 0 | AH5: PAS RECU LES PRODUITS DANS LE MAGASIN | AK5: =S5/D5 -> 0 | AL5: =T5/E5 -> 0 | AM5: =U5/F5 -> 0 | AN5: =V5/G5 -> 0 | AO5: =W5/H5 -> 0 | AS5: =AA5/L5 -> 0
B6: KING CASH | C6: KING CASH PORT BOUET 2 | D6: 60 | E6: 35 | F6: 180 | G6: 12 | H6: 5 | I6: 0 | J6: 0 | K6: 0 | L6: =5*35 -> 175 | N6: 0 | S6: 27 | T6: 15 | U6: 50 | V6: 0 | W6: 0 | X6: 40 | Y6: 0 | Z6: 0 | AA6: 18 | AB6: 0 | AC6: 0 | AD6: 0 | AE6: 0 | AF6: 0 | AG6: 0 | AK6: =S6/D6 -> 0.45 | AL6: =T6/E6 -> 0.42857143 | AM6: =U6/F6 -> 0.27777778 | AN6: =V6/G6 -> 0 | AO6: =W6/H6 -> 0 | AS6: =AA6/L6 -> 0.10285714
B7: KING CASH | C7: KING CASH ABOBO MAIRIE | D7: 60 | E7: 35 | F7: 180 | G7: 12 | H7: 5 | I7: 0 | J7: 0 | K7: 0 | L7: =5*35 -> 175 | N7: 0 | S7: 27 | T7: 18 | U7: 100 | V7: 7 | W7: 0 | X7: 50 | Y7: 0 | Z7: 0 | AA7: 10 | AB7: 0 | AC7: 0 | AD7: 0 | AE7: 0 | AF7: 0 | AG7: 0 | AK7: =S7/D7 -> 0.45 | AL7: =T7/E7 -> 0.51428571 | AM7: =U7/F7 -> 0.55555556 | AN7: =V7/G7 -> 0.58333333 | AO7: =W7/H7 -> 0 | AS7: =AA7/L7 -> 0.057142857
B8: KING CASH | C8: KING CASH SIPOREX | D8: 60 | E8: 35 | F8: 180 | G8: 12 | H8: 5 | I8: 0 | J8: 0 | K8: 0 | L8: =5*35 -> 175 | N8: 0 | S8: 22 | T8: 16 | U8: 120 | V8: 3 | W8: 0 | X8: 30 | Y8: 0 | Z8: 0 | AA8: 20 | AB8: 0 | AC8: 0 | AD8: 0 | AE8: 0 | AF8: 0 | AG8: 0 | AK8: =S8/D8 -> 0.36666667 | AL8: =T8/E8 -> 0.45714286 | AM8: =U8/F8 -> 0.66666667 | AN8: =V8/G8 -> 0.25 | AO8: =W8/H8 -> 0 | AS8: =AA8/L8 -> 0.11428571
B9: KING CASH | C9: KING CASH PRINCES. | D9: 60 | E9: 35 | F9: 180 | G9: 12 | H9: 5 | I9: 0 | J9: 0 | K9: 0 | L9: =5*35 -> 175 | N9: 0 | S9: 30 | T9: 25 | U9: 340 | V9: 6 | W9: 0 | X9: 70 | Y9: 0 | Z9: 0 | AA9: 230 | AB9: 0 | AC9: 0 | AD9: 0 | AE9: 0 | AF9: 0 | AG9: 0 | AK9: =S9/D9 -> 0.5 | AL9: =T9/E9 -> 0.71428571 | AM9: =U9/F9 -> 1.8888889 | AN9: =V9/G9 -> 0.5 | AO9: =W9/H9 -> 0 | AS9: =AA9/L9 -> 1.3142857
B10: KING CASH | C10: KING CASH WAKOUBOUE | D10: 60 | E10: 35 | F10: 180 | G10: 12 | H10: 5 | I10: 0 | J10: 0 | K10: 0 | L10: =5*35 -> 175 | N10: 0 | S10: 22 | T10: 17 | U10: 190 | V10: 4 | W10: 0 | X10: 60 | Y10: 0 | Z10: 0 | AA10: 59 | AB10: 0 | AC10: 0 | AD10: 0 | AE10: 0 | AF10: 0 | AG10: 0 | AK10: =S10/D10 -> 0.36666667 | AL10: =T10/E10 -> 0.48571429 | AM10: =U10/F10 -> 1.0555556 | AN10: =V10/G10 -> 0.33333333 | AO10: =W10/H10 -> 0 | AS10: =AA10/L10 -> 0.33714286
B11: KING CASH | C11: KING CASH ABOBO KAZA | D11: 60 | E11: 35 | F11: 180 | G11: 12 | H11: 5 | I11: 0 | J11: 0 | K11: 0 | L11: =5*35 -> 175 | N11: 0 | S11: 20 | T11: 15 | U11: 60 | V11: 2 | W11: 0 | X11: 20 | Y11: 0 | Z11: 0 | AA11: 10 | AB11: 0 | AC11: 0 | AD11: 0 | AE11: 0 | AF11: 0 | AG11: 0 | AK11: =S11/D11 -> 0.33333333 | AL11: =T11/E11 -> 0.42857143 | AM11: =U11/F11 -> 0.33333333 | AN11: =V11/G11 -> 0.16666667 | AO11: =W11/H11 -> 0 | AS11: =AA11/L11 -> 0.057142857
B12: KING CASH | C12: KING CASH KENEYA | D12: 60 | E12: 35 | F12: 180 | G12: 12 | H12: 5 | I12: 0 | J12: 0 | K12: 0 | L12: =5*35 -> 175 | N12: 0 | S12: 20 | T12: 13 | U12: 40 | V12: 0 | W12: 0 | X12: 20 | Y12: 7 | Z12: 0 | AA12: 21 | AB12: 0 | AC12: 0 | AD12: 0 | AE12: 0 | AF12: 0 | AG12: 0 | AK12: =S12/D12 -> 0.33333333 | AL12: =T12/E12 -> 0.37142857 | AM12: =U12/F12 -> 0.22222222 | AN12: =V12/G12 -> 0 | AO12: =W12/H12 -> 0 | AS12: =AA12/L12 -> 0.12
B13: KING CASH | C13: KING CASH ABOBO PALAIS 2 | D13: 60 | E13: 35 | F13: 180 | G13: 12 | H13: 5 | I13: 0 | J13: 0 | K13: 0 | L13: =5*35 -> 175 | N13: 0 | S13: 37 | T13: 28 | U13: 180 | V13: 2 | W13: 0 | X13: 135 | Y13: 10 | Z13: 0 | AA13: 65 | AB13: 0 | AC13: 0 | AD13: 0 | AE13: 0 | AF13: 0 | AG13: 0 | AK13: =S13/D13 -> 0.61666667 | AL13: =T13/E13 -> 0.8 | AM13: =U13/F13 -> 1 | AN13: =V13/G13 -> 0.16666667 | AO13: =W13/H13 -> 0 | AS13: =AA13/L13 -> 0.37142857
B14: KING CASH | C14: KING CASH DABOU | D14: 60 | E14: 35 | F14: 180 | G14: 12 | H14: 5 | I14: 0 | J14: 0 | K14: 0 | L14: =5*35 -> 175 | N14: 0 | S14: 56 | T14: 39 | U14: 235 | V14: 3 | W14: 0 | X14: 120 | Y14: 20 | Z14: 0 | AA14: 0 | AB14: 0 | AC14: 0 | AD14: 0 | AE14: 0 | AF14: 0 | AG14: 0 | AK14: =S14/D14 -> 0.93333333 | AL14: =T14/E14 -> 1.1142857 | AM14: =U14/F14 -> 1.3055556 | AN14: =V14/G14 -> 0.25 | AO14: =W14/H14 -> 0 | AS14: =AA14/L14 -> 0
B15: KING CASH | C15: KING CASH 07 DECEMBRE | D15: 60 | E15: 35 | F15: 180 | G15: 12 | H15: 5 | I15: 0 | J15: 0 | K15: 0 | L15: =5*35 -> 175 | N15: 0 | S15: 20 | T15: 10 | U15: 9 | V15: 2 | W15: 0 | X15: 3 | Y15: 5 | Z15: 0 | AA15: 15 | AB15: 0 | AC15: 0 | AD15: 0 | AE15: 0 | AF15: 0 | AG15: 0 | AK15: =S15/D15 -> 0.33333333 | AL15: =T15/E15 -> 0.28571429 | AM15: =U15/F15 -> 0.05 | AN15: =V15/G15 -> 0.16666667 | AO15: =W15/H15 -> 0 | AS15: =AA15/L15 -> 0.085714286
B16: KING CASH | C16: KING CASH REMBLAIS | D16: 60 | E16: 35 | F16: 180 | G16: 12 | H16: 5 | I16: 0 | J16: 0 | K16: 0 | L16: =5*35 -> 175 | N16: 0 | S16: 20 | T16: 13 | U16: 105 | V16: 3 | W16: 0 | X16: 5 | Y16: 0 | Z16: 0 | AA16: 30 | AB16: 0 | AC16: 0 | AD16: 0 | AE16: 0 | AF16: 0 | AG16: 0 | AK16: =S16/D16 -> 0.33333333 | AL16: =T16/E16 -> 0.37142857 | AM16: =U16/F16 -> 0.58333333 | AN16: =V16/G16 -> 0.25 | AO16: =W16/H16 -> 0 | AS16: =AA16/L16 -> 0.17142857
B17: KING CASH | C17: KING CASH WILLIAMSVILLE | D17: 60 | E17: 35 | F17: 180 | G17: 12 | H17: 5 | I17: 0 | J17: 0 | K17: 0 | L17: =5*35 -> 175 | N17: 0 | S17: 20 | T17: 16 | U17: 64 | V17: 4 | W17: 0 | X17: 30 | Y17: 0 | Z17: 0 | AA17: 25 | AB17: 0 | AC17: 0 | AD17: 0 | AE17: 0 | AF17: 0 | AG17: 0 | AK17: =S17/D17 -> 0.33333333 | AL17: =T17/E17 -> 0.45714286 | AM17: =U17/F17 -> 0.35555556 | AN17: =V17/G17 -> 0.33333333 | AO17: =W17/H17 -> 0 | AS17: =AA17/L17 -> 0.14285714
... B19: KING CASH | C19: KING CASH SOGEPHIA YOP | D19: 60 | E19: 35 | F19: 180 | G19: 12 | H19: 5 | I19: 0 | J19: 0 | K19: 0 | L19: =5*35 -> 175 | N19: 0 | S19: 15 | T19: 6 | U19: 27 | V19: 0 | W19: 0 | X19: 12 | Y19: 0 | Z19: 0 | AA19: 10 | AB19: 0 | AC19: 0 | AD19: 0 | AE19: 0 | AF19: 0 | AG19: 0 | AK19: =S19/D19 -> 0.25 | AL19: =T19/E19 -> 0.17142857 | AM19: =U19/F19 -> 0.15 | AN19: =V19/G19 -> 0 | AO19: =W19/H19 -> 0 | AS19: =AA19/L19 -> 0.057142857
B20: KING CASH | C20: KING CASH CAMP MILITAIRE | D20: 60 | E20: 35 | F20: 180 | G20: 12 | H20: 5 | I20: 0 | J20: 0 | K20: 0 | L20: =5*35 -> 175 | N20: 0 | S20: 44 | T20: 33 | U20: 135 | V20: 0 | W20: 0 | X20: 0 | Y20: 0 | Z20: 0 | AA20: 0 | AB20: 0 | AC20: 0 | AD20: 0 | AE20: 0 | AF20: 0 | AG20: 0 | AH20: RUPTURE DU 360G ET FLOCON D'AVOINE 50 ET 400G | AK20: =S20/D20 -> 0.73333333 | AL20: =T20/E20 -> 0.94285714 | AM20: =U20/F20 -> 0.75 | AN20: =V20/G20 -> 0 | AO20: =W20/H20 -> 0 | AS20: =AA20/L20 -> 0
B21: KING CASH | C21: KING CASH CAFEIERS | D21: 60 | E21: 35 | F21: 180 | G21: 12 | H21: 5 | I21: 0 | J21: 0 | K21: 0 | L21: =5*35 -> 175 | N21: 0 | S21: 30 | T21: 27 | U21: 180 | V21: 4 | W21: 0 | X21: 80 | Y21: 5 | Z21: 0 | AA21: 90 | AB21: 0 | AC21: 0 | AD21: 0 | AE21: 0 | AF21: 0 | AG21: 0 | AK21: =S21/D21 -> 0.5 | AL21: =T21/E21 -> 0.77142857 | AM21: =U21/F21 -> 1 | AN21: =V21/G21 -> 0.33333333 | AO21: =W21/H21 -> 0 | AS21: =AA21/L21 -> 0.51428571
B22: KING CASH | C22: KING CASH BLVD CAMEROUN | D22: 60 | E22: 35 | F22: 180 | G22: 12 | H22: 5 | I22: 0 | J22: 0 | K22: 0 | L22: =5*35 -> 175 | N22: 0 | AH22: PAS RECU LE SPRODUITS DANS LE MAGASIN | AK22: =S22/D22 -> 0 | AL22: =T22/E22 -> 0 | AM22: =U22/F22 -> 0 | AN22: =V22/G22 -> 0 | AO22: =W22/H22 -> 0 | AS22: =AA22/L22 -> 0
B23: KING CASH | C23: KING CASH BINGERVILLE | D23: 60 | E23: 35 | F23: 180 | G23: 12 | H23: 5 | I23: 0 | J23: 0 | K23: 0 | L23: =5*35 -> 175 | N23: 0 | S23: 35 | T23: 18 | U23: 20 | V23: 7 | W23: 0 | X23: 15 | Y23: 5 | Z23: 0 | AA23: 20 | AB23: 0 | AC23: 0 | AD23: 0 | AE23: 0 | AF23: 0 | AG23: 0 | AH23: RUPTURE DES PRODUITS SAUF LE FLOCON D'AVOINE 50G | AK23: =S23/D23 -> 0.58333333 | AL23: =T23/E23 -> 0.51428571 | AM23: =U23/F23 -> 0.11111111 | AN23: =V23/G23 -> 0.58333333 | AO23: =W23/H23 -> 0 | AS23: =AA23/L23 -> 0.11428571
B24: KING CASH | C24: ING CASH JULES VERNE | D24: 40 | E24: 20 | F24: 120 | G24: 7 | H24: 4 | I24: 0 | J24: 0 | K24: 0 | L24: =5*35 -> 175 | N24: 0 | S24: 41 | T24: 15 | U24: 41 | V24: 1 | W24: 0 | X24: 48 | Y24: 0 | Z24: 0 | AA24: 25 | AB24: 0 | AC24: 0 | AD24: 0 | AE24: 0 | AF24: 0 | AG24: 0 | AK24: =S24/D24 -> 1.025 | AL24: =T24/E24 -> 0.75 | AM24: =U24/F24 -> 0.34166667 | AN24: =V24/G24 -> 0.14285714 | AO24: =W24/H24 -> 0 | AS24: =AA24/L24 -> 0.14285714
B25: KING CASH | C25: ING CASH BASSAM | D25: 40 | E25: 20 | F25: 120 | G25: 7 | H25: 4 | I25: 0 | J25: 0 | K25: 0 | L25: =5*35 -> 175 | N25: 0 | S25: 33 | T25: 25 | U25: 280 | V25: 2 | W25: 0 | X25: 50 | Y25: 20 | Z25: 0 | AA25: 30 | AB25: 0 | AC25: 0 | AD25: 0 | AE25: 0 | AF25: 0 | AG25: 0 | AK25: =S25/D25 -> 0.825 | AL25: =T25/E25 -> 1.25 | AM25: =U25/F25 -> 2.3333333 | AN25: =V25/G25 -> 0.28571429 | AO25: =W25/H25 -> 0 | AS25: =AA25/L25 -> 0.17142857
B26: KING CASH | C26: KING CASH KOUMASSI 05 | D26: 40 | E26: 20 | F26: 120 | G26: 7 | H26: 4 | I26: 0 | J26: 0 | K26: 0 | L26: =5*35 -> 175 | N26: 0 | S26: 30 | T26: 22 | U26: 45 | V26: 3 | W26: 0 | X26: 56 | Y26: 0 | Z26: 0 | AA26: 78 | AB26: 0 | AC26: 0 | AD26: 0 | AE26: 0 | AF26: 0 | AG26: 0 | AK26: =S26/D26 -> 0.75 | AL26: =T26/E26 -> 1.1 | AM26: =U26/F26 -> 0.375 | AN26: =V26/G26 -> 0.42857143 | AO26: =W26/H26 -> 0 | AS26: =AA26/L26 -> 0.44571429
B27: KING CASH | C27: KING CASH PORT BOUET | D27: 40 | E27: 20 | F27: 120 | G27: 7 | H27: 4 | I27: 0 | J27: 0 | K27: 0 | L27: =5*35 -> 175 | N27: 0 | S27: 47 | T27: 33 | U27: 125 | V27: 7 | W27: 0 | X27: 80 | Y27: 8 | Z27: 0 | AA27: 90 | AB27: 0 | AC27: 0 | AD27: 0 | AE27: 0 | AF27: 0 | AG27: 0 | AK27: =S27/D27 -> 1.175 | AL27: =T27/E27 -> 1.65 | AM27: =U27/F27 -> 1.0416667 | AN27: =V27/G27 -> 1 | AO27: =W27/H27 -> 0 | AS27: =AA27/L27 -> 0.51428571
B28: KING CASH | C28: KING CASH AVENUE 16 | D28: 40 | E28: 20 | F28: 120 | G28: 7 | H28: 4 | I28: 0 | J28: 0 | K28: 0 | L28: =5*35 -> 175 | N28: 0 | S28: 30 | T28: 19 | U28: 100 | V28: 0 | W28: 0 | X28: 80 | Y28: 0 | Z28: 0 | AA28: 15 | AB28: 0 | AC28: 0 | AD28: 0 | AE28: 0 | AF28: 0 | AG28: 0 | AH28: RUPTURE FLOCON D'AVOINE 400G ET 360H | AK28: =S28/D28 -> 0.75 | AL28: =T28/E28 -> 0.95 | AM28: =U28/F28 -> 0.83333333 | AN28: =V28/G28 -> 0 | AO28: =W28/H28 -> 0 | AS28: =AA28/L28 -> 0.085714286
B29: KING CASH | C29: IKING CASH ANOUMANBO | D29: 40 | E29: 20 | F29: 120 | G29: 7 | H29: 4 | I29: 0 | J29: 0 | K29: 0 | L29: =5*35 -> 175 | N29: 0 | S29: 35 | T29: 20 | U29: 120 | V29: 0 | W29: 0 | X29: 25 | Y29: 0 | Z29: 0 | AA29: 20 | AB29: 0 | AC29: 0 | AD29: 0 | AE29: 0 | AF29: 0 | AG29: 0 | AK29: =S29/D29 -> 0.875 | AL29: =T29/E29 -> 1 | AM29: =U29/F29 -> 1 | AN29: =V29/G29 -> 0 | AO29: =W29/H29 -> 0 | AS29: =AA29/L29 -> 0.11428571
B30: KING CASH | C30: KING CASH MARA | D30: 40 | E30: 20 | F30: 120 | G30: 7 | H30: 4 | I30: 0 | J30: 0 | K30: 0 | L30: =5*35 -> 175 | N30: 0 | AH30: PAS RECU LES PRODUITS DANS LE MAGASIN | AK30: =S30/D30 -> 0 | AL30: =T30/E30 -> 0 | AM30: =U30/F30 -> 0 | AN30: =V30/G30 -> 0 | AO30: =W30/H30 -> 0 | AS30: =AA30/L30 -> 0
B31: KING CASH | C31: KING CASH BONOUA, | D31: 40 | E31: 20 | F31: 120 | G31: 7 | H31: 4 | I31: 0 | J31: 0 | K31: 0 | L31: =5*35 -> 175 | N31: 0 | S31: 39 | T31: 15 | U31: 95 | V31: 1 | W31: 0 | X31: 15 | Y31: 4 | Z31: 0 | AA31: 80 | AB31: 0 | AC31: 0 | AD31: 0 | AE31: 0 | AF31: 0 | AG31: 0 | AK31: =S31/D31 -> 0.975 | AL31: =T31/E31 -> 0.75 | AM31: =U31/F31 -> 0.79166667 | AN31: =V31/G31 -> 0.14285714 | AO31: =W31/H31 -> 0 | AS31: =AA31/L31 -> 0.45714286
B32: KING CASH | C32: KING CASH ADIAKE | D32: 40 | E32: 20 | F32: 120 | G32: 7 | H32: 4 | I32: 0 | J32: 0 | K32: 0 | L32: =5*35 -> 175 | N32: 0 | S32: 33 | T32: 20 | U32: 100 | V32: 1 | W32: 0 | X32: 25 | Y32: 2 | Z32: 0 | AA32: 20 | AB32: 0 | AC32: 0 | AD32: 0 | AE32: 0 | AG32: 0 | AK32: =S32/D32 -> 0.825 | AL32: =T32/E32 -> 1 | AM32: =U32/F32 -> 0.83333333 | AN32: =V32/G32 -> 0.14285714 | AO32: =W32/H32 -> 0 | AS32: =AA32/L32 -> 0.11428571
B33: KING CASH | C33: KING CASH BLVD GABON | D33: 40 | E33: 20 | F33: 120 | G33: 7 | H33: 4 | I33: 0 | J33: 0 | K33: 0 | L33: =5*35 -> 175 | N33: 0 | S33: 33 | T33: 10 | U33: 18 | V33: 0 | W33: 0 | X33: 0 | Y33: 0 | Z33: 0 | AA33: 25 | AB33: 0 | AC33: 0 | AD33: 0 | AE33: 0 | AF33: 0 | AG33: 0 | AK33: =S33/D33 -> 0.825 | AL33: =T33/E33 -> 0.5 | AM33: =U33/F33 -> 0.15 | AN33: =V33/G33 -> 0 | AO33: =W33/H33 -> 0 | AS33: =AA33/L33 -> 0.14285714
B34: CDCI | C34: CDCI DEMI GROS SAMAKE | D34: 40 | E34: 20 | F34: 120 | G34: 7 | H34: 4 | I34: 0 | J34: 0 | K34: 0 | L34: =5*35 -> 175 | N34: 0 | S34: 50 | T34: 30 | U34: 180 | V34: 0 | W34: 0 | X34: 80 | Y34: 0 | Z34: 0 | AA34: 46 | AB34: 0 | AC34: 0 | AD34: 0 | AE34: 0 | AF34: 0 | AG34: 0 | AK34: =S34/D34 -> 1.25 | AL34: =T34/E34 -> 1.5 | AM34: =U34/F34 -> 1.5 | AN34: =V34/G34 -> 0 | AO34: =W34/H34 -> 0 | AS34: =AA34/L34 -> 0.26285714
B35: CDCI | C35: CDCI DEMI GROS KOUTE | D35: 40 | E35: 20 | F35: 120 | G35: 7 | H35: 4 | I35: 0 | J35: 0 | K35: 0 | L35: =5*35 -> 175 | N35: 0 | S35: 13 | T35: 7 | U35: 70 | V35: 0 | W35: 0 | X35: 0 | Y35: 0 | Z35: 0 | AA35: 15 | AB35: 0 | AC35: 0 | AD35: 0 | AE35: 0 | AF35: 0 | AG35: 0 | AK35: =S35/D35 -> 0.325 | AL35: =T35/E35 -> 0.35 | AM35: =U35/F35 -> 0.58333333 | AN35: =V35/G35 -> 0 | AO35: =W35/H35 -> 0 | AS35: =AA35/L35 -> 0.085714286
B36: CDCI | C36: CDCI DEMI GROS NIANGON | D36: 40 | E36: 20 | F36: 120 | G36: 7 | H36: 4 | I36: 0 | J36: 0 | K36: 0 | L36: =5*35 -> 175 | N36: 0 | S36: 40 | T36: 30 | U36: 270 | V36: 0 | W36: 0 | X36: 93 | Y36: 8 | Z36: 0 | AA36: 38 | AB36: 0 | AC36: 0 | AD36: 0 | AE36: 0 | AF36: 0 | AG36: 0 | AK36: =S36/D36 -> 1 | AL36: =T36/E36 -> 1.5 | AM36: =U36/F36 -> 2.25 | AN36: =V36/G36 -> 0 | AO36: =W36/H36 -> 0 | AS36: =AA36/L36 -> 0.21714286
B37: CDCI | C37: CDCI DEMI GROS ABOBO BAOULE | D37: 40 | E37: 20 | F37: 120 | G37: 7 | H37: 4 | I37: 0 | J37: 0 | K37: 0 | L37: =5*35 -> 175 | N37: 0 | S37: 25 | T37: 16 | U37: 100 | V37: 7 | W37: 0 | X37: 50 | Y37: 0 | Z37: 0 | AA37: 10 | AB37: 0 | AC37: 0 | AD37: 0 | AE37: 0 | AF37: 0 | AG37: 0 | AK37: =S37/D37 -> 0.625 | AL37: =T37/E37 -> 0.8 | AM37: =U37/F37 -> 0.83333333 | AN37: =V37/G37 -> 1 | AO37: =W37/H37 -> 0 | AS37: =AA37/L37 -> 0.057142857
B38: CDCI | C38: CDCI DEMI GROS AKEIKOr | D38: 40 | E38: 20 | F38: 120 | G38: 7 | H38: 4 | I38: 0 | J38: 0 | K38: 0 | L38: =5*35 -> 175 | N38: 0 | S38: 55 | T38: 39 | U38: 110 | V38: 4 | W38: 0 | X38: 30 | Y38: 0 | Z38: 0 | AA38: 14 | AB38: 0 | AC38: 0 | AD38: 0 | AE38: 0 | AF38: 0 | AG38: 0 | AK38: =S38/D38 -> 1.375 | AL38: =T38/E38 -> 1.95 | AM38: =U38/F38 -> 0.91666667 | AN38: =V38/G38 -> 0.57142857 | AO38: =W38/H38 -> 0 | AS38: =AA38/L38 -> 0.08
B39: CDCI | C39: CDCI DEMI GROS 4 ETAGES | D39: 40 | E39: 20 | F39: 120 | G39: 7 | H39: 4 | I39: 0 | J39: 0 | K39: 0 | L39: =5*35 -> 175 | N39: 0 | S39: 40 | T39: 30 | U39: 203 | V39: 2 | W39: 0 | X39: 23 | Y39: 10 | Z39: 0 | AA39: 70 | AB39: 0 | AC39: 0 | AD39: 0 | AE39: 0 | AF39: 0 | AG39: 0 | AK39: =S39/D39 -> 1 | AL39: =T39/E39 -> 1.5 | AM39: =U39/F39 -> 1.6916667 | AN39: =V39/G39 -> 0.28571429 | AO39: =W39/H39 -> 0 | AS39: =AA39/L39 -> 0.4
B40: CDCI | C40: CDCI DEMI GROS PK 18 | D40: 40 | E40: 20 | F40: 120 | G40: 7 | H40: 4 | I40: 0 | J40: 0 | K40: 0 | L40: =5*35 -> 175 | N40: 0 | S40: 30 | T40: 22 | U40: 250 | V40: 2 | W40: 0 | X40: 30 | Y40: 8 | Z40: 0 | AA40: 30 | AB40: 0 | AC40: 0 | AD40: 0 | AE40: 0 | AF40: 0 | AG40: 0 | AK40: =S40/D40 -> 0.75 | AL40: =T40/E40 -> 1.1 | AM40: =U40/F40 -> 2.0833333 | AN40: =V40/G40 -> 0.28571429 | AO40: =W40/H40 -> 0 | AS40: =AA40/L40 -> 0.17142857
B41: CDCI | C41: CDCI DEMI GROS ANYAMA | D41: 40 | E41: 20 | F41: 120 | G41: 7 | H41: 4 | I41: 0 | J41: 0 | K41: 0 | L41: =5*35 -> 175 | N41: 0 | S41: 50 | T41: 20 | U41: 0 | V41: 0 | W41: 0 | X41: 65 | Y41: 5 | Z41: 0 | AA41: 18 | AB41: 0 | AC41: 0 | AD41: 0 | AE41: 0 | AF41: 0 | AG41: 0 | AH41: RUPTURE DES PRODUITS | AK41: =S41/D41 -> 1.25 | AL41: =T41/E41 -> 1 | AM41: =U41/F41 -> 0 | AN41: =V41/G41 -> 0 | AO41: =W41/H41 -> 0 | AS41: =AA41/L41 -> 0.10285714
B42: CDCI | C42: CDCI DEMI GROS ANANERAIE | D42: 40 | E42: 20 | F42: 120 | G42: 7 | H42: 4 | I42: 0 | J42: 0 | K42: 0 | L42: =5*35 -> 175 | N42: 0 | S42: 17 | T42: 10 | U42: 50 | V42: 0 | W42: 0 | X42: 20 | Y42: 0 | Z42: 0 | AA42: 14 | AB42: 0 | AC42: 0 | AD42: 0 | AE42: 0 | AF42: 0 | AG42: 0 | AK42: =S42/D42 -> 0.425 | AL42: =T42/E42 -> 0.5 | AM42: =U42/F42 -> 0.41666667 | AN42: =V42/G42 -> 0 | AO42: =W42/H42 -> 0 | AS42: =AA42/L42 -> 0.08
B43: CDCI | C43: CDCI DEMI GROS EBENEZER | D43: 40 | E43: 20 | F43: 120 | G43: 7 | H43: 4 | I43: 0 | J43: 0 | K43: 0 | L43: =5*35 -> 175 | N43: 0 | S43: 19 | T43: 9 | U43: 90 | V43: 2 | W43: 0 | X43: 0 | Y43: 0 | Z43: 0 | AA43: 15 | AB43: 0 | AC43: 0 | AD43: 0 | AE43: 0 | AF43: 0 | AG43: 0 | AK43: =S43/D43 -> 0.475 | AL43: =T43/E43 -> 0.45 | AM43: =U43/F43 -> 0.75 | AN43: =V43/G43 -> 0.28571429 | AO43: =W43/H43 -> 0 | AS43: =AA43/L43 -> 0.085714286
B44: CDCI | C44: CDCI DEMI GROS TOIT ROUGE | D44: 40 | E44: 20 | F44: 120 | G44: 7 | H44: 4 | I44: 0 | J44: 0 | K44: 0 | L44: =5*35 -> 175 | N44: 0 | S44: 20 | T44: 13 | U44: 30 | V44: 0 | W44: 0 | X44: 20 | Y44: 7 | Z44: 0 | AA44: 21 | AB44: 0 | AC44: 0 | AD44: 0 | AE44: 0 | AF44: 0 | AG44: 0 | AK44: =S44/D44 -> 0.5 | AL44: =T44/E44 -> 0.65 | AM44: =U44/F44 -> 0.25 | AN44: =V44/G44 -> 0 | AO44: =W44/H44 -> 0 | AS44: =AA44/L44 -> 0.12
B45: CDCI | C45: CDCI DEMI GROS BANCO 2 | D45: 40 | E45: 20 | F45: 120 | G45: 7 | H45: 4 | I45: 0 | J45: 0 | K45: 0 | L45: =5*35 -> 175 | N45: 0 | S45: 33 | T45: 20 | U45: 40 | V45: 0 | W45: 0 | X45: 30 | Y45: 4 | Z45: 0 | AA45: 20 | AB45: 0 | AC45: 0 | AD45: 0 | AE45: 0 | AF45: 0 | AG45: 0 | AK45: =S45/D45 -> 0.825 | AL45: =T45/E45 -> 1 | AM45: =U45/F45 -> 0.33333333 | AN45: =V45/G45 -> 0 | AO45: =W45/H45 -> 0 | AS45: =AA45/L45 -> 0.11428571
B46: CDCI | C46: CDCI DEMI GROS RIVIERA 3 | D46: 40 | E46: 20 | F46: 120 | G46: 7 | H46: 4 | I46: 0 | J46: 0 | K46: 0 | L46: =5*35 -> 175 | N46: 0 | S46: 20 | T46: 15 | U46: 126 | V46: 3 | W46: 0 | X46: 0 | Y46: 0 | Z46: 0 | AA46: 0 | AB46: 0 | AC46: 0 | AD46: 0 | AE46: 0 | AF46: 0 | AG46: 0 | AK46: =S46/D46 -> 0.5 | AL46: =T46/E46 -> 0.75 | AM46: =U46/F46 -> 1.05 | AN46: =V46/G46 -> 0.42857143 | AO46: =W46/H46 -> 0 | AS46: =AA46/L46 -> 0
B47: CDCI | C47: CDCI DEMI GROS VGE | D47: 40 | E47: 20 | F47: 120 | G47: 7 | H47: 4 | I47: 0 | J47: 0 | K47: 0 | L47: =5*35 -> 175 | N47: 0 | S47: 20 | T47: 15 | U47: 48 | V47: 3 | W47: 0 | X47: 26 | Y47: 0 | Z47: 0 | AA47: 93 | AB47: 0 | AC47: 0 | AD47: 0 | AE47: 0 | AF47: 0 | AG47: 0 | AK47: =S47/D47 -> 0.5 | AL47: =T47/E47 -> 0.75 | AM47: =U47/F47 -> 0.4 | AN47: =V47/G47 -> 0.42857143 | AO47: =W47/H47 -> 0 | AS47: =AA47/L47 -> 0.53142857
B48: CDCI | C48: CDCI DEMI GROS ANGRE | D48: 40 | E48: 20 | F48: 120 | G48: 7 | H48: 4 | I48: 0 | J48: 0 | K48: 0 | L48: =5*35 -> 175 | N48: 0 | S48: 44 | T48: 34 | U48: 0 | V48: 19 | W48: 0 | X48: 0 | Y48: 0 | Z48: 0 | AA48: 30 | AB48: 0 | AC48: 0 | AD48: 0 | AE48: 0 | AF48: 0 | AG48: 0 | AK48: =S48/D48 -> 1.1 | AL48: =T48/E48 -> 1.7 | AM48: =U48/F48 -> 0 | AN48: =V48/G48 -> 2.7142857 | AO48: =W48/H48 -> 0 | AS48: =AA48/L48 -> 0.17142857
B49: CDCI | C49: CDCI DEMI GROS PALMERAIE 4 | D49: 40 | E49: 20 | F49: 120 | G49: 7 | H49: 4 | I49: 0 | J49: 0 | K49: 0 | L49: =5*35 -> 175 | N49: 0 | S49: 37 | T49: 20 | U49: 250 | V49: 6 | W49: 0 | X49: 133 | Y49: 4 | Z49: 0 | AA49: 23 | AB49: 0 | AC49: 0 | AD49: 0 | AE49: 0 | AF49: 0 | AG49: 0 | AK49: =S49/D49 -> 0.925 | AL49: =T49/E49 -> 1 | AM49: =U49/F49 -> 2.0833333 | AN49: =V49/G49 -> 0.85714286 | AO49: =W49/H49 -> 0 | AS49: =AA49/L49 -> 0.13142857
B50: CDCI | C50: CDCI DEMI GROS ADO | D50: 40 | E50: 20 | F50: 120 | G50: 7 | H50: 4 | I50: 0 | J50: 0 | K50: 0 | L50: =5*35 -> 175 | N50: 0 | S50: 39 | T50: 32 | U50: 500 | V50: 0 | W50: 0 | X50: 50 | Y50: 20 | Z50: 0 | AA50: 22 | AB50: 0 | AC50: 0 | AD50: 0 | AE50: 0 | AF50: 0 | AG50: 0 | AK50: =S50/D50 -> 0.975 | AL50: =T50/E50 -> 1.6 | AM50: =U50/F50 -> 4.1666667 | AN50: =V50/G50 -> 0 | AO50: =W50/H50 -> 0 | AS50: =AA50/L50 -> 0.12571429
B51: CDCI | C51: CDCI DEMI GROS ANONO | D51: 40 | E51: 20 | F51: 120 | G51: 7 | H51: 4 | I51: 0 | J51: 0 | K51: 0 | L51: =5*35 -> 175 | N51: 0 | S51: 30 | T51: 20 | U51: 182 | V51: 1 | W51: 0 | X51: 34 | Y51: 0 | Z51: 0 | AA51: 59 | AB51: 0 | AC51: 0 | AD51: 0 | AE51: 0 | AF51: 0 | AG51: 0 | AK51: =S51/D51 -> 0.75 | AL51: =T51/E51 -> 1 | AM51: =U51/F51 -> 1.5166667 | AN51: =V51/G51 -> 0.14285714 | AO51: =W51/H51 -> 0 | AS51: =AA51/L51 -> 0.33714286
B52: CDCI | C52: CDCI DEMI GROS 2 PLATEAUX | D52: 40 | E52: 20 | F52: 120 | G52: 7 | H52: 4 | I52: 0 | J52: 0 | K52: 0 | L52: =5*35 -> 175 | N52: 0 | S52: 39 | T52: 20 | U52: 80 | V52: 6 | W52: 0 | X52: 60 | Y52: 6 | Z52: 0 | AA52: 40 | AB52: 0 | AC52: 0 | AD52: 0 | AE52: 0 | AF52: 0 | AG52: 0 | AK52: =S52/D52 -> 0.975 | AL52: =T52/E52 -> 1 | AM52: =U52/F52 -> 0.66666667 | AN52: =V52/G52 -> 0.85714286 | AO52: =W52/H52 -> 0 | AS52: =AA52/L52 -> 0.22857143
B53: CDCI | C53: CDCI DEMI GROS PORT | D53: 40 | E53: 20 | F53: 120 | G53: 7 | H53: 4 | I53: 0 | J53: 0 | K53: 0 | L53: =5*35 -> 175 | N53: 0 | S53: 15 | T53: 1 | U53: 0 | V53: 1 | W53: 0 | X53: 1 | Y53: 0 | Z53: 0 | AA53: 10 | AB53: 0 | AC53: 0 | AD53: 0 | AE53: 0 | AF53: 0 | AG53: 0 | AK53: =S53/D53 -> 0.375 | AL53: =T53/E53 -> 0.05 | AM53: =U53/F53 -> 0 | AN53: =V53/G53 -> 0.14285714 | AO53: =W53/H53 -> 0 | AS53: =AA53/L53 -> 0.057142857
B54: CDCI | C54: CDCI DEMI GROS GONZAGUEVILLE | D54: 40 | E54: 20 | F54: 120 | G54: 7 | H54: 4 | I54: 0 | J54: 0 | K54: 0 | L54: =5*35 -> 175 | N54: 0 | S54: 30 | T54: 12 | U54: 130 | V54: 0 | W54: 0 | X54: 10 | Y54: 0 | Z54: 0 | AA54: 50 | AB54: 0 | AC54: 0 | AD54: 0 | AE54: 0 | AF54: 0 | AG54: 0 | AK54: =S54/D54 -> 0.75 | AL54: =T54/E54 -> 0.6 | AM54: =U54/F54 -> 1.0833333 | AN54: =V54/G54 -> 0 | AO54: =W54/H54 -> 0 | AS54: =AA54/L54 -> 0.28571429
A55: 2 | B55: TOTAL | D55: 40 | E55: 20 | F55: 120 | G55: 7 | H55: 4 | I55: =SUM(I5:I54) -> 0 | J55: =SUM(J5:J54) -> 0 | K55: =SUM(K5:K54) -> 0 | L55: =SUM(L5:L54) -> 8750 | M55: =SUM(M5:M54) -> 0 | N55: =SUM(N5:N54) -> 0 | O55: =SUM(O5:O54) -> 0 | P55: =SUM(P5:P54) -> 0 | ... AG55: =SUM(AG5:AG54) -> 0 | AH55: =SUM(AH5:AH34) -> 0 | AI55: =SUM(AI5:AI34) -> 0 | AK55: =S55/D55 -> 36.8 | AL55: =T55/E55 -> 46.4 | AM55: =U55/F55 -> 47.05 | AN55: =V55/G55 -> 16.857143 | AO55: =W55/H55 -> 0 | AS55: =AA55/L55 -> 0.19142857
D56: 40 | E56: 20 | F56: 120 | G56: 7 | H56: 4
B57: TOTAL EN CARTONS | D57: 40 | E57: 20 | F57: 120 | G57: 7 | H57: 4 | I57: =I55/100 -> 0 | J57: =J55/10 -> 0 | K57: =K55/60 -> 0 | L57: =L55/120 -> 72.916667 | M57: =M55/100 -> 0 | N57: =N55/60 -> 0 | O57: =O55 -> 0 | P57: =P55 -> 0 | Q57: =Q55 -> 0 | R57: =R55 -> 0 | S57: =S55 -> 1472 | T57: =T55 -> 928 | U57: =U55/120 -> 47.05 | V57: =V55/6 -> 19.666667 | W57: =W55/10 -> 0 | X57: =X55/100 -> 18.24 | Y57: =Y55/20 -> 7.9 | Z57: =Z55/60 -> 0 | AA57: =AA55/120 -> 13.958333 | AB57: =AB55/100 -> 0 | AC57: =AC55/60 -> 0 | AD57: =AD55 -> 0 | AE57: =AE55 -> 0 | AF57: =AF55 -> 0 | AG57: =AG55 -> 0 | AM57: =AM55/120 -> 0.39208333 | AN57: =AN55/6 -> 2.8095238 | AO57: =AO55/20 -> 0 | AP57: =AP55/100 -> 0 | AR57: =AR55/20 -> 0 | AS57: =AS55/120 -> 0.0015952381 | AU57: =AU55/100 -> 0 | AV57: =AV55/100 -> 0 | AW57: =AW55/100 -> 0 | AX57: =AX55/100 -> 0 | AY57: =AY55/100 -> 0
D58: 40 | E58: 20 | F58: 120 | G58: 7 | H58: 4
D59: 40 | E59: 20 | F59: 120 | G59: 7 | H59: 4
D60: 40 | E60: 20 | F60: 120 | G60: 7 | H60: 4
D61: 40 | E61: 20 | F61: 120 | G61: 7 | H61: 4
D62: 40 | E62: 20 | F62: 120 | G62: 7 | H62: 4
D63: 40 | E63: 20 | F63: 120 | G63: 7 | H63: 4
D64: 40 | E64: 20 | F64: 120 | G64: 7 | H64: 4
D65: 40 | E65: 20 | F65: 120 | G65: 7 | H65: 4
D66: 40 | E66: 20 | F66: 120 | G66: 7 | H66: 4
D67: 40 | E67: 20 | F67: 120 | G67: 7 | H67: 4
D68: 40 | E68: 20 | F68: 120 | G68: 7 | H68: 4
D69: 40 | E69: 20 | F69: 120 | G69: 7 | H69: 4
... D73: 40 | E73: 20 | F73: 120 | G73: 7 | H73: 4

Sheet JOUR 7
B2: Date | C2: 46115 | D2: OBJECTIFS | S2: REALISATIONS | AK2: TAUX DE REALISATION
B3: Enseigne | C3: Nom du PDV en promotion | D3: Contacts | E3: =T3 -> Acheteurs | F3: Produits (en unités) | L3: Gratuités pour achats (en unités) | S3: Contacts | T3: Acheteurs | U3: Produits | AA3: =L3 -> Gratuités pour achats (en unités) | AD3: GOODIES | AH3: Commentaires | AI3: Impressions des PDV et des clients | AK3: Contacts | AL3: Acheteurs | AM3: Produits | AS3: =AD3 -> GOODIES | AV3: GOODIES
D4: =S4 -> Nombre de personnes ayant été contactées au rayon | E4: =T4 -> Nombre de personnes ayant acheté | F4: Biblos Lait Premium 16g | G4: Biblos Lait Premium 360g | H4: Biblos Lait Excellence | I4: Biblos Flocon d'avoine 50g | J4: Biblos Flocon d'avoine 400g | K4: Biblos 3 en 1 Café au lait | L4: Biblos Lait Premium 16g | M4: Biblos Flocon d'avoine 50g | N4: Biblos 3 en Café au Lait | O4: Goodies 1 | P4: Goodies 2 | Q4: Goodies 3 | R4: Goodie 4 | S4: Nombre de personnes ayant été contactées au rayon | T4: Nombre de personnes ayant acheté | U4: Biblos Lait Premium 16g | V4: Biblos Lait Premium 360g | W4: Biblos Lait Excellence | X4: Biblos Flocon d'avoine 50g | Y4: Biblos Flocon d'avoine 400g | Z4: Biblos 3 en 1 Café au lait | AA4: Biblos Lait Premium 16g | AB4: Biblos Flocon d'avoine 50g | AC4: Biblos 3 en 1 Café au lait | AD4: =O4 -> Goodies 1 | AE4: =P4 -> Goodies 2 | AF4: =Q4 -> Goodies 3 | AG4: =R4 -> Goodie 4 | AK4: Nombre de personnes ayant été contactées au rayon | AL4: Nombre de personnes ayant acheté | AM4: Biblos Lait Premium 16g | AN4: Biblos Lait Premium 360g | AO4: Biblos Lait Excellence | AP4: Biblos Flocon d'avoine 50g | AQ4: Biblos Flocon d'avoine 400g | AR4: Biblos 3 en 1 Café au lait | AS4: Biblos Lait Premium 16g | AT4: Biblos Flocon d'avoine 50g | AU4: Biblos 3 en 1 Café au lait | AV4: Goodies 1 | AW4: Goodies 2 | AX4: Goodies 3 | AY4: Goodies 4
B5: KING CASH | C5: KING CASH PALAIS YOP | D5: 40 | E5: 20 | F5: 120 | G5: 7 | H5: 4 | I5: 0 | J5: 0 | K5: 0 | L5: =5*35 -> 175 | N5: 0 | AK5: =S5/D5 -> 0 | AL5: =T5/E5 -> 0 | AM5: =U5/F5 -> 0 | AN5: =V5/G5 -> 0 | AO5: =W5/H5 -> 0 | AS5: =AA5/L5 -> 0
B6: KING CASH | C6: KING CASH PORT BOUET 2 | D6: 40 | E6: 20 | F6: 120 | G6: 7 | H6: 4 | I6: 0 | J6: 0 | K6: 0 | L6: =5*35 -> 175 | N6: 0 | S6: 20 | T6: 15 | U6: 60 | V6: 0 | W6: 0 | X6: 30 | Y6: 0 | Z6: 0 | AA6: 20 | AB6: 0 | AC6: 0 | AD6: 0 | AE6: 0 | AF6: 0 | AG6: 0 | AK6: =S6/D6 -> 0.5 | AL6: =T6/E6 -> 0.75 | AM6: =U6/F6 -> 0.5 | AN6: =V6/G6 -> 0 | AO6: =W6/H6 -> 0 | AS6: =AA6/L6 -> 0.11428571
B7: KING CASH | C7: KING CASH ABOBO MAIRIE | D7: 40 | E7: 20 | F7: 120 | G7: 7 | H7: 4 | I7: 0 | J7: 0 | K7: 0 | L7: =5*35 -> 175 | N7: 0 | S7: 37 | T7: 23 | U7: 108 | V7: 3 | W7: 0 | X7: 70 | Y7: 0 | Z7: 0 | AA7: 17 | AB7: 0 | AC7: 0 | AD7: 0 | AE7: 0 | AF7: 0 | AG7: 0 | AK7: =S7/D7 -> 0.925 | AL7: =T7/E7 -> 1.15 | AM7: =U7/F7 -> 0.9 | AN7: =V7/G7 -> 0.42857143 | AO7: =W7/H7 -> 0 | AS7: =AA7/L7 -> 0.097142857
B8: KING CASH | C8: KING CASH SIPOREX | D8: 40 | E8: 20 | F8: 120 | G8: 7 | H8: 4 | I8: 0 | J8: 0 | K8: 0 | L8: =5*35 -> 175 | N8: 0 | S8: 21 | T8: 15 | U8: 90 | V8: 3 | W8: 0 | X8: 0 | Y8: 10 | Z8: 0 | AA8: 44 | AB8: 0 | AC8: 0 | AD8: 0 | AE8: 0 | AF8: 0 | AG8: 0 | AK8: =S8/D8 -> 0.525 | AL8: =T8/E8 -> 0.75 | AM8: =U8/F8 -> 0.75 | AN8: =V8/G8 -> 0.42857143 | AO8: =W8/H8 -> 0 | AS8: =AA8/L8 -> 0.25142857
B9: KING CASH | C9: KING CASH PRINCES. | D9: 40 | E9: 20 | F9: 120 | G9: 7 | H9: 4 | I9: 0 | J9: 0 | K9: 0 | L9: =5*35 -> 175 | N9: 0 | S9: 45 | T9: 35 | U9: 310 | V9: 7 | W9: 0 | X9: 100 | Y9: 0 | Z9: 0 | AA9: 230 | AB9: 0 | AC9: 0 | AD9: 0 | AE9: 0 | AF9: 0 | AG9: 0 | AK9: =S9/D9 -> 1.125 | AL9: =T9/E9 -> 1.75 | AM9: =U9/F9 -> 2.5833333 | AN9: =V9/G9 -> 1 | AO9: =W9/H9 -> 0 | AS9: =AA9/L9 -> 1.3142857
B10: KING CASH | C10: KING CASH WAKOUBOUE | D10: 40 | E10: 20 | F10: 120 | G10: 7 | H10: 4 | I10: 0 | J10: 0 | K10: 0 | L10: =5*35 -> 175 | N10: 0 | S10: 25 | T10: 17 | U10: 135 | V10: 4 | W10: 0 | X10: 15 | Y10: 6 | Z10: 0 | AA10: 48 | AB10: 0 | AC10: 0 | AD10: 0 | AE10: 0 | AF10: 0 | AG10: 0 | AK10: =S10/D10 -> 0.625 | AL10: =T10/E10 -> 0.85 | AM10: =U10/F10 -> 1.125 | AN10: =V10/G10 -> 0.57142857 | AO10: =W10/H10 -> 0 | AS10: =AA10/L10 -> 0.27428571
B11: KING CASH | C11: KING CASH ABOBO KAZA | D11: 40 | E11: 20 | F11: 120 | G11: 7 | H11: 4 | I11: 0 | J11: 0 | K11: 0 | L11: =5*35 -> 175 | N11: 0 | S11: 26 | T11: 19 | U11: 60 | V11: 20 | W11: 0 | X11: 0 | Y11: 0 | Z11: 0 | AA11: 10 | AB11: 0 | AC11: 0 | AD11: 0 | AE11: 0 | AF11: 0 | AG11: 0 | AK11: =S11/D11 -> 0.65 | AL11: =T11/E11 -> 0.95 | AM11: =U11/F11 -> 0.5 | AN11: =V11/G11 -> 2.8571429 | AO11: =W11/H11 -> 0 | AS11: =AA11/L11 -> 0.057142857
B12: KING CASH | C12: KING CASH KENEYA | D12: 40 | E12: 20 | F12: 120 | G12: 7 | H12: 4 | I12: 0 | J12: 0 | K12: 0 | L12: =5*35 -> 175 | N12: 0 | S12: 30 | T12: 25 | U12: 100 | V12: 0 | W12: 0 | X12: 30 | Y12: 0 | Z12: 0 | AA12: 22 | AB12: 0 | AC12: 0 | AD12: 0 | AE12: 0 | AF12: 0 | AG12: 0 | AK12: =S12/D12 -> 0.75 | AL12: =T12/E12 -> 1.25 | AM12: =U12/F12 -> 0.83333333 | AN12: =V12/G12 -> 0 | AO12: =W12/H12 -> 0 | AS12: =AA12/L12 -> 0.12571429
B13: KING CASH | C13: KING CASH ABOBO PALAIS 2 | D13: 40 | E13: 20 | F13: 120 | G13: 7 | H13: 4 | I13: 0 | J13: 0 | K13: 0 | L13: =5*35 -> 175 | N13: 0 | S13: 50 | T13: 30 | U13: 100 | V13: 2 | W13: 0 | X13: 70 | Y13: 20 | Z13: 0 | AA13: 65 | AB13: 0 | AC13: 0 | AD13: 0 | AE13: 0 | AF13: 0 | AG13: 0 | AK13: =S13/D13 -> 1.25 | AL13: =T13/E13 -> 1.5 | AM13: =U13/F13 -> 0.83333333 | AN13: =V13/G13 -> 0.28571429 | AO13: =W13/H13 -> 0 | AS13: =AA13/L13 -> 0.37142857
B14: KING CASH | C14: KING CASH DABOU | D14: 40 | E14: 20 | F14: 120 | G14: 7 | H14: 4 | I14: 0 | J14: 0 | K14: 0 | L14: =5*35 -> 175 | N14: 0 | S14: 26 | T14: 16 | U14: 20 | V14: 2 | W14: 0 | X14: 100 | Y14: 0 | Z14: 0 | AA14: 0 | AB14: 0 | AC14: 0 | AD14: 0 | AE14: 0 | AF14: 0 | AG14: 0 | AK14: =S14/D14 -> 0.65 | AL14: =T14/E14 -> 0.8 | AM14: =U14/F14 -> 0.16666667 | AN14: =V14/G14 -> 0.28571429 | AO14: =W14/H14 -> 0 | AS14: =AA14/L14 -> 0
B15: KING CASH | C15: KING CASH 07 DECEMBRE | D15: 40 | E15: 20 | F15: 120 | G15: 7 | H15: 4 | I15: 0 | J15: 0 | K15: 0 | L15: =5*35 -> 175 | N15: 0 | S15: 15 | T15: 9 | U15: 14 | V15: 2 | W15: 0 | X15: 0 | Y15: 0 | Z15: 0 | AA15: 23 | AB15: 0 | AC15: 0 | AD15: 0 | AE15: 0 | AF15: 0 | AG15: 0 | AK15: =S15/D15 -> 0.375 | AL15: =T15/E15 -> 0.45 | AM15: =U15/F15 -> 0.11666667 | AN15: =V15/G15 -> 0.28571429 | AO15: =W15/H15 -> 0 | AS15: =AA15/L15 -> 0.13142857
B16: KING CASH | C16: KING CASH REMBLAIS | D16: 40 | E16: 20 | F16: 120 | G16: 7 | H16: 4 | I16: 0 | J16: 0 | K16: 0 | L16: =5*35 -> 175 | N16: 0 | S16: 34 | T16: 22 | U16: 250 | V16: 8 | W16: 0 | X16: 30 | Y16: 0 | Z16: 0 | AA16: 50 | AB16: 0 | AC16: 0 | AD16: 0 | AE16: 0 | AF16: 0 | AG16: 0 | AK16: =S16/D16 -> 0.85 | AL16: =T16/E16 -> 1.1 | AM16: =U16/F16 -> 2.0833333 | AN16: =V16/G16 -> 1.1428571 | AO16: =W16/H16 -> 0 | AS16: =AA16/L16 -> 0.28571429
B17: KING CASH | C17: KING CASH WILLIAMSVILLE | D17: 40 | E17: 20 | F17: 120 | G17: 7 | H17: 4 | I17: 0 | J17: 0 | K17: 0 | L17: =5*35 -> 175 | N17: 0 | S17: 39 | T17: 17 | U17: 20 | V17: 4 | W17: 0 | X17: 2 | Y17: 5 | Z17: 0 | AA17: 15 | AB17: 0 | AC17: 0 | AD17: 0 | AE17: 0 | AF17: 0 | AG17: 0 | AK17: =S17/D17 -> 0.975 | AL17: =T17/E17 -> 0.85 | AM17: =U17/F17 -> 0.16666667 | AN17: =V17/G17 -> 0.57142857 | AO17: =W17/H17 -> 0 | AS17: =AA17/L17 -> 0.085714286
... B21: KING CASH | C21: KING CASH CAFEIERS | D21: 40 | E21: 20 | F21: 120 | G21: 7 | H21: 4 | I21: 0 | J21: 0 | K21: 0 | L21: =5*35 -> 175 | N21: 0 | S21: 20 | T21: 5 | U21: 40 | V21: 1 | W21: 0 | X21: 30 | Y21: 8 | Z21: 0 | AA21: 45 | AB21: 0 | AC21: 0 | AD21: 0 | AE21: 0 | AF21: 0 | AG21: 0 | AK21: =S21/D21 -> 0.5 | AL21: =T21/E21 -> 0.25 | AM21: =U21/F21 -> 0.33333333 | AN21: =V21/G21 -> 0.14285714 | AO21: =W21/H21 -> 0 | AS21: =AA21/L21 -> 0.25714286
B22: KING CASH | C22: KING CASH BLVD CAMEROUN | D22: 40 | E22: 20 | F22: 120 | G22: 7 | H22: 4 | I22: 0 | J22: 0 | K22: 0 | L22: =5*35 -> 175 | N22: 0 | AK22: =S22/D22 -> 0 | AL22: =T22/E22 -> 0 | AM22: =U22/F22 -> 0 | AN22: =V22/G22 -> 0 | AO22: =W22/H22 -> 0 | AS22: =AA22/L22 -> 0
B23: KING CASH | C23: KING CASH BINGERVILLE | D23: 40 | E23: 20 | F23: 120 | G23: 7 | H23: 4 | I23: 0 | J23: 0 | K23: 0 | L23: =5*35 -> 175 | N23: 0 | S23: 50 | T23: 27 | U23: 20 | V23: 3 | W23: 0 | X23: 20 | Y23: 5 | Z23: 0 | AA23: 17 | AB23: 0 | AC23: 0 | AD23: 0 | AE23: 0 | AF23: 0 | AG23: 0 | AK23: =S23/D23 -> 1.25 | AL23: =T23/E23 -> 1.35 | AM23: =U23/F23 -> 0.16666667 | AN23: =V23/G23 -> 0.42857143 | AO23: =W23/H23 -> 0 | AS23: =AA23/L23 -> 0.097142857
B24: KING CASH | C24: ING CASH JULES VERNE | D24: 40 | E24: 20 | F24: 120 | G24: 7 | H24: 4 | I24: 0 | J24: 0 | K24: 0 | L24: =5*35 -> 175 | N24: 0 | S24: 40 | T24: 25 | U24: 121 | V24: 1 | W24: 0 | X24: 30 | Y24: 3 | Z24: 0 | AA24: 56 | AB24: 0 | AC24: 0 | AD24: 0 | AE24: 0 | AF24: 0 | AG24: 0 | AK24: =S24/D24 -> 1 | AL24: =T24/E24 -> 1.25 | AM24: =U24/F24 -> 1.0083333 | AN24: =V24/G24 -> 0.14285714 | AO24: =W24/H24 -> 0 | AS24: =AA24/L24 -> 0.32
B25: KING CASH | C25: ING CASH BASSAM | D25: 40 | E25: 20 | F25: 120 | G25: 7 | H25: 4 | I25: 0 | J25: 0 | K25: 0 | L25: =5*35 -> 175 | N25: 0 | S25: 35 | T25: 22 | U25: 80 | V25: 3 | W25: 0 | X25: 70 | Y25: 4 | Z25: 0 | AA25: 40 | AB25: 0 | AC25: 0 | AD25: 0 | AE25: 0 | AF25: 0 | AG25: 0 | AK25: =S25/D25 -> 0.875 | AL25: =T25/E25 -> 1.1 | AM25: =U25/F25 -> 0.66666667 | AN25: =V25/G25 -> 0.42857143 | AO25: =W25/H25 -> 0 | AS25: =AA25/L25 -> 0.22857143
B26: KING CASH | C26: KING CASH KOUMASSI 05 | D26: 40 | E26: 20 | F26: 120 | G26: 7 | H26: 4 | I26: 0 | J26: 0 | K26: 0 | L26: =5*35 -> 175 | N26: 0 | S26: 35 | T26: 28 | U26: 67 | V26: 2 | W26: 0 | X26: 46 | Y26: 3 | Z26: 0 | AA26: 68 | AB26: 0 | AC26: 0 | AD26: 0 | AE26: 0 | AF26: 0 | AG26: 0 | AK26: =S26/D26 -> 0.875 | AL26: =T26/E26 -> 1.4 | AM26: =U26/F26 -> 0.55833333 | AN26: =V26/G26 -> 0.28571429 | AO26: =W26/H26 -> 0 | AS26: =AA26/L26 -> 0.38857143
B27: KING CASH | C27: KING CASH PORT BOUET | D27: 40 | E27: 20 | F27: 120 | G27: 7 | H27: 4 | I27: 0 | J27: 0 | K27: 0 | L27: =5*35 -> 175 | N27: 0 | S27: 50 | T27: 34 | U27: 210 | V27: 6 | W27: 0 | X27: 140 | Y27: 23 | Z27: 0 | AA27: 65 | AB27: 0 | AC27: 0 | AD27: 0 | AE27: 0 | AF27: 0 | AG27: 0 | AK27: =S27/D27 -> 1.25 | AL27: =T27/E27 -> 1.7 | AM27: =U27/F27 -> 1.75 | AN27: =V27/G27 -> 0.85714286 | AO27: =W27/H27 -> 0 | AS27: =AA27/L27 -> 0.37142857
B28: KING CASH | C28: KING CASH AVENUE 16 | D28: 40 | E28: 20 | F28: 120 | G28: 7 | H28: 4 | I28: 0 | J28: 0 | K28: 0 | L28: =5*35 -> 175 | N28: 0 | S28: 30 | T28: 20 | U28: 0 | V28: 0 | W28: 0 | X28: 150 | Y28: 0 | Z28: 0 | AA28: 10 | AB28: 0 | AC28: 0 | AD28: 0 | AE28: 0 | AF28: 0 | AG28: 0 | AK28: =S28/D28 -> 0.75 | AL28: =T28/E28 -> 1 | AM28: =U28/F28 -> 0 | AN28: =V28/G28 -> 0 | AO28: =W28/H28 -> 0 | AS28: =AA28/L28 -> 0.057142857
B29: KING CASH | C29: IKING CASH ANOUMANBO | D29: 40 | E29: 20 | F29: 120 | G29: 7 | H29: 4 | I29: 0 | J29: 0 | K29: 0 | L29: =5*35 -> 175 | N29: 0 | S29: 40 | T29: 25 | U29: 360 | V29: 0 | W29: 0 | X29: 160 | Y29: 20 | Z29: 0 | AA29: 100 | AB29: 0 | AC29: 0 | AD29: 0 | AE29: 0 | AF29: 0 | AG29: 0 | AK29: =S29/D29 -> 1 | AL29: =T29/E29 -> 1.25 | AM29: =U29/F29 -> 3 | AN29: =V29/G29 -> 0 | AO29: =W29/H29 -> 0 | AS29: =AA29/L29 -> 0.57142857
B30: KING CASH | C30: KING CASH MARA | D30: 40 | E30: 20 | F30: 120 | G30: 7 | H30: 4 | I30: 0 | J30: 0 | K30: 0 | L30: =5*35 -> 175 | N30: 0 | AK30: =S30/D30 -> 0 | AL30: =T30/E30 -> 0 | AM30: =U30/F30 -> 0 | AN30: =V30/G30 -> 0 | AO30: =W30/H30 -> 0 | AS30: =AA30/L30 -> 0
B31: KING CASH | C31: KING CASH BONOUA, | D31: 40 | E31: 20 | F31: 120 | G31: 7 | H31: 4 | I31: 0 | J31: 0 | K31: 0 | L31: =5*35 -> 175 | N31: 0 | S31: 22 | T31: 16 | U31: 110 | V31: 1 | W31: 0 | X31: 90 | Y31: 1 | Z31: 0 | AA31: 77 | AB31: 0 | AC31: 0 | AD31: 0 | AE31: 0 | AF31: 0 | AG31: 0 | AK31: =S31/D31 -> 0.55 | AL31: =T31/E31 -> 0.8 | AM31: =U31/F31 -> 0.91666667 | AN31: =V31/G31 -> 0.14285714 | AO31: =W31/H31 -> 0 | AS31: =AA31/L31 -> 0.44
B32: KING CASH | C32: KING CASH ADIAKE | D32: 40 | E32: 20 | F32: 120 | G32: 7 | H32: 4 | I32: 0 | J32: 0 | K32: 0 | L32: =5*35 -> 175 | N32: 0 | S32: 33 | T32: 20 | U32: 100 | V32: 2 | W32: 0 | X32: 50 | Y32: 20 | Z32: 0 | AA32: 30 | AB32: 0 | AC32: 0 | AD32: 0 | AE32: 0 | AF32: 0 | AG32: 0 | AK32: =S32/D32 -> 0.825 | AL32: =T32/E32 -> 1 | AM32: =U32/F32 -> 0.83333333 | AN32: =V32/G32 -> 0.28571429 | AO32: =W32/H32 -> 0 | AS32: =AA32/L32 -> 0.17142857
B33: KING CASH | C33: KING CASH BLVD GABON | D33: 40 | E33: 20 | F33: 120 | G33: 7 | H33: 4 | I33: 0 | J33: 0 | K33: 0 | L33: =5*35 -> 175 | N33: 0 | S33: 30 | T33: 19 | U33: 20 | V33: 0 | W33: 0 | X33: 0 | Y33: 0 | Z33: 0 | AA33: 50 | AB33: 0 | AC33: 0 | AD33: 0 | AE33: 0 | AF33: 0 | AG33: 0 | AK33: =S33/D33 -> 0.75 | AL33: =T33/E33 -> 0.95 | AM33: =U33/F33 -> 0.16666667 | AN33: =V33/G33 -> 0 | AO33: =W33/H33 -> 0 | AS33: =AA33/L33 -> 0.28571429
B34: CDCI | C34: CDCI DEMI GROS SAMAKE | D34: 40 | E34: 20 | F34: 120 | G34: 7 | H34: 4 | I34: 0 | J34: 0 | K34: 0 | L34: =5*35 -> 175 | N34: 0 | S34: 30 | T34: 20 | U34: 100 | V34: 1 | W34: 0 | X34: 10 | Y34: 0 | Z34: 0 | AA34: 19 | AB34: 0 | AC34: 0 | AD34: 0 | AE34: 0 | AF34: 0 | AG34: 0 | AK34: =S34/D34 -> 0.75 | AL34: =T34/E34 -> 1 | AM34: =U34/F34 -> 0.83333333 | AN34: =V34/G34 -> 0.14285714 | AO34: =W34/H34 -> 0 | AS34: =AA34/L34 -> 0.10857143
B35: CDCI | C35: CDCI DEMI GROS KOUTE | D35: 40 | E35: 20 | F35: 120 | G35: 7 | H35: 4 | I35: 0 | J35: 0 | K35: 0 | L35: =5*35 -> 175 | N35: 0 | S35: 10 | T35: 5 | U35: 40 | V35: 2 | W35: 0 | X35: 0 | Y35: 0 | Z35: 0 | AA35: 12 | AB35: 0 | AC35: 0 | AD35: 0 | AE35: 0 | AF35: 0 | AG35: 0 | AK35: =S35/D35 -> 0.25 | AL35: =T35/E35 -> 0.25 | AM35: =U35/F35 -> 0.33333333 | AN35: =V35/G35 -> 0.28571429 | AO35: =W35/H35 -> 0 | AS35: =AA35/L35 -> 0.068571429
B36: CDCI | C36: CDCI DEMI GROS NIANGON | D36: 40 | E36: 20 | F36: 120 | G36: 7 | H36: 4 | I36: 0 | J36: 0 | K36: 0 | L36: =5*35 -> 175 | N36: 0 | S36: 40 | T36: 15 | U36: 101 | V36: 0 | W36: 0 | X36: 73 | Y36: 0 | Z36: 0 | AA36: 58 | AB36: 0 | AC36: 0 | AD36: 0 | AE36: 0 | AF36: 0 | AG36: 0 | AK36: =S36/D36 -> 1 | AL36: =T36/E36 -> 0.75 | AM36: =U36/F36 -> 0.84166667 | AN36: =V36/G36 -> 0 | AO36: =W36/H36 -> 0 | AS36: =AA36/L36 -> 0.33142857
B37: CDCI | C37: CDCI DEMI GROS ABOBO BAOULE | D37: 40 | E37: 20 | F37: 120 | G37: 7 | H37: 4 | I37: 0 | J37: 0 | K37: 0 | L37: =5*35 -> 175 | N37: 0 | S37: 22 | T37: 5 | U37: 70 | V37: 3 | W37: 0 | X37: 10 | Y37: 2 | Z37: 0 | AA37: 18 | AB37: 0 | AC37: 0 | AD37: 0 | AE37: 0 | AF37: 0 | AG37: 0 | AK37: =S37/D37 -> 0.55 | AL37: =T37/E37 -> 0.25 | AM37: =U37/F37 -> 0.58333333 | AN37: =V37/G37 -> 0.42857143 | AO37: =W37/H37 -> 0 | AS37: =AA37/L37 -> 0.10285714
B38: CDCI | C38: CDCI DEMI GROS AKEIKOr | D38: 40 | E38: 20 | F38: 120 | G38: 7 | H38: 4 | I38: 0 | J38: 0 | K38: 0 | L38: =5*35 -> 175 | N38: 0 | S38: 32 | T38: 24 | U38: 80 | V38: 4 | W38: 0 | X38: 0 | Y38: 34 | Z38: 0 | AA38: 56 | AB38: 0 | AC38: 0 | AD38: 0 | AE38: 0 | AF38: 0 | AG38: 0 | AK38: =S38/D38 -> 0.8 | AL38: =T38/E38 -> 1.2 | AM38: =U38/F38 -> 0.66666667 | AN38: =V38/G38 -> 0.57142857 | AO38: =W38/H38 -> 0 | AS38: =AA38/L38 -> 0.32
B39: CDCI | C39: CDCI DEMI GROS 4 ETAGES | D39: 40 | E39: 20 | F39: 120 | G39: 7 | H39: 4 | I39: 0 | J39: 0 | K39: 0 | L39: =5*35 -> 175 | N39: 0 | S39: 40 | T39: 25 | U39: 95 | V39: 5 | W39: 0 | X39: 120 | Y39: 8 | Z39: 0 | AA39: 20 | AB39: 0 | AC39: 0 | AD39: 0 | AE39: 0 | AF39: 0 | AG39: 0 | AK39: =S39/D39 -> 1 | AL39: =T39/E39 -> 1.25 | AM39: =U39/F39 -> 0.79166667 | AN39: =V39/G39 -> 0.71428571 | AO39: =W39/H39 -> 0 | AS39: =AA39/L39 -> 0.11428571
B40: CDCI | C40: CDCI DEMI GROS PK 18 | D40: 40 | E40: 20 | F40: 120 | G40: 7 | H40: 4 | I40: 0 | J40: 0 | K40: 0 | L40: =5*35 -> 175 | N40: 0 | S40: 30 | T40: 20 | U40: 35 | V40: 2 | W40: 0 | X40: 20 | Y40: 40 | Z40: 0 | AA40: 20 | AB40: 0 | AC40: 0 | AD40: 0 | AE40: 0 | AF40: 0 | AG40: 0 | AK40: =S40/D40 -> 0.75 | AL40: =T40/E40 -> 1 | AM40: =U40/F40 -> 0.29166667 | AN40: =V40/G40 -> 0.28571429 | AO40: =W40/H40 -> 0 | AS40: =AA40/L40 -> 0.11428571
B41: CDCI | C41: CDCI DEMI GROS ANYAMA | D41: 40 | E41: 20 | F41: 120 | G41: 7 | H41: 4 | I41: 0 | J41: 0 | K41: 0 | L41: =5*35 -> 175 | N41: 0 | S41: 57 | T41: 31 | U41: 103 | V41: 5 | W41: 0 | X41: 28 | Y41: 8 | Z41: 0 | AA41: 46 | AB41: 0 | AC41: 0 | AD41: 0 | AE41: 0 | AF41: 0 | AG41: 0 | AK41: =S41/D41 -> 1.425 | AL41: =T41/E41 -> 1.55 | AM41: =U41/F41 -> 0.85833333 | AN41: =V41/G41 -> 0.71428571 | AO41: =W41/H41 -> 0 | AS41: =AA41/L41 -> 0.26285714
B42: CDCI | C42: CDCI DEMI GROS ANANERAIE | D42: 40 | E42: 20 | F42: 120 | G42: 7 | H42: 4 | I42: 0 | J42: 0 | K42: 0 | L42: =5*35 -> 175 | N42: 0 | S42: 20 | T42: 16 | U42: 64 | V42: 4 | W42: 0 | X42: 30 | Y42: 0 | Z42: 0 | AA42: 25 | AB42: 0 | AC42: 0 | AD42: 0 | AE42: 0 | AF42: 0 | AG42: 0 | AK42: =S42/D42 -> 0.5 | AL42: =T42/E42 -> 0.8 | AM42: =U42/F42 -> 0.53333333 | AN42: =V42/G42 -> 0.57142857 | AO42: =W42/H42 -> 0 | AS42: =AA42/L42 -> 0.14285714
... B54: CDCI | C54: CDCI DEMI GROS GONZAGUEVILLE | D54: 40 | E54: 20 | F54: 120 | G54: 7 | H54: 4 | I54: 0 | J54: 0 | K54: 0 | L54: =5*35 -> 175 | N54: 0 | S54: 24 | T54: 7 | U54: 70 | V54: 0 | W54: 0 | X54: 0 | Y54: 0 | Z54: 0 | AA54: 40 | AB54: 0 | AC54: 0 | AD54: 0 | AE54: 0 | AF54: 0 | AG54: 0 | AK54: =S54/D54 -> 0.6 | AL54: =T54/E54 -> 0.35 | AM54: =U54/F54 -> 0.58333333 | AN54: =V54/G54 -> 0 | AO54: =W54/H54 -> 0 | AS54: =AA54/L54 -> 0.22857143
A55: 2 | B55: TOTAL | D55: =SUM(D5:D54) -> 2000 | E55: =SUM(E5:E54) -> 1000 | F55: =SUM(F5:F54) -> 6000 | G55: =SUM(G5:G54) -> 350 | H55: =SUM(H5:H54) -> 200 | I55: =SUM(I5:I54) -> 0 | J55: =SUM(J5:J54) -> 0 | K55: =SUM(K5:K54) -> 0 | ... AG55: =SUM(AG5:AG54) -> 0 | AH55: =SUM(AH5:AH34) -> 0 | AI55: =SUM(AI5:AI34) -> 0 | AK55: =S55/D55 -> 0.7205 | AL55: =T55/E55 -> 0.881 | AM55: =U55/F55 -> 0.7545 | AN55: =V55/G55 -> 0.39142857 | AO55: =W55/H55 -> 0 | AS55: =AA55/L55 -> 0.21074286
B57: TOTAL EN CARTONS | D57: =D55 -> 2000 | E57: =E55 -> 1000 | F57: =F55/120 -> 50 | G57: =G55/6 -> 58.333333 | H57: =H55/10 -> 20 | I57: =I55/100 -> 0 | J57: =J55/10 -> 0 | K57: =K55/60 -> 0 | L57: =L55/120 -> 72.916667 | M57: =M55/100 -> 0 | N57: =N55/60 -> 0 | O57: =O55 -> 0 | P57: =P55 -> 0 | Q57: =Q55 -> 0 | R57: =R55 -> 0 | S57: =S55 -> 1441 | T57: =T55 -> 881 | U57: =U55/120 -> 37.725 | V57: =V55/6 -> 22.833333 | W57: =W55/10 -> 0 | X57: =X55/100 -> 20.04 | Y57: =Y55/20 -> 14.6 | Z57: =Z55/60 -> 0 | AA57: =AA55/120 -> 15.366667 | AB57: =AB55/100 -> 0 | AC57: =AC55/60 -> 0 | AD57: =AD55 -> 0 | AE57: =AE55 -> 0 | AF57: =AF55 -> 0 | AG57: =AG55 -> 0 | AM57: =AM55/120 -> 0.0062875 | AN57: =AN55/6 -> 0.065238095 | AO57: =AO55/20 -> 0 | AP57: =AP55/100 -> 0 | AR57: =AR55/20 -> 0 | AS57: =AS55/120 -> 0.0017561905 | AU57: =AU55/100 -> 0 | AV57: =AV55/100 -> 0 | AW57: =AW55/100 -> 0 | AX57: =AX55/100 -> 0 | AY57: =AY55/100 -> 0

Sheet JOUR 8
B2: Date | C2: 46116 | D2: OBJECTIFS | S2: REALISATIONS | AK2: TAUX DE REALISATION
B3: Enseigne | C3: Nom du PDV en promotion | D3: Contacts | E3: =T3 -> Acheteurs | F3: Produits (en unités) | L3: Gratuités pour achats (en unités) | S3: Contacts | T3: Acheteurs | U3: Produits | AA3: =L3 -> Gratuités pour achats (en unités) | AD3: GOODIES | AH3: Commentaires | AI3: Impressions des PDV et des clients | AK3: Contacts | AL3: Acheteurs | AM3: Produits | AS3: =AD3 -> GOODIES | AV3: GOODIES
